split,folder,file,source_class
train,train,biodegradable1001_jpg.rf.7903fa84ae12e27e6ee0149bdeeb1876.jpg,BIODEGRADABLE
train,train,biodegradable1006_jpg.rf.1e938a1480217657aa692ef6a51b2c87.jpg,BIODEGRADABLE
train,train,biodegradable1008_jpg.rf.d839d828fb6be98d35ac1096b24b30b8.jpg,BIODEGRADABLE
train,train,biodegradable1009_jpg.rf.3ae45eb8ccf7ea128a237626c31f0796.jpg,BIODEGRADABLE
train,train,biodegradable100_jpg.rf.008c0c1a99807867a3000b910d84a942.jpg,BIODEGRADABLE
train,train,biodegradable1010_jpg.rf.c6e778e85c2b6e1e86556ab9e15fbea9.jpg,BIODEGRADABLE
train,train,biodegradable1011_jpg.rf.3eb91b8ef2114ab37d7e157e88ce8862.jpg,BIODEGRADABLE
train,train,biodegradable1013_jpg.rf.87491e7228c8ff169e03d2a7b791d621.jpg,BIODEGRADABLE
train,valid,biodegradable1014_jpg.rf.6c7191185080662606b4a93b0d38ad7b.jpg,BIODEGRADABLE
train,train,biodegradable1015_jpg.rf.74f721a0ce9759027139c22566d38dc9.jpg,BIODEGRADABLE
train,train,biodegradable1016_jpg.rf.793ff3156cbc063c139e2bb36479033c.jpg,BIODEGRADABLE
train,train,biodegradable1017_jpg.rf.84a4578cc96f33cf2a4bfdf728453f97.jpg,BIODEGRADABLE
train,train,biodegradable101_jpg.rf.79f2736dc23054eb13ab77650428b4a5.jpg,BIODEGRADABLE
train,valid,biodegradable1020_jpg.rf.ae69eadc714124b08e26002722c0fe25.jpg,BIODEGRADABLE
train,valid,biodegradable1021_jpg.rf.edce77a139a17d3ffd827d56eb01603f.jpg,BIODEGRADABLE
train,valid,biodegradable1022_jpg.rf.ecb5a5bf2a9166ebdc5bacd46c80a8f1.jpg,BIODEGRADABLE
train,valid,biodegradable1025_jpg.rf.adc89d2cf417c4ad5b35087e01c6b7b1.jpg,BIODEGRADABLE
train,valid,biodegradable1027_jpg.rf.222d69e66b078b0988be66c23a22e16d.jpg,BIODEGRADABLE
train,valid,biodegradable1029_jpg.rf.31c9562e5e3e8110c3d797dd027a68cd.jpg,BIODEGRADABLE
train,train,biodegradable102_jpg.rf.19547ab3b02d1a46046956c541b6242d.jpg,BIODEGRADABLE
train,train,biodegradable1030_jpg.rf.78c782c4ec0b999752b2db645052860d.jpg,BIODEGRADABLE
train,train,biodegradable1031_jpg.rf.bb6ca34f547600f0daa578c620332a40.jpg,BIODEGRADABLE
train,train,biodegradable1032_jpg.rf.20cf4cdb3840722d8ce5250fbcccd43e.jpg,BIODEGRADABLE
train,train,biodegradable1033_jpg.rf.c784d869198ac8a56c1e1d951ddcf459.jpg,BIODEGRADABLE
train,train,biodegradable1034_jpg.rf.d5b37a90727a7e27e2af21ba9a5c3b66.jpg,BIODEGRADABLE
train,train,biodegradable1035_jpeg.rf.3469892f151578a9e1792db6da58e1a0.jpg,BIODEGRADABLE
train,train,biodegradable1037_jpg.rf.5278b45257e5393df443b2d06bfe46d5.jpg,BIODEGRADABLE
train,valid,biodegradable103_jpg.rf.205b69086d4f478015ea2829112d8f0b.jpg,BIODEGRADABLE
train,train,biodegradable1040_jpg.rf.1b7c34f6b7accd2918692ba19d77ba46.jpg,BIODEGRADABLE
train,train,biodegradable1041_jpg.rf.8738aeb984a083476844f2bbed7be1f1.jpg,BIODEGRADABLE
train,train,biodegradable1042_jpg.rf.3376510dafac5208f5fdbe73aa644823.jpg,BIODEGRADABLE
train,train,biodegradable1045_jpg.rf.1078eeb19e3e33918012134c80c8a115.jpg,BIODEGRADABLE
train,train,biodegradable1047_jpg.rf.8bfa7ed15e0b3d7588443168d4a97144.jpg,BIODEGRADABLE
train,valid,biodegradable1049_jpg.rf.624a77d25fb297c5361fc8cd307e32a6.jpg,BIODEGRADABLE
train,train,biodegradable104_jpg.rf.5bf2654572640ec237243cebfd54727c.jpg,BIODEGRADABLE
train,valid,biodegradable1052_jpg.rf.8f7ed287f4f4a3635432c315bfcfe077.jpg,BIODEGRADABLE
train,valid,biodegradable1053_jpg.rf.f46c5eeb90e1b0de536be37d8b6fc423.jpg,BIODEGRADABLE
train,train,biodegradable1055_jpg.rf.776c6232ca670f1b6dbd96048aaa61bc.jpg,BIODEGRADABLE
train,valid,biodegradable1056_jpg.rf.e70c40424f4dfc1704e148ebfe45f69c.jpg,BIODEGRADABLE
train,valid,biodegradable1057_jpg.rf.69bb779217016f3cd56fbb635a2d310f.jpg,BIODEGRADABLE
train,train,biodegradable1058_jpg.rf.b2d2462bc3f05ed939365f597905438b.jpg,BIODEGRADABLE
train,valid,biodegradable1059_jpg.rf.81358363bd8e72a03860bb9b89bd1235.jpg,BIODEGRADABLE
train,train,biodegradable105_jpg.rf.9a53714f6fa3ef589f31ec52a8a880ae.jpg,BIODEGRADABLE
train,valid,biodegradable1061_jpg.rf.12661de0aaf19319dfdba6914471ab7c.jpg,BIODEGRADABLE
train,valid,biodegradable1062_jpg.rf.90433204a3979548bc53d9a10b4d2b26.jpg,BIODEGRADABLE
train,valid,biodegradable1063_jpg.rf.19ea50b77d6d7a4da0939e338299868c.jpg,BIODEGRADABLE
train,valid,biodegradable1064_jpg.rf.995f497902b7570b677d43af6eb6e7e7.jpg,BIODEGRADABLE
train,train,biodegradable1065_jpg.rf.fb3349a8f6d78181e6ce2c34d96e87b2.jpg,BIODEGRADABLE
train,valid,biodegradable1066_jpg.rf.1c50c2cafc629f32ff9a183aa7072776.jpg,BIODEGRADABLE
train,train,biodegradable1067_jpg.rf.1c341f4577a602460ae0315e24c73f63.jpg,BIODEGRADABLE
train,train,biodegradable1068_jpg.rf.8436ad595dc22aa141326c252056d3e4.jpg,BIODEGRADABLE
train,valid,biodegradable106_jpg.rf.ff5790492022f5835d30dee94b53c3f8.jpg,BIODEGRADABLE
train,valid,biodegradable1070_jpg.rf.ca2eb39f83066295190187e4fdda1248.jpg,BIODEGRADABLE
train,train,biodegradable1073_jpg.rf.d2c1a908f81027c6a5e8b5dd01322173.jpg,BIODEGRADABLE
train,train,biodegradable1076_jpg.rf.d9d6040c5469a0ccde14f0b896e803e0.jpg,BIODEGRADABLE
train,valid,biodegradable1078_jpg.rf.d95507cc01b0093227c24d65feb242bc.jpg,BIODEGRADABLE
train,train,biodegradable1079_jpg.rf.83e3eff49510543de3549d41f5f04ab2.jpg,BIODEGRADABLE
train,train,biodegradable107_jpg.rf.6ff52b42f673b404f2ef979cb8acd85e.jpg,BIODEGRADABLE
train,valid,biodegradable1080_jpg.rf.dbf60eaaadb90c930446a219ac3f2f4a.jpg,BIODEGRADABLE
train,train,biodegradable1081_jpg.rf.d022e6b95601ed7e201b6c34489bd5cd.jpg,BIODEGRADABLE
train,valid,biodegradable1083_jpg.rf.c71b21b2b299283b441b6bbad6ebdbf3.jpg,BIODEGRADABLE
train,valid,biodegradable1084_jpg.rf.8a4224af6bd92e23de71359045325ae4.jpg,BIODEGRADABLE
train,train,biodegradable1087_jpg.rf.9161d4627bf7927f36d9ffcfd120a63a.jpg,BIODEGRADABLE
train,train,biodegradable1088_jpg.rf.b6260aa3c93d4b21b1dd07f2f9bb1ae5.jpg,BIODEGRADABLE
train,train,biodegradable1089_jpg.rf.49ce75ca5b60002f1cccecd2bea329ba.jpg,BIODEGRADABLE
train,train,biodegradable108_jpg.rf.e310e7aed7d0b71afc2e02760c3c0ad3.jpg,BIODEGRADABLE
train,valid,biodegradable1090_jpg.rf.e129338897e71c781f733ca8afb3f1a0.jpg,BIODEGRADABLE
train,train,biodegradable1091_jpg.rf.41c304dbd581419fadf059c7e36da9f6.jpg,BIODEGRADABLE
train,train,biodegradable1092_jpg.rf.611a63f281f7b1485e286584dca4c8b4.jpg,BIODEGRADABLE
train,train,biodegradable1096_jpg.rf.99691971753e7c590e1cc81ea9a01b58.jpg,BIODEGRADABLE
train,train,biodegradable1098_jpg.rf.19380234f4be52a878b8c4781ac2df3e.jpg,BIODEGRADABLE
train,train,biodegradable1100_jpg.rf.0d66e52f6eb8be92e65fb300239b1cb4.jpg,BIODEGRADABLE
train,train,biodegradable1101_jpg.rf.af7708cfa03ebb947052a38f25cc79b5.jpg,BIODEGRADABLE
train,valid,biodegradable1102_jpg.rf.0747bf226b1751022187132113002008.jpg,BIODEGRADABLE
train,train,biodegradable1103_jpg.rf.c344c95ec397fc86242db219bae9888f.jpg,BIODEGRADABLE
train,train,biodegradable1104_jpg.rf.1a1f97eaf606ae2a158dd4945af89ba8.jpg,BIODEGRADABLE
train,train,biodegradable1107_jpg.rf.ddf25c685769a2a6c0000f579f65c4ea.jpg,BIODEGRADABLE
train,train,biodegradable1108_jpg.rf.11be9bbfe197285085448bd1f4e35a93.jpg,BIODEGRADABLE
train,valid,biodegradable110_jpg.rf.4af56e71b21c5beea4ea8409f79456b4.jpg,BIODEGRADABLE
train,valid,biodegradable1113_jpg.rf.4ef691cf585394a1d5fcf18c528ac04c.jpg,BIODEGRADABLE
train,train,biodegradable1114_jpg.rf.d12fcc4b69fee5d68df6349921f486e3.jpg,BIODEGRADABLE
train,valid,biodegradable1115_jpg.rf.be3420196b7c7ed57e09585b812113a1.jpg,BIODEGRADABLE
train,train,biodegradable1117_jpg.rf.1d2a1ddc6c68925ed2c392d3a57cc89d.jpg,BIODEGRADABLE
train,train,biodegradable1119_jpg.rf.66f035891b2f2989e49ece729b5a01f9.jpg,BIODEGRADABLE
train,train,biodegradable111_jpg.rf.86f10341cdfd6b4b2fe6c583ea2dbf64.jpg,BIODEGRADABLE
train,train,biodegradable1120_jpg.rf.56a74834fff4b6ad48585d6fa31c9b7a.jpg,BIODEGRADABLE
train,train,biodegradable1121_jpg.rf.bd18f9243442c739ecdc0ffbb070f8fa.jpg,BIODEGRADABLE
train,train,biodegradable1122_jpg.rf.c1b770d9f3af283dccadcedf8238c2b4.jpg,BIODEGRADABLE
train,train,biodegradable1123_jpg.rf.c9f3f4f62c2f225057cd8d68b1539e55.jpg,BIODEGRADABLE
train,train,biodegradable1124_jpg.rf.36ca1e2332f1aabfc833242d61498e56.jpg,BIODEGRADABLE
train,train,biodegradable1125_jpg.rf.6c47eea4ab2ac4def8115766df900e68.jpg,BIODEGRADABLE
train,valid,biodegradable1127_jpg.rf.90f2e5e7e546351e02ddfb7546417da4.jpg,BIODEGRADABLE
train,valid,biodegradable1130_jpg.rf.bdbb0fef6f7946495177a0f019ab42c7.jpg,BIODEGRADABLE
train,valid,biodegradable1131_jpg.rf.d70aa7e59ff7c9f567748bc550f73cfe.jpg,BIODEGRADABLE
train,valid,biodegradable1132_jpg.rf.08916447aa4eb5b415b44729aa1cc005.jpg,BIODEGRADABLE
train,train,biodegradable1133_jpg.rf.defb2124d4d09bacd6e734f5ba18c8bd.jpg,BIODEGRADABLE
train,valid,biodegradable1135_jpg.rf.5c0add85c59d25d75673971af58dde99.jpg,BIODEGRADABLE
train,train,biodegradable1138_jpg.rf.9be197d1f69752775ec8048c589aa59c.jpg,BIODEGRADABLE
train,train,biodegradable113_jpg.rf.30bec56126860bb8f0b9f95cfa3736ad.jpg,BIODEGRADABLE
train,train,biodegradable1140_jpg.rf.4f28ae9f6ec0c92f40b2186ce6846361.jpg,BIODEGRADABLE
train,valid,biodegradable1141_jpg.rf.bce62691cc21f6d01021017d61cdc7a1.jpg,BIODEGRADABLE
train,train,biodegradable1142_jpg.rf.cf91306be62c5f8099650f80f2ccb7ed.jpg,BIODEGRADABLE
train,train,biodegradable1144_jpg.rf.4dd1ba11f3d2b1d8106f36b8445ba142.jpg,BIODEGRADABLE
train,valid,biodegradable1145_jpg.rf.b9e1cd4bc10c262d5314e200e0589b13.jpg,BIODEGRADABLE
train,train,biodegradable1146_jpg.rf.d38d761945bd4251bed65b6b773af6de.jpg,BIODEGRADABLE
train,train,biodegradable1147_jpg.rf.c0ad540f0a19165217eb72a157fca41a.jpg,BIODEGRADABLE
train,valid,biodegradable1148_jpg.rf.fdca8726efd77807552048b195e467d2.jpg,BIODEGRADABLE
train,train,biodegradable1149_jpg.rf.91cce30a0c2d93256b69b7c8198d3021.jpg,BIODEGRADABLE
train,train,biodegradable1150_jpg.rf.862f4e05590a09e55435c31cd3e80c9e.jpg,BIODEGRADABLE
train,train,biodegradable1151_jpg.rf.11957214d30925c508c3ac67323e627a.jpg,BIODEGRADABLE
train,valid,biodegradable1152_jpg.rf.eb0df827f9fca293ea3fa4558848c4d4.jpg,BIODEGRADABLE
train,valid,biodegradable1153_jpg.rf.110fd524aebdffcd3e74c595c2728495.jpg,BIODEGRADABLE
train,train,biodegradable1154_jpg.rf.009221c82841599cb9e5928bbcc4c3cf.jpg,BIODEGRADABLE
train,valid,biodegradable1155_jpg.rf.84a32177a3169d758ffbbcdf4973b19c.jpg,BIODEGRADABLE
train,train,biodegradable1157_jpg.rf.4a25f954ae709014610ab002f1f52cbe.jpg,BIODEGRADABLE
train,valid,biodegradable1158_jpg.rf.51ea04cb341890de6d191aa52908d256.jpg,BIODEGRADABLE
train,valid,biodegradable1159_jpg.rf.45bfa335bbae7d959fb37c2e5dc01710.jpg,BIODEGRADABLE
train,valid,biodegradable115_jpg.rf.6c23b81a0da79544152f559e480d22cd.jpg,BIODEGRADABLE
train,train,biodegradable1160_jpg.rf.08820721dc3f2866d956eec45af5b735.jpg,BIODEGRADABLE
train,valid,biodegradable1162_jpg.rf.2d7d60534de9715f0392dcc63e6e4d24.jpg,BIODEGRADABLE
train,train,biodegradable1163_jpg.rf.a683c7f81c6537c557192d6d7b7a30ae.jpg,BIODEGRADABLE
train,train,biodegradable1165_jpg.rf.5df85ffebc97122ea3fbbb4adb2f82eb.jpg,BIODEGRADABLE
train,valid,biodegradable1166_jpg.rf.aacd1aa44ca8689f510eb636bc220b51.jpg,BIODEGRADABLE
train,train,biodegradable1167_jpg.rf.cbfd559e079b3620514c2d92755d60e4.jpg,BIODEGRADABLE
train,train,biodegradable1168_jpg.rf.0158888be8afb4b744a3cb793c108edb.jpg,BIODEGRADABLE
train,train,biodegradable1169_jpg.rf.9ccf4e2b4b07fd9657f984463018dda1.jpg,BIODEGRADABLE
train,valid,biodegradable1171_jpg.rf.ada37c0b509caafa5e4b3d59710436ad.jpg,BIODEGRADABLE
train,valid,biodegradable1174_jpg.rf.6c0b9e572c80c7afa0b3ecaf16486c11.jpg,BIODEGRADABLE
train,train,biodegradable1175_jpg.rf.4abbe5fffd9f91767239cb2fa12d16a2.jpg,BIODEGRADABLE
train,train,biodegradable1177_jpg.rf.d37e2770f3f1b58341f14bb47d735146.jpg,BIODEGRADABLE
train,valid,biodegradable1178_jpg.rf.a5e95f547319674e38eff4ef976f6968.jpg,BIODEGRADABLE
train,train,biodegradable1179_jpg.rf.d89c78376457bfd18b9b9bf82362a153.jpg,BIODEGRADABLE
train,train,biodegradable117_jpg.rf.271abbea2a732f8447c2f52e33befa8c.jpg,BIODEGRADABLE
train,train,biodegradable1181_jpg.rf.9af8471a876990442b7f6fd939152202.jpg,BIODEGRADABLE
train,train,biodegradable1182_jpg.rf.90d2a254d5cddcb73f35a1bd54f9e911.jpg,BIODEGRADABLE
train,valid,biodegradable1183_jpg.rf.431d36791a8e437f6e8cb8478242d549.jpg,BIODEGRADABLE
train,train,biodegradable1184_jpg.rf.9d4a9b2c7b76ed09a57a4fc71358207e.jpg,BIODEGRADABLE
train,train,biodegradable1185_jpg.rf.b4365596a6d9b8ab33c353023e5c0bc4.jpg,BIODEGRADABLE
train,train,biodegradable1186_jpg.rf.b53b500a8a4f0814552287027dfc203b.jpg,BIODEGRADABLE
train,train,biodegradable1187_jpg.rf.17b36a7e4a50b9b06808a41d9085655f.jpg,BIODEGRADABLE
train,valid,biodegradable1188_jpg.rf.13534d7f409168051f40e806f44f472d.jpg,BIODEGRADABLE
train,train,biodegradable1189_jpg.rf.08db5ed28300714041885645e2f66bc6.jpg,BIODEGRADABLE
train,train,biodegradable1190_jpg.rf.92ecb9e30e195f0573fd7884f50b09f3.jpg,BIODEGRADABLE
train,train,biodegradable1192_jpg.rf.ce2b18cbb8753c6cacdd9a56149d8972.jpg,BIODEGRADABLE
train,train,biodegradable1193_jpg.rf.5ef8da94c01889778c787e4e4a150666.jpg,BIODEGRADABLE
train,train,biodegradable1194_jpg.rf.04c920781701ea24842c27b93aadef01.jpg,BIODEGRADABLE
train,train,biodegradable1196_jpg.rf.1ce86a090152ddcd002127c49b63e728.jpg,BIODEGRADABLE
train,train,biodegradable1197_jpg.rf.086801450a6c6e3fc88d759766a04f62.jpg,BIODEGRADABLE
train,valid,biodegradable1198_jpg.rf.059cb70c6898b05e8a9903e938238ddc.jpg,BIODEGRADABLE
train,train,biodegradable1199_jpg.rf.4c48e47b351ebd1420dba800c132de3f.jpg,BIODEGRADABLE
train,train,biodegradable119_jpg.rf.2440f0d59fc4ab26c414815ba5caef28.jpg,BIODEGRADABLE
train,valid,biodegradable11_jpg.rf.fb9bf61c175d19dce6c6a161134098f3.jpg,BIODEGRADABLE
train,train,biodegradable1201_jpg.rf.039870970293aab6e81bbd7e7b3f4949.jpg,BIODEGRADABLE
train,valid,biodegradable1203_jpg.rf.64503d2e91cdb8187ad8701291e5d916.jpg,BIODEGRADABLE
train,train,biodegradable1204_jpg.rf.c6672e8af3f8f35f968004a44ecd8274.jpg,BIODEGRADABLE
train,train,biodegradable1205_jpg.rf.8f2b10fc22ba3f09a6e06a7fab72d829.jpg,BIODEGRADABLE
train,train,biodegradable1206_jpg.rf.d870448a41e3fcfa971dde5e16f7bbfb.jpg,BIODEGRADABLE
train,train,biodegradable1207_jpg.rf.4a33c5d5a33660c72bfc2cf2140ca882.jpg,BIODEGRADABLE
train,valid,biodegradable1209_jpg.rf.dd212b670a7c86c4adbf70f889dedb6d.jpg,BIODEGRADABLE
train,train,biodegradable120_jpg.rf.144748ad4e339f2ab60814f816acbeb3.jpg,BIODEGRADABLE
train,train,biodegradable1210_jpg.rf.1345dece925ab7ad3fa964eba6d09254.jpg,BIODEGRADABLE
train,valid,biodegradable1212_jpg.rf.093bc52dcc3d86b92c98f57851cf2a17.jpg,BIODEGRADABLE
train,valid,biodegradable1213_jpg.rf.9d930def4d5dce58ead1e90438b27551.jpg,BIODEGRADABLE
train,valid,biodegradable1215_jpg.rf.0a3382d560aca281c221a384c16df456.jpg,BIODEGRADABLE
train,train,biodegradable1216_jpg.rf.6f584e581736a32dcf38c8e78305d3ac.jpg,BIODEGRADABLE
train,train,biodegradable1217_jpg.rf.45c71e9d5d77e02f26faff9fdfbda683.jpg,BIODEGRADABLE
train,train,biodegradable1218_jpg.rf.e5501bdf0cd23eb0909ad83a30a637bd.jpg,BIODEGRADABLE
train,train,biodegradable121_jpg.rf.18d466d1a7b3fa7c756adc4da88e9248.jpg,BIODEGRADABLE
train,train,biodegradable1220_jpg.rf.9ed04fc3c4f17005a033104f6f2ef38f.jpg,BIODEGRADABLE
train,valid,biodegradable1223_jpg.rf.f6cd9472d6fa22615cd3872391749a6e.jpg,BIODEGRADABLE
train,train,biodegradable1226_jpg.rf.55230f0fd75804ffca224e5a55fee67f.jpg,BIODEGRADABLE
train,train,biodegradable1227_jpg.rf.bb6e2f4e08d76a14504ed0179f22c0b8.jpg,BIODEGRADABLE
train,valid,biodegradable1228_jpg.rf.6c257acb2fa83f52487b20e6173bd3d6.jpg,BIODEGRADABLE
train,train,biodegradable1229_jpg.rf.3fd65b69cedb51a5d0e9ce25a26edddf.jpg,BIODEGRADABLE
train,train,biodegradable122_jpg.rf.2694c06de5b17a00bbcac700965940d1.jpg,BIODEGRADABLE
train,valid,biodegradable1232_jpg.rf.1163ba92a2f6594f76623cde4b311b9f.jpg,BIODEGRADABLE
train,train,biodegradable1233_jpg.rf.16020684434938484f31bddd6d7a47e1.jpg,BIODEGRADABLE
train,train,biodegradable1239_jpg.rf.d6ecca41701c41f2f16e196f2cc1c458.jpg,BIODEGRADABLE
train,train,biodegradable123_jpg.rf.41ff5006de0d8889bde3751fba24fb72.jpg,BIODEGRADABLE
train,train,biodegradable1240_jpg.rf.82612fec6d82879618c1ee66abac5d44.jpg,BIODEGRADABLE
train,valid,biodegradable1241_jpg.rf.090d56671db8b20b171ccbbfdc96dac4.jpg,BIODEGRADABLE
train,train,biodegradable1243_jpg.rf.a27c0467eba2c98af211ec0426b887ca.jpg,BIODEGRADABLE
train,train,biodegradable1244_jpg.rf.aab01da0f3499c2a3f4767f26e136768.jpg,BIODEGRADABLE
train,train,biodegradable1245_jpg.rf.85d17c8e459fd785141d715d8d118d2e.jpg,BIODEGRADABLE
train,train,biodegradable1247_jpg.rf.7706fee0c5d7b48c47b2f6dd6e7e9ee2.jpg,BIODEGRADABLE
train,valid,biodegradable1248_jpg.rf.d9bf7ccde3bf772537c694cd0dbc5d3b.jpg,BIODEGRADABLE
train,train,biodegradable1249_jpg.rf.0bb1c3f3eda6025bd12ff089f88f544b.jpg,BIODEGRADABLE
train,train,biodegradable1251_jpg.rf.dd0397669eab3a8bd416dc88dbbeea60.jpg,BIODEGRADABLE
train,train,biodegradable1252_jpg.rf.e6ecccd211b8b057029a78c889557a37.jpg,BIODEGRADABLE
train,train,biodegradable1253_jpg.rf.16a67be3e26fdea07bd7239ee9487522.jpg,BIODEGRADABLE
train,train,biodegradable1254_jpg.rf.81579a3769045ef7d024fbae6af35c4f.jpg,BIODEGRADABLE
train,valid,biodegradable1255_jpg.rf.cc54c837384f1e4be5a84eef7b743c58.jpg,BIODEGRADABLE
train,train,biodegradable1256_jpg.rf.e48efe0f50d23af21af015978e123879.jpg,BIODEGRADABLE
train,train,biodegradable1258_jpg.rf.36df538cc7ef2e9b4bfc6ed48beb6b72.jpg,BIODEGRADABLE
train,valid,biodegradable1259_jpg.rf.dbaa24c13c564994b28ea796ab08217d.jpg,BIODEGRADABLE
train,valid,biodegradable125_jpg.rf.02786b0e5a483c085d3d160716adb187.jpg,BIODEGRADABLE
train,valid,biodegradable1261_jpg.rf.22e3f73a74fc8121d14041449980c5a2.jpg,BIODEGRADABLE
train,valid,biodegradable1262_jpg.rf.27c13679087349a96110f8a8e7ea7f8d.jpg,BIODEGRADABLE
train,train,biodegradable1266_jpg.rf.a6817a2b9312b601730310fe09a6bb9f.jpg,BIODEGRADABLE
train,train,biodegradable1267_jpg.rf.e00e3a63105bd10d6bc60c23d8364f11.jpg,BIODEGRADABLE
train,train,biodegradable1268_jpg.rf.c21f508a11b0ea24377d098790a004dd.jpg,BIODEGRADABLE
train,train,biodegradable126_jpg.rf.e779475fca740d0670c592f13c3b9550.jpg,BIODEGRADABLE
train,train,biodegradable1270_jpg.rf.fbc9d15028d04dcb20db0c63008c0bc8.jpg,BIODEGRADABLE
train,train,biodegradable1271_jpg.rf.5f9a5ce6e318255b34f7ce312ed90d51.jpg,BIODEGRADABLE
train,valid,biodegradable1272_jpg.rf.d8cda45bb7130158679ac41e69438a07.jpg,BIODEGRADABLE
train,valid,biodegradable1274_jpg.rf.848b2a4f6b54c195bd3cd851da1a02dc.jpg,BIODEGRADABLE
train,train,biodegradable1276_jpg.rf.dce19c58ff5b12837ae9ffae6851c46e.jpg,BIODEGRADABLE
train,train,biodegradable1278_jpg.rf.94da0e52e888c9ca61bfb62bbf492887.jpg,BIODEGRADABLE
train,train,biodegradable1279_jpg.rf.d03441e990c885e6af93ecc5182cc353.jpg,BIODEGRADABLE
train,valid,biodegradable1280_jpg.rf.1a4beccdd1f41ffe687993480beb1713.jpg,BIODEGRADABLE
train,valid,biodegradable1281_jpg.rf.5d5dcbe7e323037875ccbd345c15ae21.jpg,BIODEGRADABLE
train,train,biodegradable1282_jpg.rf.3d3a61784e0e4bf6463c93039c2738a9.jpg,BIODEGRADABLE
train,train,biodegradable1285_jpg.rf.1d25e98ddd3300a652f9b8c462e205a0.jpg,BIODEGRADABLE
train,train,biodegradable1287_jpg.rf.fb2896c7b62e480d36ebb46254e7af84.jpg,BIODEGRADABLE
train,train,biodegradable1289_jpg.rf.ba63b30d14a602b036d4d688de1f0082.jpg,BIODEGRADABLE
train,train,biodegradable128_jpg.rf.8d9fcd9ddabfda33e849a7af1736b452.jpg,BIODEGRADABLE
train,valid,biodegradable1290_jpg.rf.2ae90015ae8452ffd1ebcd08c65ba380.jpg,BIODEGRADABLE
train,train,biodegradable1295_jpg.rf.47e1ebb399f1ac3524bfe6983902ef38.jpg,BIODEGRADABLE
train,train,biodegradable1297_jpg.rf.d3cadc7e60bf94ba58710a7aab981430.jpg,BIODEGRADABLE
train,valid,biodegradable1298_jpg.rf.2e96b8c9377807c5ae80962b4954cc7b.jpg,BIODEGRADABLE
train,train,biodegradable1299_jpg.rf.9ae7cdb7362cf606a2e8649d76555177.jpg,BIODEGRADABLE
train,train,biodegradable12_jpg.rf.50d3f48bdf28ddd15f912f6e9a7e81d1.jpg,BIODEGRADABLE
train,train,biodegradable1300_jpg.rf.9fa7929fba834874d00ea39ac5b87dc4.jpg,BIODEGRADABLE
train,valid,biodegradable1301_jpg.rf.3d5701f614da0916eb8a4579bab0b652.jpg,BIODEGRADABLE
train,valid,biodegradable1302_jpg.rf.4fa6b96ff76a1f9c262b55332b2a82e3.jpg,BIODEGRADABLE
train,train,biodegradable1304_jpg.rf.e22fa84cc4aa2f26819cf68a1a9ded63.jpg,BIODEGRADABLE
train,train,biodegradable1306_jpg.rf.023961552b04390b4821f6bf79caa6cd.jpg,BIODEGRADABLE
train,train,biodegradable1307_jpg.rf.62d02ebc73aab6e7493a8bcc41004750.jpg,BIODEGRADABLE
train,train,biodegradable1309_jpg.rf.e9f7dfc0a4ec9f7a62a9856071c76e6c.jpg,BIODEGRADABLE
train,train,biodegradable130_jpg.rf.c1a863b7018abf18c14432593a93c59c.jpg,BIODEGRADABLE
train,train,biodegradable1311_jpg.rf.78abe1d44e30d4824942ce18e9a4106b.jpg,BIODEGRADABLE
train,train,biodegradable1312_jpg.rf.546a3148f82d0c590826e818346ec71f.jpg,BIODEGRADABLE
train,valid,biodegradable1313_jpg.rf.75b86bae2a2f268785395b0b30559d4b.jpg,BIODEGRADABLE
train,train,biodegradable1315_jpg.rf.76c88b4d6e4c28382081c38b516e4d8a.jpg,BIODEGRADABLE
train,train,biodegradable1316_jpg.rf.52561206da4f16eb332a75b868f47611.jpg,BIODEGRADABLE
train,train,biodegradable1317_jpg.rf.2725dd770c304c14cfc60b3c16b73a0d.jpg,BIODEGRADABLE
train,train,biodegradable1318_jpg.rf.f8f10f04d6b17da76f4563d8e33af72e.jpg,BIODEGRADABLE
train,train,biodegradable1319_jpg.rf.b632036a5bb75669af53e751715f83e6.jpg,BIODEGRADABLE
train,valid,biodegradable131_jpg.rf.d46c5ed04f6de3615277f5189e075874.jpg,BIODEGRADABLE
train,valid,biodegradable1320_jpg.rf.c49c5d6d2fec670c6d9b4057b0b7f01d.jpg,BIODEGRADABLE
train,train,biodegradable1323_jpg.rf.314f3bd6ce07e9b5b1d5056db182bf0c.jpg,BIODEGRADABLE
train,train,biodegradable1325_jpg.rf.892ae568323b6608047c4a663a0512b3.jpg,BIODEGRADABLE
train,train,biodegradable1326_jpg.rf.49a605e7dc2d8dfa1be85f1cca05e2d3.jpg,BIODEGRADABLE
train,train,biodegradable1327_jpg.rf.c60d30d3d182dc2b46d4c305ea928569.jpg,BIODEGRADABLE
train,valid,biodegradable1328_jpg.rf.dbd3669027999f37645195ea00f94d52.jpg,BIODEGRADABLE
train,train,biodegradable1329_jpg.rf.451f6926bd2c919c5d39e8392e7ce34f.jpg,BIODEGRADABLE
train,valid,biodegradable132_jpg.rf.0d470239c72244069a1bc7538f707212.jpg,BIODEGRADABLE
train,valid,biodegradable1331_jpg.rf.2ccd57c531f60f01a5f43ca75dfbc0b4.jpg,BIODEGRADABLE
train,valid,biodegradable1332_jpg.rf.98a21b15ce28a869081071423d8e9cb0.jpg,BIODEGRADABLE
train,train,biodegradable1333_jpg.rf.17e2327862100e06b17b5b5b22bbec6e.jpg,BIODEGRADABLE
train,train,biodegradable1334_jpg.rf.484ba88f6fec10f77de1806b74cc78ae.jpg,BIODEGRADABLE
train,train,biodegradable1335_jpg.rf.84d36a668266f5dc2b41d023fe8976d9.jpg,BIODEGRADABLE
train,train,biodegradable1336_jpg.rf.40c75c10f034c4b75302d73d181dcd45.jpg,BIODEGRADABLE
train,train,biodegradable1338_jpg.rf.0dda3791571015ad39730f4601c0732a.jpg,BIODEGRADABLE
train,train,biodegradable1339_jpg.rf.7b1b5df71115b736c78828886cae4d52.jpg,BIODEGRADABLE
train,train,biodegradable133_jpg.rf.8ec2eb4de9f6ad3e07cf1b5ec847dc11.jpg,BIODEGRADABLE
train,train,biodegradable1340_jpg.rf.b40a4c262c254a9e5bd928be5b9d4d79.jpg,BIODEGRADABLE
train,train,biodegradable1342_jpg.rf.be479fc56b0ad8bedc022805f4387536.jpg,BIODEGRADABLE
train,valid,biodegradable1345_jpg.rf.a15a2157085706a76795d2cd8c890be3.jpg,BIODEGRADABLE
train,train,biodegradable1346_jpg.rf.bdad41a911cf5ae96898b185eb8919bf.jpg,BIODEGRADABLE
train,train,biodegradable1347_jpg.rf.8f09c1a5a4387c207ddd06b6f79d7bd7.jpg,BIODEGRADABLE
train,train,biodegradable1349_jpg.rf.7f4abda4d1325df927d198123d92b5a2.jpg,BIODEGRADABLE
train,train,biodegradable134_jpg.rf.1974d2d5d43546c7ff8aafc70874522b.jpg,BIODEGRADABLE
train,train,biodegradable1350_jpg.rf.74b63daebff550b2982b9852c3d0aa99.jpg,BIODEGRADABLE
train,train,biodegradable1351_jpg.rf.45fc6eeea10cfadf5d3f37559cbb2d7d.jpg,BIODEGRADABLE
train,train,biodegradable1352_jpg.rf.53dd00866f549ba8cd62a9e518a297ae.jpg,BIODEGRADABLE
train,train,biodegradable1355_jpg.rf.ec4142e55b1530ad2c07b8cd532acf85.jpg,BIODEGRADABLE
train,valid,biodegradable1356_jpg.rf.128fe1e33f19aaf6c2304125934a7c18.jpg,BIODEGRADABLE
train,train,biodegradable1358_jpg.rf.43bdb23f2bcaaabb73877ef7fa209b3d.jpg,BIODEGRADABLE
train,valid,biodegradable1359_jpg.rf.f3631c6d202222b46146730405e8f783.jpg,BIODEGRADABLE
train,train,biodegradable1361_jpg.rf.b02eff6b2b4e5bf5251cd2137461cb8e.jpg,BIODEGRADABLE
train,valid,biodegradable1362_jpg.rf.63fce71c087955bccff30755db5eebac.jpg,BIODEGRADABLE
train,train,biodegradable1363_jpg.rf.52e627961b53f2579e96e262bf3a4556.jpg,BIODEGRADABLE
train,train,biodegradable1364_jpg.rf.c59c3c1344c64d7a26069a1375a20dec.jpg,BIODEGRADABLE
train,valid,biodegradable1366_jpg.rf.1701a97d01a45be2b9b2715bf32cea4f.jpg,BIODEGRADABLE
train,train,biodegradable1367_jpg.rf.897e80646ff007a2e1d1f76ffaede9ad.jpg,BIODEGRADABLE
train,valid,biodegradable1370_jpg.rf.c949c0f55380da5047cc6f55fe674508.jpg,BIODEGRADABLE
train,train,biodegradable1371_jpg.rf.3e8778bd678c7b105ccd5484823f23a9.jpg,BIODEGRADABLE
train,train,biodegradable1372_jpg.rf.d13e976046943e5ec86c8002d26ae927.jpg,BIODEGRADABLE
train,valid,biodegradable1373_jpg.rf.c0f958b582d3052bf229f08f044418cf.jpg,BIODEGRADABLE
train,train,biodegradable1374_jpg.rf.e10dbe56191ffc779c5ec4f152287aa2.jpg,BIODEGRADABLE
train,train,biodegradable1375_jpg.rf.f103da1c224e12e4eec074da7ae76291.jpg,BIODEGRADABLE
train,train,biodegradable1376_jpg.rf.30b8c1234cf05ce7892bef0bc770cabc.jpg,BIODEGRADABLE
train,train,biodegradable1378_jpg.rf.c3984a47cb0975c0950dd28235b2cadc.jpg,BIODEGRADABLE
train,valid,biodegradable1379_jpg.rf.8294fac2188dbe18d5d7082270f0221c.jpg,BIODEGRADABLE
train,train,biodegradable1380_jpg.rf.1db325bb9a39b45fc860194733301b4c.jpg,BIODEGRADABLE
train,train,biodegradable1381_jpg.rf.2fb96301532d5abeb9591bd1b58de037.jpg,BIODEGRADABLE
train,train,biodegradable1382_jpg.rf.adb3a94f40b2971ca4664bc7e101e1f6.jpg,BIODEGRADABLE
train,valid,biodegradable1384_jpg.rf.0b9e6727cb4f9f12d68c87c31b40e5b2.jpg,BIODEGRADABLE
train,valid,biodegradable1386_jpg.rf.0c5d70c3d1166755e0c08ad8ea689b32.jpg,BIODEGRADABLE
train,train,biodegradable1387_jpg.rf.c93f6e65f3a44994006187899b18d5a4.jpg,BIODEGRADABLE
train,train,biodegradable1388_jpg.rf.9f6d1618dc8f8e091663bdd30566e3c5.jpg,BIODEGRADABLE
train,train,biodegradable1389_jpg.rf.b1aae216f9d92d5c2cf2196a3e342f40.jpg,BIODEGRADABLE
train,valid,biodegradable1391_jpg.rf.2dcca7867dc2cbcd3e04ca33d5a7e951.jpg,BIODEGRADABLE
train,train,biodegradable1394_jpg.rf.2ad3ce4342d954bbef5850bc12eb8311.jpg,BIODEGRADABLE
train,train,biodegradable1395_jpg.rf.26fe94518e4e005c05326bb05b7c3b76.jpg,BIODEGRADABLE
train,train,biodegradable1396_jpg.rf.d783dccb5e55c3f505b189475ac64be7.jpg,BIODEGRADABLE
train,train,biodegradable1398_jpg.rf.cf1b0390e09c3c7585866759b7846f46.jpg,BIODEGRADABLE
train,train,biodegradable1399_jpg.rf.46e2bdc5ca9cfbf9d3f0b3ddffee683f.jpg,BIODEGRADABLE
train,train,biodegradable139_jpg.rf.d07ca04d5cc5716a5acc72e4b34bb1f6.jpg,BIODEGRADABLE
train,valid,biodegradable13_jpg.rf.2ab39d5fe72ba07fdd90c972492a650a.jpg,BIODEGRADABLE
train,train,biodegradable1401_jpg.rf.7c253c88e898d68a08565a62a10d3ea5.jpg,BIODEGRADABLE
train,train,biodegradable1403_jpg.rf.f519be319c1fc00eafad84f49c4d10c0.jpg,BIODEGRADABLE
train,train,biodegradable1404_jpg.rf.777023621567bd2c88bc7e16fd34ca74.jpg,BIODEGRADABLE
train,train,biodegradable1407_jpg.rf.a81a6f0f2e29006921e7a8cef8c61861.jpg,BIODEGRADABLE
train,train,biodegradable1409_jpg.rf.5b0e563a15f5e324439bc3ff7a97515a.jpg,BIODEGRADABLE
train,train,biodegradable1410_jpg.rf.a0a1519440870e6a96908ff1d78a4623.jpg,BIODEGRADABLE
train,train,biodegradable1411_jpg.rf.3dae53f4aeef4704cbc1db0f7ea49e5f.jpg,BIODEGRADABLE
train,train,biodegradable1413_jpg.rf.27f7c110d8c4e893f63017f174b38922.jpg,BIODEGRADABLE
train,train,biodegradable1416_jpg.rf.479b5954a15f931039b6bca0a85052c5.jpg,BIODEGRADABLE
train,train,biodegradable1417_jpg.rf.cd55cb5d76c291ba3cac28aac3292d5d.jpg,BIODEGRADABLE
train,train,biodegradable1419_jpg.rf.d5fe1e8464c371e42c653226bed2c51b.jpg,BIODEGRADABLE
train,train,biodegradable141_jpg.rf.301766a20aea8588c3ae67f8e57df000.jpg,BIODEGRADABLE
train,valid,biodegradable1422_jpg.rf.9604ded903810845dcd369a364e2cbce.jpg,BIODEGRADABLE
train,train,biodegradable1425_jpg.rf.6a5f4075305df5bcce5653d09fbe6cf3.jpg,BIODEGRADABLE
train,train,biodegradable1426_jpg.rf.51df8f2c81c481f2d481194fece27e85.jpg,BIODEGRADABLE
train,valid,biodegradable1428_jpg.rf.811f6a707d03cc4e1d493cc569ab0bf5.jpg,BIODEGRADABLE
train,valid,biodegradable1429_jpg.rf.28cf6d53b4c7dddc1b157b80d5299e42.jpg,BIODEGRADABLE
train,train,biodegradable142_jpg.rf.d5fdae77f0335942b52874142d9c43dd.jpg,BIODEGRADABLE
train,valid,biodegradable1430_jpg.rf.71f1d8131db49e455a36161006752c8d.jpg,BIODEGRADABLE
train,train,biodegradable1431_jpg.rf.d577f5daf21d172b5b1b3ac556d64c4d.jpg,BIODEGRADABLE
train,train,biodegradable1433_jpg.rf.8fd62b8bff4853790ec405becc8d0bd5.jpg,BIODEGRADABLE
train,train,biodegradable1434_jpg.rf.d638e1a5f9dde8fa3a26edcfbdc281b8.jpg,BIODEGRADABLE
train,train,biodegradable1436_jpg.rf.f7620dfd3109004179c23674815bdb04.jpg,BIODEGRADABLE
train,valid,biodegradable1437_jpg.rf.979dcb02e30b8a44b7b03feeabccc68c.jpg,BIODEGRADABLE
train,valid,biodegradable1439_jpg.rf.4a73e15d28fe82942feaa5ce4ea576ab.jpg,BIODEGRADABLE
train,valid,biodegradable143_jpg.rf.ef1de1c7d9c5f050b26d7633e16bc1cf.jpg,BIODEGRADABLE
train,train,biodegradable1440_jpg.rf.9e990a9eaa16d1b63c9ecf19d04247dd.jpg,BIODEGRADABLE
train,valid,biodegradable1441_jpg.rf.bc2cc80c140ece777dd8dd9b98eb6a42.jpg,BIODEGRADABLE
train,valid,biodegradable1442_jpg.rf.bb15769a0e074af7fc24150b8726b768.jpg,BIODEGRADABLE
train,train,biodegradable1443_jpg.rf.362fa60a4f447fe900e949ee5c5603d0.jpg,BIODEGRADABLE
train,valid,biodegradable1444_jpg.rf.71ab6437778a97f771e477a09be57741.jpg,BIODEGRADABLE
train,train,biodegradable1446_jpg.rf.338dde558b799be460706e5caa8ce9c1.jpg,BIODEGRADABLE
train,train,biodegradable1449_jpg.rf.f65dc80188df2e251d2c776b0c8510e1.jpg,BIODEGRADABLE
train,train,biodegradable1455_jpg.rf.ec5d9a49a02e03e701e58cf215d13132.jpg,BIODEGRADABLE
train,valid,biodegradable1457_jpg.rf.bb5cc2ca3a7cd6fcdc17cc3c78818252.jpg,BIODEGRADABLE
train,train,biodegradable1458_jpg.rf.37ad7cf58459098f45465fdbf2cb4bf8.jpg,BIODEGRADABLE
train,train,biodegradable1459_jpg.rf.facc6e344d16a613a671e592f99e9c68.jpg,BIODEGRADABLE
train,train,biodegradable145_jpg.rf.5a06982df0a8b88eff55c77925c4ede1.jpg,BIODEGRADABLE
train,valid,biodegradable1461_jpg.rf.70c08699554581580fd80800978c24a5.jpg,BIODEGRADABLE
train,train,biodegradable1462_jpg.rf.0f71a3efe4f6ef2d9e9f856ed5bf7100.jpg,BIODEGRADABLE
train,train,biodegradable1463_jpg.rf.77b6c6c24f8b872918aceeb5654ea425.jpg,BIODEGRADABLE
train,train,biodegradable1464_jpg.rf.d0dc5784f614a098b08b936d57c9828b.jpg,BIODEGRADABLE
train,train,biodegradable1466_jpg.rf.3c6be79693900d5f50c52fead7ca6047.jpg,BIODEGRADABLE
train,valid,biodegradable1467_jpg.rf.a4647d220ef2b811be3bf83741cb96ed.jpg,BIODEGRADABLE
train,valid,biodegradable1469_jpg.rf.aeaed85724c4b41ecfe5a6a42cfb27da.jpg,BIODEGRADABLE
train,train,biodegradable146_jpg.rf.56837d08a15fdb42f97a45b87c8d9506.jpg,BIODEGRADABLE
train,train,biodegradable1470_jpg.rf.10c33f188d65b5ad7d46b0a056f347a6.jpg,BIODEGRADABLE
train,train,biodegradable1471_jpg.rf.c1d07b7aef200a94251cb64c3a4699e8.jpg,BIODEGRADABLE
train,valid,biodegradable1472_jpg.rf.83b20e5ebdcb4e73d53f81551767c809.jpg,BIODEGRADABLE
train,valid,biodegradable1473_jpg.rf.c1b1479501de22632772ed267fb828ae.jpg,BIODEGRADABLE
train,valid,biodegradable1476_jpg.rf.03bfa62904b20efad01b7f71f3477b5e.jpg,BIODEGRADABLE
train,train,biodegradable1477_jpg.rf.2dd7963de0331667f3d08a8a06078a25.jpg,BIODEGRADABLE
train,train,biodegradable1478_jpg.rf.da56c39849d23a3c4c0bc570c8ae1f27.jpg,BIODEGRADABLE
train,train,biodegradable1480_jpg.rf.94e658aa45c1d20bfea8cac367a05464.jpg,BIODEGRADABLE
train,valid,biodegradable1481_jpg.rf.009aa9bb8b8db116da49b4ccc73bd0e1.jpg,BIODEGRADABLE
train,train,biodegradable1482_jpg.rf.93a8665fbeb45961b98a240b85f11eb8.jpg,BIODEGRADABLE
train,train,biodegradable1484_jpg.rf.af5c3e0e4f7f78ae5e3072a0f6cf3394.jpg,BIODEGRADABLE
train,valid,biodegradable1486_jpg.rf.84e3bd5a94f22adf7904e41f278d9837.jpg,BIODEGRADABLE
train,valid,biodegradable1487_jpg.rf.bcaa8bcfd9275fe6ac20668d890fcf01.jpg,BIODEGRADABLE
train,train,biodegradable1488_jpg.rf.62c063cc6a71bab5112adb0255607a4e.jpg,BIODEGRADABLE
train,valid,biodegradable148_jpg.rf.395b1bd4e81375947cfae79407504a6b.jpg,BIODEGRADABLE
train,train,biodegradable1490_jpg.rf.4d8a04494079a559f96946a0aa9c2fbb.jpg,BIODEGRADABLE
train,train,biodegradable1491_jpg.rf.80d047948b7cf03bf04f75c64860a582.jpg,BIODEGRADABLE
train,valid,biodegradable1492_jpg.rf.58621917af8cc04d2647d45ecc5a417b.jpg,BIODEGRADABLE
train,train,biodegradable1493_jpg.rf.734391486148151f65bbcc6fa2e12c45.jpg,BIODEGRADABLE
train,train,biodegradable1495_jpg.rf.cbfb8abb58a34bf8ee1015113267c6ad.jpg,BIODEGRADABLE
train,valid,biodegradable1496_jpg.rf.5668ddeb78ed42622a9beafe732cba61.jpg,BIODEGRADABLE
train,train,biodegradable1498_jpg.rf.5e6932e302578d2b157e2ed6ac31cc30.jpg,BIODEGRADABLE
train,valid,biodegradable1499_jpg.rf.4218ec0178a59a324f622d9162c617d6.jpg,BIODEGRADABLE
train,train,biodegradable149_jpg.rf.cf8953babe9c361859648e2d11f5a7de.jpg,BIODEGRADABLE
train,train,biodegradable14_jpg.rf.3f972a64ad38a8618ea91d97ce25b6d3.jpg,BIODEGRADABLE
train,train,biodegradable1500_jpg.rf.3f558613077de0922af2b84ded169b8c.jpg,BIODEGRADABLE
train,train,biodegradable1501_jpg.rf.dcc3c99406639315b6223c270df85498.jpg,BIODEGRADABLE
train,train,biodegradable1504_jpg.rf.91233c59b5ce307bf8e5d75df6dbe361.jpg,BIODEGRADABLE
train,train,biodegradable1506_jpg.rf.51332cc16b29436e5ae16d2219461ff6.jpg,BIODEGRADABLE
train,valid,biodegradable1507_jpg.rf.e920c499591a673ccca6ea6b0254b87e.jpg,BIODEGRADABLE
train,valid,biodegradable1509_jpg.rf.229bd6dc2d7901ae0eb536d2a67561b8.jpg,BIODEGRADABLE
train,train,biodegradable150_jpg.rf.373d94662f97cf8e6b75020986d89bae.jpg,BIODEGRADABLE
train,valid,biodegradable1513_jpg.rf.e6eb0f97dce78cffeeea366baa434cf4.jpg,BIODEGRADABLE
train,valid,biodegradable1514_jpg.rf.ea164e25f6bb0c6c86106d33734f2e18.jpg,BIODEGRADABLE
train,train,biodegradable1516_jpg.rf.31bceb9bd1275d7584559539edb99ab0.jpg,BIODEGRADABLE
train,valid,biodegradable1518_jpg.rf.9baaf5aa6e6fbc75cfbe9d6e136b1742.jpg,BIODEGRADABLE
train,train,biodegradable1519_jpg.rf.93bbb933a8bbf2693992dd5c760aa126.jpg,BIODEGRADABLE
train,valid,biodegradable151_jpg.rf.ca201e2eaa433fa1ccca68a24af6ffb6.jpg,BIODEGRADABLE
train,train,biodegradable1520_jpg.rf.ec3118eb1f28df6e233d77943c1a0546.jpg,BIODEGRADABLE
train,train,biodegradable1522_jpg.rf.702600a58df79f796e5d7ce244004e2a.jpg,BIODEGRADABLE
train,train,biodegradable1524_jpg.rf.467680376bd5d9dc8cf2d9d39f9a9387.jpg,BIODEGRADABLE
train,train,biodegradable1526_jpg.rf.bc73c8bff90ea35f1dbe16867c8dcd0e.jpg,BIODEGRADABLE
train,train,biodegradable152_jpg.rf.d6093a8fa8e12c9e7f531358f8d415b3.jpg,BIODEGRADABLE
train,valid,biodegradable1531_jpg.rf.2c1e9926ec05e61df5a4e4a1f8ace8a1.jpg,BIODEGRADABLE
train,valid,biodegradable1535_jpg.rf.f93415433f74d0b32a1bf25386dcdc35.jpg,BIODEGRADABLE
train,train,biodegradable1536_jpg.rf.1e013f5504647c12ecfc420ef99fb13c.jpg,BIODEGRADABLE
train,train,biodegradable1537_jpg.rf.ab096c042ded55689480ccfe78ec8247.jpg,BIODEGRADABLE
train,train,biodegradable1538_jpg.rf.506472e6ea9f9df1588cef5f97748afd.jpg,BIODEGRADABLE
train,train,biodegradable1539_jpg.rf.63c1a8689dcda335ce08590dfe3c8f69.jpg,BIODEGRADABLE
train,train,biodegradable1540_jpg.rf.6026534c76640e0e78bed5100cc1c4f5.jpg,BIODEGRADABLE
train,train,biodegradable1541_jpg.rf.f61d47a76bf316d382a1f11104b4bc0a.jpg,BIODEGRADABLE
train,train,biodegradable1542_jpg.rf.42453737b4b5b4dcd59697fc4d4c5a86.jpg,BIODEGRADABLE
train,train,biodegradable1543_jpg.rf.0e0bfa79dc0eb3518118ca65c10bb2a6.jpg,BIODEGRADABLE
train,valid,biodegradable1544_jpg.rf.622fe1a2fe54439bded7ac48c54c795d.jpg,BIODEGRADABLE
train,valid,biodegradable1545_jpg.rf.1f69395cc7b63473158d5cafab705322.jpg,BIODEGRADABLE
train,valid,biodegradable1546_jpg.rf.00819be8e79bdc42f6b304ffe2e23843.jpg,BIODEGRADABLE
train,valid,biodegradable1549_jpg.rf.ba5584e3dd7129444697e80498707338.jpg,BIODEGRADABLE
train,valid,biodegradable1550_jpg.rf.513cfc26f56a4f7f289aff7f358abe23.jpg,BIODEGRADABLE
train,train,biodegradable1551_jpg.rf.6a5ee757b2ee252779c231678b20df18.jpg,BIODEGRADABLE
train,train,biodegradable1552_jpg.rf.2faacac146160c33a7bdfc8168a05b41.jpg,BIODEGRADABLE
train,valid,biodegradable1553_jpg.rf.3eb0240915f7ec383eae5cf7f9c44ebe.jpg,BIODEGRADABLE
train,train,biodegradable1554_jpg.rf.2627f909cc9704ce03587f41046522c2.jpg,BIODEGRADABLE
train,valid,biodegradable1556_jpg.rf.a5228f998b07e33d495c93ca534d4233.jpg,BIODEGRADABLE
train,train,biodegradable1557_jpg.rf.a1c70a02d818089b0a4978939ac06af3.jpg,BIODEGRADABLE
train,valid,biodegradable1559_jpg.rf.e380c51bfb4e0948b46542d78ecee8d9.jpg,BIODEGRADABLE
train,train,biodegradable155_jpg.rf.418ad0285383021e921b01d71ef72728.jpg,BIODEGRADABLE
train,valid,biodegradable1561_jpg.rf.b532a7ca76d5658262833eddcc14e45a.jpg,BIODEGRADABLE
train,valid,biodegradable1562_jpg.rf.a9bb401bb3f3a8a4952624609e5462a7.jpg,BIODEGRADABLE
train,train,biodegradable1563_jpg.rf.10cc217a939d36800fb02c5cc2b91cee.jpg,BIODEGRADABLE
train,train,biodegradable1564_jpg.rf.7ac90f61a4e780e7177391e4959c94a6.jpg,BIODEGRADABLE
train,train,biodegradable1565_jpg.rf.ed6070d785cd4757cae139c9970793f2.jpg,BIODEGRADABLE
train,train,biodegradable1568_jpg.rf.1dd7bf7469e2f721f6315b4a39552765.jpg,BIODEGRADABLE
train,train,biodegradable1569_jpg.rf.c2c8b27eece8b5b5e1dd6cc7fca66210.jpg,BIODEGRADABLE
train,valid,biodegradable1570_jpg.rf.dda3fd9a1a8fe9d67a8cfd673ba33087.jpg,BIODEGRADABLE
train,valid,biodegradable1572_jpg.rf.52fe325897031105907c1019a32c11dd.jpg,BIODEGRADABLE
train,train,biodegradable1574_jpg.rf.40b0f8bbc076cca94d74b7377602da1d.jpg,BIODEGRADABLE
train,train,biodegradable1576_jpg.rf.ba652d66f5ed6607c100058accd24451.jpg,BIODEGRADABLE
train,valid,biodegradable1577_jpg.rf.c5711a40947de8e93a84714d36e807d3.jpg,BIODEGRADABLE
train,valid,biodegradable1578_jpg.rf.c98d770ab80cd1e20a9d02ddffe0c30a.jpg,BIODEGRADABLE
train,valid,biodegradable1579_jpg.rf.bb730cfaa8a84a4f6e4df66099b19f8f.jpg,BIODEGRADABLE
train,train,biodegradable157_jpg.rf.d1a257b0eddcd30b6047c577d3ba7d7a.jpg,BIODEGRADABLE
train,train,biodegradable1580_jpg.rf.a356dbfddcc9dfd4452e155b75d145a7.jpg,BIODEGRADABLE
train,valid,biodegradable1581_jpg.rf.c216ab8b4ce8b23238cd97e24d637e67.jpg,BIODEGRADABLE
train,train,biodegradable1583_jpg.rf.a4eeb953077aaff55a0ead4ad2268167.jpg,BIODEGRADABLE
train,train,biodegradable1584_jpg.rf.63016c4600d662b1aac0142215fd7cc4.jpg,BIODEGRADABLE
train,train,biodegradable1585_jpg.rf.a49476155eaa2a0a74dcfc3c1ff00c0a.jpg,BIODEGRADABLE
train,valid,biodegradable1587_jpg.rf.2c91c66e458cf86526a96e37f31ae6f3.jpg,BIODEGRADABLE
train,train,biodegradable1588_jpg.rf.67ad1a19e4b7564221940ed6e5f10430.jpg,BIODEGRADABLE
train,valid,biodegradable1589_jpg.rf.bd5727de411c8a77eb9982789ed236fa.jpg,BIODEGRADABLE
train,train,biodegradable158_jpg.rf.8d1f2f54c0f0de4f33507dfdea2f03ca.jpg,BIODEGRADABLE
train,train,biodegradable1590_jpg.rf.8e5af89c063ddf13d0704d14ee108f4a.jpg,BIODEGRADABLE
train,train,biodegradable1593_jpg.rf.151ce08a3ee59dbf4a97a9b10cc438d7.jpg,BIODEGRADABLE
train,train,biodegradable1594_jpg.rf.7425a922e0119a61095c3cd02a6c6bc1.jpg,BIODEGRADABLE
train,train,biodegradable1595_jpg.rf.c55166e2d61460a09b03c5e5b1c6a0e8.jpg,BIODEGRADABLE
train,valid,biodegradable1596_jpg.rf.7991fd6470735727e142cd54b22caa2f.jpg,BIODEGRADABLE
train,train,biodegradable1598_jpg.rf.11c996ab0428c50d4eaf9bb9eb8a2435.jpg,BIODEGRADABLE
train,train,biodegradable1599_jpg.rf.f7aa55338e3c13880fa92a7659e193e8.jpg,BIODEGRADABLE
train,train,biodegradable159_jpg.rf.310f159b47b8d467d565757f51c77c33.jpg,BIODEGRADABLE
train,train,biodegradable15_jpg.rf.332a260c5eda5bbfb68755a885cd15a4.jpg,BIODEGRADABLE
train,train,biodegradable1600_jpg.rf.663a0c0053351f9856a00dcd5b919c71.jpg,BIODEGRADABLE
train,train,biodegradable1601_jpg.rf.dcf3f252f75a03b5ed9c8842fb2c6993.jpg,BIODEGRADABLE
train,train,biodegradable1603_jpg.rf.af8628a373fbba6c506ee776d55b2009.jpg,BIODEGRADABLE
train,train,biodegradable1606_jpg.rf.fa6be57022f241576958342ffb6d446b.jpg,BIODEGRADABLE
train,train,biodegradable1607_jpg.rf.1d2a97545f2b422c85a5bfaa35f5c27d.jpg,BIODEGRADABLE
train,train,biodegradable1609_jpg.rf.fd270a7924190b80f3fda60bf6847a9a.jpg,BIODEGRADABLE
train,train,biodegradable160_jpg.rf.67b087925afc08a7060a33ab4121ec29.jpg,BIODEGRADABLE
train,train,biodegradable1611_jpg.rf.e1adaffb2e0fd0bb140740ba28f8fe3b.jpg,BIODEGRADABLE
train,valid,biodegradable1612_jpg.rf.df357de8493c4838446c773eaf34b4de.jpg,BIODEGRADABLE
train,train,biodegradable1614_jpg.rf.0df02d116b3487224ca69352acc2e0bb.jpg,BIODEGRADABLE
train,train,biodegradable1616_jpg.rf.6ddfde31f06752de1bc0706c65d8dbfe.jpg,BIODEGRADABLE
train,train,biodegradable1618_jpg.rf.78c762b9feaaec78e78620bc8454a96c.jpg,BIODEGRADABLE
train,train,biodegradable1619_jpg.rf.0c3045211830e0c9e0f9551f6eea6962.jpg,BIODEGRADABLE
train,valid,biodegradable161_jpg.rf.4bdd445ef6277213e966cb26cdbb6da7.jpg,BIODEGRADABLE
train,train,biodegradable1620_jpg.rf.d7950f85a64609b246503d14913cb663.jpg,BIODEGRADABLE
train,train,biodegradable1621_jpg.rf.c1fa89a353503b9b186317148439e77a.jpg,BIODEGRADABLE
train,train,biodegradable1623_jpg.rf.1c5e2ea341ac7b3d62bba2e0b09a30d6.jpg,BIODEGRADABLE
train,valid,biodegradable1624_jpg.rf.042694166fb934902a09c8b6f4c637bf.jpg,BIODEGRADABLE
train,valid,biodegradable1625_jpg.rf.65d4d4e2147d0d41c9c227c36e0af02c.jpg,BIODEGRADABLE
train,train,biodegradable1626_jpg.rf.d55b53144e01949a79885db856957ae6.jpg,BIODEGRADABLE
train,valid,biodegradable1627_jpg.rf.72eb320f0ba7b1b8afae36e22bb75fa1.jpg,BIODEGRADABLE
train,train,biodegradable1629_jpg.rf.bfbaad7c63664b7560243f98c4eebff6.jpg,BIODEGRADABLE
train,train,biodegradable162_jpg.rf.5bdae7ff8e2d1b7490eb4dbd7de9dd65.jpg,BIODEGRADABLE
train,valid,biodegradable1630_jpg.rf.e0b9bec884d71d31659397fdb6bc5f51.jpg,BIODEGRADABLE
train,train,biodegradable1631_jpeg.rf.b5c27c65f6f9ce74746a1128d3893f62.jpg,BIODEGRADABLE
train,train,biodegradable1632_jpg.rf.cd8b22a8ba63e7395c2d92057514e2a3.jpg,BIODEGRADABLE
train,train,biodegradable1634_jpg.rf.29c82256f76ad14f5f5a5866f5d1a318.jpg,BIODEGRADABLE
train,valid,biodegradable1635_jpg.rf.4f01b10a43e0423c36adfbb54faa3238.jpg,BIODEGRADABLE
train,train,biodegradable1636_jpg.rf.e1e86920f1ef7ff515910f5bc93f276f.jpg,BIODEGRADABLE
train,valid,biodegradable1637_jpg.rf.dac7fed6d48d77e92000cc59b878e507.jpg,BIODEGRADABLE
train,train,biodegradable1638_jpg.rf.52933db44566d642af5abf487a90e3fd.jpg,BIODEGRADABLE
train,valid,biodegradable1639_jpg.rf.7c061e661c45a4e71fc5f29e82363689.jpg,BIODEGRADABLE
train,train,biodegradable163_jpg.rf.ca0df63062d4fd65f9ffbc3def15f64b.jpg,BIODEGRADABLE
train,train,biodegradable1640_jpg.rf.779be8cab53b09caa570d248e9f8da7b.jpg,BIODEGRADABLE
train,train,biodegradable1641_jpg.rf.2206698ef3b1ba48d7c422d8db9cdbbe.jpg,BIODEGRADABLE
train,valid,biodegradable1642_jpg.rf.08b98374fa9c906e674a9d7d7f94af65.jpg,BIODEGRADABLE
train,train,biodegradable1643_jpg.rf.cfa09252fdfb42b3ead53254a51104a1.jpg,BIODEGRADABLE
train,valid,biodegradable1645_jpg.rf.5b471131800a9c0e81dbe4d8571bc608.jpg,BIODEGRADABLE
train,valid,biodegradable1647_jpg.rf.85afcda9c4dfcb5df15fec1a7e02f6f0.jpg,BIODEGRADABLE
train,train,biodegradable1649_jpg.rf.b05d48d3f8aa13a0197edc5557c58cab.jpg,BIODEGRADABLE
train,train,biodegradable164_jpg.rf.1470c79a5dc2c2ea17e9543527d3ecd2.jpg,BIODEGRADABLE
train,valid,biodegradable1653_jpg.rf.d836b53231f3cf7e318b75627b762d35.jpg,BIODEGRADABLE
train,train,biodegradable1654_jpg.rf.f88daf66f04063af12c19172166a9d81.jpg,BIODEGRADABLE
train,train,biodegradable1655_jpg.rf.86faa32b70140a1a92a2c5b0d8b167e7.jpg,BIODEGRADABLE
train,train,biodegradable1656_jpg.rf.06b397270476540df57fcd576f45dbae.jpg,BIODEGRADABLE
train,train,biodegradable1658_jpg.rf.1b53939fdc003d5e467dbca02655d261.jpg,BIODEGRADABLE
train,train,biodegradable1659_jpg.rf.e0e1abdf6f662e834918502902d3e417.jpg,BIODEGRADABLE
train,train,biodegradable165_jpg.rf.2f49d887eadef242d0d11a40a154bc4a.jpg,BIODEGRADABLE
train,valid,biodegradable1660_jpg.rf.0e60ddb0cc377dc78e0a3e94c8931bae.jpg,BIODEGRADABLE
train,train,biodegradable1661_jpg.rf.17125138245253d23ca2e9242c430bf9.jpg,BIODEGRADABLE
train,train,biodegradable1663_jpg.rf.5c2485ae53ca239c51b184f99025fd38.jpg,BIODEGRADABLE
train,train,biodegradable1664_jpg.rf.6a14ab66b57ab066dca4acbfa0917422.jpg,BIODEGRADABLE
train,train,biodegradable1665_jpg.rf.ecb6e8022bb9d8aaba30f49d467ab700.jpg,BIODEGRADABLE
train,train,biodegradable1666_jpg.rf.956efd86c459cc3475d1465a7af70890.jpg,BIODEGRADABLE
train,train,biodegradable1667_jpg.rf.f4e15aaeb05dd41807179a62c91332cd.jpg,BIODEGRADABLE
train,train,biodegradable1668_jpg.rf.202373acdc91327de6e7b2c885a5ad50.jpg,BIODEGRADABLE
train,valid,biodegradable1669_jpg.rf.44bd5391b6466c637764a520cfdf32fe.jpg,BIODEGRADABLE
train,valid,biodegradable166_jpg.rf.2cd9ba9d384300243e85a11aacfa3ce2.jpg,BIODEGRADABLE
train,train,biodegradable1671_jpg.rf.1bce9e96f01351d5f6f64c3236d03187.jpg,BIODEGRADABLE
train,train,biodegradable1672_jpg.rf.883d011cc822f733794d1800ae17d053.jpg,BIODEGRADABLE
train,train,biodegradable1673_jpg.rf.0543af6b501f3c2da0a2736e31994cf6.jpg,BIODEGRADABLE
train,valid,biodegradable1674_jpg.rf.f10f5dd1aefa7053501b5079639462a1.jpg,BIODEGRADABLE
train,valid,biodegradable1677_jpg.rf.6a28ebdcf6c1f34866c6418ead1fb294.jpg,BIODEGRADABLE
train,train,biodegradable1678_jpg.rf.a48943353cedc8c4b3bc1dbe27e31294.jpg,BIODEGRADABLE
train,train,biodegradable1679_jpg.rf.94a3b60c7286dbd3c80688cd185cde01.jpg,BIODEGRADABLE
train,train,biodegradable167_jpg.rf.45a29c48a68bc23acf19ac1a66f1e607.jpg,BIODEGRADABLE
train,train,biodegradable1680_jpg.rf.dd179727d169e4304da603e8e83ed422.jpg,BIODEGRADABLE
train,train,biodegradable1681_jpg.rf.a66c7132e477da565f4b01229871de7d.jpg,BIODEGRADABLE
train,train,biodegradable1682_jpg.rf.cc331a6d6220bb0eda72fb7c705e530e.jpg,BIODEGRADABLE
train,train,biodegradable1683_jpg.rf.d9f1ed112036a0c9bcc79dc6b19e3419.jpg,BIODEGRADABLE
train,valid,biodegradable1684_jpg.rf.11a18c25bf864c204d47a9ea06f35cb4.jpg,BIODEGRADABLE
train,valid,biodegradable1685_jpg.rf.7e9477388ab4971829bc4c1823750947.jpg,BIODEGRADABLE
train,train,biodegradable1686_jpg.rf.90f90c134b11e4d007e684bf9a85533d.jpg,BIODEGRADABLE
train,train,biodegradable1687_jpg.rf.f3b21ab09e13feebfc19c9fc3bc9739f.jpg,BIODEGRADABLE
train,train,biodegradable1688_jpg.rf.99836fb48de6b829d474d28593ad61b5.jpg,BIODEGRADABLE
train,train,biodegradable1689_jpg.rf.0e328f2dd10fec3a12ac1c2f57db2a54.jpg,BIODEGRADABLE
train,train,biodegradable168_jpg.rf.6750dbe68b92c1f006c3f2de9c837af0.jpg,BIODEGRADABLE
train,train,biodegradable1690_jpg.rf.306dfaae8ce8cc7d7f02a36a2317386b.jpg,BIODEGRADABLE
train,train,biodegradable1691_jpg.rf.a4f8a37be6abd64baff5242d51b34531.jpg,BIODEGRADABLE
train,valid,biodegradable1692_jpg.rf.61c3832ecc761d078d6e8ced94192341.jpg,BIODEGRADABLE
train,train,biodegradable1693_jpg.rf.bffc5c172074098a8e863675f240efdb.jpg,BIODEGRADABLE
train,valid,biodegradable1694_jpg.rf.81a414563b61b9b5f1b1d6ade4e0d22b.jpg,BIODEGRADABLE
train,train,biodegradable1695_jpg.rf.1735c14fc56c56ef7edd297603e2eb7e.jpg,BIODEGRADABLE
train,valid,biodegradable1697_jpg.rf.6634c39c1fa6cbaf5e23c3b557bf99c9.jpg,BIODEGRADABLE
train,train,biodegradable1698_jpg.rf.fede4f2fa284ad4fc6e3cb7926a82ada.jpg,BIODEGRADABLE
train,train,biodegradable1699_jpg.rf.0da4cd4fb48c02a060971b3f03efeaaa.jpg,BIODEGRADABLE
train,valid,biodegradable169_jpg.rf.1185b9389a87066a2a4565e441ba2ed7.jpg,BIODEGRADABLE
train,train,biodegradable16_jpg.rf.917c41e6856c162dd4ef7683527c6429.jpg,BIODEGRADABLE
train,train,biodegradable1700_jpg.rf.9c22d5fa726cc5bf947e92ad74d1b99b.jpg,BIODEGRADABLE
train,train,biodegradable1701_jpg.rf.35d4b22043be99db700539cdf382a060.jpg,BIODEGRADABLE
train,train,biodegradable1702_jpg.rf.1ca68be16312138dc012a9924127ff2c.jpg,BIODEGRADABLE
train,valid,biodegradable1703_jpg.rf.e68df5d933572e60f03ce09ce3afaf40.jpg,BIODEGRADABLE
train,train,biodegradable1704_jpg.rf.3595c526e15b55ead7a195b81ca5bb87.jpg,BIODEGRADABLE
train,train,biodegradable1705_jpg.rf.a8dff34d57aa067a1eb223bbf26d764d.jpg,BIODEGRADABLE
train,train,biodegradable1706_jpg.rf.e1770191a9d6f508ff8434ded25e9c5d.jpg,BIODEGRADABLE
train,train,biodegradable1707_jpg.rf.4ff6081b1d274aee1e1dd4e6f2616120.jpg,BIODEGRADABLE
train,train,biodegradable1708_jpg.rf.93627cee1b5c71adc4092e464c3c029a.jpg,BIODEGRADABLE
train,train,biodegradable1709_jpg.rf.e78be2e28cabd4f9447db05f3ed14fdd.jpg,BIODEGRADABLE
train,train,biodegradable1710_jpg.rf.1464744980b788575641a1760d8a3f3e.jpg,BIODEGRADABLE
train,train,biodegradable1714_jpg.rf.150e3947006d62b7d73b72b504ecfbf0.jpg,BIODEGRADABLE
train,train,biodegradable1715_jpg.rf.1b6f6ae96befbac6fd25a3d036d453fc.jpg,BIODEGRADABLE
train,train,biodegradable1716_jpg.rf.77ffa6413492296ad56ddd3354344061.jpg,BIODEGRADABLE
train,train,biodegradable1717_jpg.rf.991b7c3c95a6e9c1f7194ae03c4c2a44.jpg,BIODEGRADABLE
train,valid,biodegradable1718_jpg.rf.3ee97c9fb6d946ba8916c2c55b0a1a77.jpg,BIODEGRADABLE
train,valid,biodegradable1719_jpg.rf.cce251e0effdda245202da854e7108cb.jpg,BIODEGRADABLE
train,valid,biodegradable171_jpg.rf.12c7670446c8aff27ba710bffc2ee178.jpg,BIODEGRADABLE
train,train,biodegradable1720_jpg.rf.433f3495fa21306124396c95e0fd2003.jpg,BIODEGRADABLE
train,train,biodegradable1724_jpg.rf.23fa88383ef673250bbbecbde32841fc.jpg,BIODEGRADABLE
train,train,biodegradable1725_jpg.rf.ef7d03d675f8520c799f4acb2a610245.jpg,BIODEGRADABLE
train,train,biodegradable1726_jpg.rf.5ba853d12b5ffc5ef00cb04fd39d633c.jpg,BIODEGRADABLE
train,train,biodegradable1727_jpg.rf.4cd5fcb934ee9d9fbb2597711535e41a.jpg,BIODEGRADABLE
train,train,biodegradable1728_jpg.rf.763716b31056942b23bfce4deba8e37b.jpg,BIODEGRADABLE
train,valid,biodegradable1729_jpg.rf.06c3ff545be205e816eeb78959b29fd1.jpg,BIODEGRADABLE
train,valid,biodegradable172_jpg.rf.d5cb6061e25fbe5075bf827d47a39c67.jpg,BIODEGRADABLE
train,train,biodegradable1730_jpg.rf.3279dc3f9bc8e6a4be99c5ed49c6ba7a.jpg,BIODEGRADABLE
train,train,biodegradable1731_jpg.rf.e0a98a52a4ae1d802d0c1e44b02ad063.jpg,BIODEGRADABLE
train,valid,biodegradable1732_jpg.rf.9b0b600dd614aa0a2f4c7bed02442158.jpg,BIODEGRADABLE
train,valid,biodegradable1734_jpg.rf.705135d3339c404cc44165b47d2da147.jpg,BIODEGRADABLE
train,valid,biodegradable1735_jpg.rf.55ca5413871c41f65a3e8bf6f5f4bf39.jpg,BIODEGRADABLE
train,train,biodegradable1736_jpg.rf.a5947301d078b7eb787cb534eaba18fb.jpg,BIODEGRADABLE
train,train,biodegradable1738_jpg.rf.9ad2f3bdcd7fd9528eadbc49e4e9c33b.jpg,BIODEGRADABLE
train,train,biodegradable173_jpg.rf.2194ba58c24bc44f32aad891b260de42.jpg,BIODEGRADABLE
train,train,biodegradable1741_jpg.rf.a305764826bb45e4d1a7a34715664d4c.jpg,BIODEGRADABLE
train,train,biodegradable1744_jpg.rf.5187d2296a6c8691ce055b3866e8fa37.jpg,BIODEGRADABLE
train,valid,biodegradable1747_jpg.rf.74eb510249f7a43f83bdc937129f2516.jpg,BIODEGRADABLE
train,train,biodegradable1748_jpg.rf.748c8442eca8c0bda0ddc92ac75115ae.jpg,BIODEGRADABLE
train,train,biodegradable1749_jpg.rf.85300331712aa301b11a145d9b6ef8c2.jpg,BIODEGRADABLE
train,train,biodegradable174_jpg.rf.7777fd147433776e1efabbe4a5ca80f5.jpg,BIODEGRADABLE
train,train,biodegradable1750_jpg.rf.c4b8ab902efe1ed2f1077455715cc14a.jpg,BIODEGRADABLE
train,valid,biodegradable1751_jpg.rf.a2b45039ae9dbeb03576289707559e52.jpg,BIODEGRADABLE
train,train,biodegradable1752_jpg.rf.4f629529ac3b42b58bb6805d89a4306a.jpg,BIODEGRADABLE
train,train,biodegradable1753_jpg.rf.8f91f445b11a9b7c647b8249fd3c9214.jpg,BIODEGRADABLE
train,train,biodegradable1755_jpg.rf.76aecebfaa397294cda4b548f50a3fe8.jpg,BIODEGRADABLE
train,train,biodegradable1758_jpg.rf.d048c317a4e07626a541aa6163472274.jpg,BIODEGRADABLE
train,train,biodegradable1759_jpg.rf.310ad0c89bf826baca98b683cddede1f.jpg,BIODEGRADABLE
train,train,biodegradable175_jpg.rf.83a19ed202961f50f835f0896d194c4c.jpg,BIODEGRADABLE
train,train,biodegradable1760_jpg.rf.e4e0afed25b0f450a0e97e71ec5d79b3.jpg,BIODEGRADABLE
train,train,biodegradable1762_jpg.rf.0584a000a74cd8d68a3b46af4708b171.jpg,BIODEGRADABLE
train,train,biodegradable1765_jpeg.rf.0317c3de65bb96a91105ad6f83d54663.jpg,BIODEGRADABLE
train,valid,biodegradable1767_jpeg.rf.61c0484a6f4b4342ac2808f227c2878a.jpg,BIODEGRADABLE
train,train,biodegradable176_jpg.rf.340c7319fd57a22f3a93124d431e1e91.jpg,BIODEGRADABLE
train,train,biodegradable1771_jpeg.rf.ebb2749bf9dbe1a7dce48df27bfd2604.jpg,BIODEGRADABLE
train,train,biodegradable1772_jpeg.rf.15507a5d0259b8d7b7958a93b6ef1fe8.jpg,BIODEGRADABLE
train,valid,biodegradable1773_jpeg.rf.98377aafd3b512804e1b3432b116f53e.jpg,BIODEGRADABLE
train,train,biodegradable1774_jpeg.rf.f8fbeb572fc23c0878a65ac086b2c2f1.jpg,BIODEGRADABLE
train,train,biodegradable1775_jpeg.rf.850cd81c7c255669d20e1c5a55646a0f.jpg,BIODEGRADABLE
train,train,biodegradable1776_jpeg.rf.db9aeb5e7f58aac14cea15ae5269f599.jpg,BIODEGRADABLE
train,train,biodegradable1778_jpeg.rf.cc146aaefb6e01a304fb2c3ad6360366.jpg,BIODEGRADABLE
train,train,biodegradable1779_jpeg.rf.bc1ef100d93654ad6947031e5fff6735.jpg,BIODEGRADABLE
train,train,biodegradable177_jpg.rf.b4ca83eaee3a2f1c799bffd0fb6e8ac7.jpg,BIODEGRADABLE
train,train,biodegradable1780_jpeg.rf.05399b192a7b3ad05411518d7fb0dff6.jpg,BIODEGRADABLE
train,train,biodegradable1784_jpeg.rf.54693ca5793c97d7280da9b7b14c5948.jpg,BIODEGRADABLE
train,train,biodegradable1785_jpeg.rf.7e21edbd9f579a5e08450fd080a626e0.jpg,BIODEGRADABLE
train,valid,biodegradable1786_jpeg.rf.ddf4bb7ea29dfdf90f14d993816ef556.jpg,BIODEGRADABLE
train,train,biodegradable1787_jpeg.rf.5fd712d7419a282684754249efb2b46c.jpg,BIODEGRADABLE
train,train,biodegradable1788_jpeg.rf.0821f2fe0e5f153ed5de5bf57ffeaf36.jpg,BIODEGRADABLE
train,valid,biodegradable1791_jpeg.rf.7bbca37cebe0473ebfb6169a187fa2cf.jpg,BIODEGRADABLE
train,train,biodegradable1793_jpeg.rf.5b9323d2fc6cace3009f82145707aaab.jpg,BIODEGRADABLE
train,train,biodegradable1794_jpeg.rf.2f224e41b39aee63c1b08f865ac5e632.jpg,BIODEGRADABLE
train,train,biodegradable1796_jpeg.rf.4b01ba6eb7809fddaec9ee7c90f9367b.jpg,BIODEGRADABLE
train,train,biodegradable1798_jpeg.rf.bac6aa97543e177cefae9ab39e23bae0.jpg,BIODEGRADABLE
train,valid,biodegradable1799_jpeg.rf.a5ae5fbfeed8c1f909d6975657e21979.jpg,BIODEGRADABLE
train,train,biodegradable1801_jpeg.rf.817079637bf5dd2a947f7f2519bcf40c.jpg,BIODEGRADABLE
train,train,biodegradable1802_jpeg.rf.496e765b5e7938a605139dd09c2a96ba.jpg,BIODEGRADABLE
train,train,biodegradable1803_jpeg.rf.e191a2d20296a7902bbedbd1903c549c.jpg,BIODEGRADABLE
train,train,biodegradable1804_jpeg.rf.6430ef681ad847d699e8a7722e977299.jpg,BIODEGRADABLE
train,valid,biodegradable1807_jpeg.rf.8c9362536729b0fbeb76052aaaf513dc.jpg,BIODEGRADABLE
train,train,biodegradable1809_jpeg.rf.5a66748ff1766013a6192d8c9dedeb3a.jpg,BIODEGRADABLE
train,train,biodegradable180_jpg.rf.8e1145f91cc6dcd547b9c0d1efcfd2b8.jpg,BIODEGRADABLE
train,train,biodegradable1812_jpeg.rf.f658e4bc7d1a279324e907b8c6c31adf.jpg,BIODEGRADABLE
train,train,biodegradable1815_jpeg.rf.a4082aee5b0a200b879a7019f58add94.jpg,BIODEGRADABLE
train,train,biodegradable1818_jpeg.rf.3bc1d1c89a68bfd6d19c5b7b980afc6e.jpg,BIODEGRADABLE
train,train,biodegradable1819_jpeg.rf.7b3f420f7f484b302b91e264583d0079.jpg,BIODEGRADABLE
train,train,biodegradable1820_jpeg.rf.3b46125c1047b811e23490ee4b96a1d0.jpg,BIODEGRADABLE
train,train,biodegradable1825_jpeg.rf.079416aac25a7f4b18e1e22bdb09b136.jpg,BIODEGRADABLE
train,train,biodegradable1826_jpeg.rf.aec969764a2cd86b69031bd7019795aa.jpg,BIODEGRADABLE
train,train,biodegradable1827_jpeg.rf.feec642afae9eeb4e447c87a7be9585b.jpg,BIODEGRADABLE
train,valid,biodegradable1828_jpeg.rf.31bc96f05070231b1d4dcef5f1eb0a8f.jpg,BIODEGRADABLE
train,valid,biodegradable182_jpg.rf.f4574984579658f83f6e19409671d740.jpg,BIODEGRADABLE
train,train,biodegradable1830_jpeg.rf.b62e40cbfa8a7bd8ba0a27f33865ab47.jpg,BIODEGRADABLE
train,train,biodegradable1834_jpeg.rf.15cee11c34930d92f1d93b67fcc8645e.jpg,BIODEGRADABLE
train,train,biodegradable1835_jpeg.rf.99d72ef13bfb1fe7625c8bfe204a9194.jpg,BIODEGRADABLE
train,valid,biodegradable1837_jpeg.rf.5c74d501bdbc633dac406f9023ae5a3f.jpg,BIODEGRADABLE
train,train,biodegradable1838_jpeg.rf.5803ebbcddb06e9422df2531c851730e.jpg,BIODEGRADABLE
train,train,biodegradable1839_jpeg.rf.f183d237f600c7db7ffcddba8c47e695.jpg,BIODEGRADABLE
train,valid,biodegradable183_jpg.rf.cdceec014796498496e6dd740ce890a0.jpg,BIODEGRADABLE
train,train,biodegradable1840_jpeg.rf.eb1ec7d342bf51db4bda552af5546132.jpg,BIODEGRADABLE
train,train,biodegradable1841_jpeg.rf.5dcb21da708bf8ab03ff52380bc37ea0.jpg,BIODEGRADABLE
train,train,biodegradable1842_jpeg.rf.aa835c50e44f0e13a03e00acfeb46b6e.jpg,BIODEGRADABLE
train,train,biodegradable1843_jpeg.rf.210ac1f8959f6c892fd8cf5f91b94066.jpg,BIODEGRADABLE
train,train,biodegradable1844_jpeg.rf.d5321ec3fc54602edf459af94f6cbf8d.jpg,BIODEGRADABLE
train,train,biodegradable1845_jpeg.rf.38b830b4c932bdc6e100556b6d5197d9.jpg,BIODEGRADABLE
train,train,biodegradable1846_jpeg.rf.f7d403e8cb224741a9b250ef1cf1b60d.jpg,BIODEGRADABLE
train,train,biodegradable1848_jpeg.rf.7a8549b4dd6c6014b4d16e35a46e5b5a.jpg,BIODEGRADABLE
train,train,biodegradable1852_jpeg.rf.66dfa6eebcaf776fce04e60a3b234720.jpg,BIODEGRADABLE
train,train,biodegradable1854_jpeg.rf.af51d213f6b601912e74d04825eec15d.jpg,BIODEGRADABLE
train,valid,biodegradable1856_jpeg.rf.0ded6dad7b142bee6fb6a611a8bd10dd.jpg,BIODEGRADABLE
train,train,biodegradable1857_jpeg.rf.d4a683a22c6172b6197088b0b6732e87.jpg,BIODEGRADABLE
train,valid,biodegradable1858_jpeg.rf.a7e5d7d5cf4ac827ecd41b2ffc05964f.jpg,BIODEGRADABLE
train,train,biodegradable185_jpg.rf.03faa86768b5e717e43e04c183aad414.jpg,BIODEGRADABLE
train,train,biodegradable1860_jpeg.rf.bf746ed722c12a2865c09f83315a34c3.jpg,BIODEGRADABLE
train,train,biodegradable1863_jpeg.rf.3ebb9f38de3ad1bc7a8e871a69505d5c.jpg,BIODEGRADABLE
train,train,biodegradable1865_jpeg.rf.45cf5ea74d7d5291e0002976f8704ffe.jpg,BIODEGRADABLE
train,train,biodegradable1866_jpeg.rf.610e91eea75cb1e60193e9eab77757ed.jpg,BIODEGRADABLE
train,train,biodegradable1867_jpeg.rf.da32cfa0b34ff2bb1efbc8e235d68101.jpg,BIODEGRADABLE
train,valid,biodegradable1868_jpeg.rf.3e3ca6d51c3a22de30438c486bf38621.jpg,BIODEGRADABLE
train,valid,biodegradable1870_jpeg.rf.e7d5322e504acabe6ad577742d46af4d.jpg,BIODEGRADABLE
train,train,biodegradable1871_jpeg.rf.0cc8302d2974c06557f31640ff7ddd3e.jpg,BIODEGRADABLE
train,valid,biodegradable1874_jpeg.rf.58e1ee3c2db07d8a838e161fd20f01de.jpg,BIODEGRADABLE
train,train,biodegradable1875_jpeg.rf.5e155b12270bd37b5c7587c484f67094.jpg,BIODEGRADABLE
train,train,biodegradable1876_jpeg.rf.d051b561da5fdf50d4458c85036ed22b.jpg,BIODEGRADABLE
train,train,biodegradable187_jpg.rf.13a4f62c919d81418ba3791fbc486aed.jpg,BIODEGRADABLE
train,train,biodegradable1880_jpeg.rf.1ca6209bccacc11d2e8767889a23d76b.jpg,BIODEGRADABLE
train,valid,biodegradable1881_jpeg.rf.e05020264dc36fa41644368467edbcd3.jpg,BIODEGRADABLE
train,train,biodegradable1882_jpeg.rf.de716107bb9c0395d4aaf0d764241fec.jpg,BIODEGRADABLE
train,train,biodegradable1883_jpeg.rf.00830ee98f228f4664adce4a2fb9de8f.jpg,BIODEGRADABLE
train,valid,biodegradable1884_jpeg.rf.32796de9d6b449cf6dab44fbdb68713e.jpg,BIODEGRADABLE
train,train,biodegradable1885_jpeg.rf.1498f96d7fe0773a1a229c175a6b1e94.jpg,BIODEGRADABLE
train,train,biodegradable1886_jpeg.rf.cabf79618de8160437156bd8874e2991.jpg,BIODEGRADABLE
train,train,biodegradable1888_jpeg.rf.098894ed79211384d7279d4e71bcce2e.jpg,BIODEGRADABLE
train,train,biodegradable188_jpg.rf.5e47ccfbe18d834795fae524199d2f6c.jpg,BIODEGRADABLE
train,valid,biodegradable1890_jpeg.rf.369def781a5f80093ec198d3a2c0032d.jpg,BIODEGRADABLE
train,train,biodegradable1892_jpeg.rf.bb673fbc3b5b111228dd9c351ce24784.jpg,BIODEGRADABLE
train,train,biodegradable1893_jpeg.rf.b520241daf12b1f20026153ac693107d.jpg,BIODEGRADABLE
train,train,biodegradable1894_jpeg.rf.fcf6d996b1079744a17613b1e17c14c3.jpg,BIODEGRADABLE
train,train,biodegradable1896_jpeg.rf.2e443688e79c27134664d3190c775c4e.jpg,BIODEGRADABLE
train,train,biodegradable1897_jpeg.rf.d3d586e8761bf606ae9046314bc98688.jpg,BIODEGRADABLE
train,valid,biodegradable1898_jpeg.rf.b5752c690cd3bab5b886fb91937d2343.jpg,BIODEGRADABLE
train,train,biodegradable1899_jpeg.rf.2708171f88550243e42d710ae1375fc8.jpg,BIODEGRADABLE
train,valid,biodegradable1900_jpeg.rf.408963e791fd260e1375e94c794965f8.jpg,BIODEGRADABLE
train,valid,biodegradable1902_jpeg.rf.ca9e3992f91872cafd567793dc7f2f9f.jpg,BIODEGRADABLE
train,train,biodegradable1904_jpeg.rf.5e471d241041c6152472f224049977ae.jpg,BIODEGRADABLE
train,train,biodegradable1906_jpeg.rf.88a107a227788ec9c89027fece7af646.jpg,BIODEGRADABLE
train,valid,biodegradable1907_jpeg.rf.9fa1d9c97ea2bf9da44a5b6c27327494.jpg,BIODEGRADABLE
train,valid,biodegradable1908_jpeg.rf.ffbeec2ea250c61ed8b47dee1aaac883.jpg,BIODEGRADABLE
train,train,biodegradable190_jpg.rf.b94ddcd8c18b96cef7bbbd053bebaca1.jpg,BIODEGRADABLE
train,train,biodegradable1910_jpeg.rf.52dbf60355fae473edbb8834d2d2b74e.jpg,BIODEGRADABLE
train,train,biodegradable1911_jpeg.rf.d4e05ce5053ee9a012b906f6f5f392ad.jpg,BIODEGRADABLE
train,valid,biodegradable1913_jpeg.rf.df88d9fd57700ee1b02b5ad77855da3b.jpg,BIODEGRADABLE
train,train,biodegradable1914_jpeg.rf.3dc1f3b1f5f122d5450badec44232983.jpg,BIODEGRADABLE
train,train,biodegradable1916_jpeg.rf.75cfc46711bdcd6ce87aa9ae98124da4.jpg,BIODEGRADABLE
train,valid,biodegradable1917_jpeg.rf.1e232e50097efd35aaf5ca892dd51bb1.jpg,BIODEGRADABLE
train,valid,biodegradable1918_jpeg.rf.9b72481f195498f66ecd7362836e21cf.jpg,BIODEGRADABLE
train,valid,biodegradable1919_jpeg.rf.85767b9952a1cdd1cd631eb566d5e72c.jpg,BIODEGRADABLE
train,train,biodegradable191_jpg.rf.02f5d7c6e5285dd48dc3bacd19ca546e.jpg,BIODEGRADABLE
train,valid,biodegradable1920_jpeg.rf.c22bab16990fdc3190f4fbdaa3258f91.jpg,BIODEGRADABLE
train,valid,biodegradable1923_jpeg.rf.ca6533957c7ccbf8a63a3b54d7162beb.jpg,BIODEGRADABLE
train,valid,biodegradable1924_jpeg.rf.c1aae7dceae361475b50aedee810e281.jpg,BIODEGRADABLE
train,train,biodegradable1925_jpeg.rf.0e19a31cff85fb232e087e3deaed2e49.jpg,BIODEGRADABLE
train,valid,biodegradable1929_jpeg.rf.864affeef30b432246e09b12663aee66.jpg,BIODEGRADABLE
train,train,biodegradable192_jpg.rf.d73d60812de940d419f11c992a502e39.jpg,BIODEGRADABLE
train,valid,biodegradable1930_jpeg.rf.3250a9bcc13714fbc2bd48f9ed748c99.jpg,BIODEGRADABLE
train,train,biodegradable1931_jpeg.rf.7a953d7cd40d21c35c09fbdd4477136c.jpg,BIODEGRADABLE
train,train,biodegradable1932_jpeg.rf.ea5b342c332a414517409071f2324ea5.jpg,BIODEGRADABLE
train,train,biodegradable1933_jpeg.rf.f86d026b648168a3370001f4ecbf913f.jpg,BIODEGRADABLE
train,valid,biodegradable1934_jpeg.rf.f73c860f361a9035d377f06e0d6892a7.jpg,BIODEGRADABLE
train,valid,biodegradable1935_jpeg.rf.0028f0cb36ebc6713598b79a6604a474.jpg,BIODEGRADABLE
train,valid,biodegradable1936_jpeg.rf.8895f21115e8ee23f8d4992ef6fa8806.jpg,BIODEGRADABLE
train,valid,biodegradable1937_jpeg.rf.0695b19cb18de41b9efe92965f5e0423.jpg,BIODEGRADABLE
train,valid,biodegradable1938_jpeg.rf.e9241f94a735d78884bafb92ecb8d024.jpg,BIODEGRADABLE
train,train,biodegradable1939_jpeg.rf.3acb11170f88366d9f6ca9e00a7d04c0.jpg,BIODEGRADABLE
train,train,biodegradable193_jpg.rf.30e00b2c65dc0176baa274f2a24892b9.jpg,BIODEGRADABLE
train,train,biodegradable1940_jpeg.rf.63507527328f724e8e3be7595f3ca79e.jpg,BIODEGRADABLE
train,valid,biodegradable1941_jpeg.rf.0859a4e4c23e5c82093131efdfb85e56.jpg,BIODEGRADABLE
train,valid,biodegradable1942_jpeg.rf.00644566d292f122ae2f75e2d0f31b62.jpg,BIODEGRADABLE
train,valid,biodegradable1943_jpeg.rf.77b5d38a2b0bf17d0f8473ac15223d7b.jpg,BIODEGRADABLE
train,train,biodegradable1945_jpeg.rf.7cf742beda7c99a8b79db2f18f8a8ca7.jpg,BIODEGRADABLE
train,train,biodegradable1946_jpeg.rf.1999cac637b6908389e9d45b07f2b182.jpg,BIODEGRADABLE
train,train,biodegradable1948_jpeg.rf.d3411bf2207494455950260040359566.jpg,BIODEGRADABLE
train,train,biodegradable194_jpg.rf.3d4ee08e2aa50e09a57314187f268a16.jpg,BIODEGRADABLE
train,train,biodegradable1951_jpeg.rf.1a0621fd9bfa2ec838f92ab3140d6493.jpg,BIODEGRADABLE
train,train,biodegradable1952_jpeg.rf.996427dca4a964c06d6137ac009c1bae.jpg,BIODEGRADABLE
train,train,biodegradable1953_jpeg.rf.654ac06b29fcc7e9ee31d717888cd793.jpg,BIODEGRADABLE
train,valid,biodegradable1954_jpeg.rf.e26ec809d5193346d15c2ac968e21938.jpg,BIODEGRADABLE
train,train,biodegradable1955_jpeg.rf.2abb3f32b8508116ce12f12765d61a94.jpg,BIODEGRADABLE
train,train,biodegradable1957_jpeg.rf.da976d2b10f9c9ea14aba56a0749ef8c.jpg,BIODEGRADABLE
train,train,biodegradable1958_jpeg.rf.8d937201743263b8aeb2f556492c7b1e.jpg,BIODEGRADABLE
train,train,biodegradable1959_jpeg.rf.8aacbc619deb189a7e56cb5d26a59f76.jpg,BIODEGRADABLE
train,valid,biodegradable195_jpg.rf.d0fe45f4643f49574e2e109dfbbff124.jpg,BIODEGRADABLE
train,train,biodegradable1960_jpeg.rf.8cd76bc6c9b3ca3750b3ec2c45992bb3.jpg,BIODEGRADABLE
train,train,biodegradable1964_jpeg.rf.be277be76f4240152a97d0d2f279e3a4.jpg,BIODEGRADABLE
train,valid,biodegradable1966_jpeg.rf.1dc2da6f98b26ba9ec681554b271233e.jpg,BIODEGRADABLE
train,train,biodegradable1967_jpeg.rf.c3e9d6ca350b389f7d64468cafbc6514.jpg,BIODEGRADABLE
train,train,biodegradable1968_jpeg.rf.5b7c12ab792c00936f9dd43361bc3d62.jpg,BIODEGRADABLE
train,train,biodegradable1969_jpeg.rf.2723114e489ace5c1ca25fbd236f2509.jpg,BIODEGRADABLE
train,train,biodegradable1970_jpeg.rf.75897ab53464c3e97dde4d8cba1eb418.jpg,BIODEGRADABLE
train,train,biodegradable1972_jpeg.rf.dd30f137176bed204513a9d133b5fc61.jpg,BIODEGRADABLE
train,train,biodegradable1974_jpeg.rf.5fca111a31bc0c2c4dabd4e63c82dbfb.jpg,BIODEGRADABLE
train,train,biodegradable1975_jpeg.rf.7948ea7c18c83315749f86bb7c6debdb.jpg,BIODEGRADABLE
train,train,biodegradable1976_jpeg.rf.9aa4f47e2b785b9b80bb25f98bc1174d.jpg,BIODEGRADABLE
train,train,biodegradable1977_jpeg.rf.47d88733469a3b690fa560c5abeed5a6.jpg,BIODEGRADABLE
train,train,biodegradable1978_jpeg.rf.cefc4129d4908b945ab33e24a6712d95.jpg,BIODEGRADABLE
train,train,biodegradable197_jpg.rf.0f1da87d0e9ecef3ff3a2f1b7dfdc1a6.jpg,BIODEGRADABLE
train,train,biodegradable1980_jpeg.rf.cf80dc1450afb17e654a76e304b47914.jpg,BIODEGRADABLE
train,valid,biodegradable1981_jpeg.rf.3ea8c890e3614e2e05e6e8d9e55046b5.jpg,BIODEGRADABLE
train,train,biodegradable1983_jpeg.rf.9f21c4cca9244e231f320e1d70d67141.jpg,BIODEGRADABLE
train,train,biodegradable1984_jpeg.rf.873205795a844515d0e2ed5fb8330241.jpg,BIODEGRADABLE
train,train,biodegradable1985_jpeg.rf.bb1592470959c421d10a0f0228f31607.jpg,BIODEGRADABLE
train,train,biodegradable1987_jpeg.rf.73eaced456a9865499ca877b92bbef57.jpg,BIODEGRADABLE
train,valid,biodegradable1988_jpeg.rf.478ff9e362283fb779ab60147170a859.jpg,BIODEGRADABLE
train,train,biodegradable1989_jpeg.rf.725789a7108d53c65f5cd2fb1636fdfa.jpg,BIODEGRADABLE
train,train,biodegradable198_jpg.rf.e90dd1575022d57b2f4cc039d3007ee5.jpg,BIODEGRADABLE
train,train,biodegradable1990_jpeg.rf.2b2e809ea14707f889db31388cf367b0.jpg,BIODEGRADABLE
train,train,biodegradable1992_jpeg.rf.cbf3a5a167224822467d5aaaeda36203.jpg,BIODEGRADABLE
train,train,biodegradable1994_jpeg.rf.de382c8cce7676bd8a0bb16b9f98dc84.jpg,BIODEGRADABLE
train,valid,biodegradable1996_jpeg.rf.af6bbece977e5ec28d1d51dae2191226.jpg,BIODEGRADABLE
train,valid,biodegradable1997_jpeg.rf.da6e68029a211ceef322c59f68783349.jpg,BIODEGRADABLE
train,train,biodegradable1998_jpeg.rf.17921ee65cee3e00f10a24d639dff35b.jpg,BIODEGRADABLE
train,train,biodegradable199_jpg.rf.18a74f0db6bd3086593535144eb360c8.jpg,BIODEGRADABLE
train,train,biodegradable19_jpg.rf.ef9295ae7012876f8a690427abb294e6.jpg,BIODEGRADABLE
train,train,biodegradable1_jpg.rf.4c70316c07a30a7aafbe72b6ba1bb21a.jpg,BIODEGRADABLE
train,train,biodegradable2000_jpeg.rf.a5f4aa89144cfe153ded0f06254eb5db.jpg,BIODEGRADABLE
train,valid,biodegradable2001_jpeg.rf.ba284fcdcb2c418d3f21a69b093c3324.jpg,BIODEGRADABLE
train,valid,biodegradable2002_jpeg.rf.abed635d0838dc4cf2f1ed736f07a29b.jpg,BIODEGRADABLE
train,train,biodegradable2004_jpeg.rf.7a706209be0dc1acb3f213e0017caebd.jpg,BIODEGRADABLE
train,valid,biodegradable2005_jpeg.rf.3bae330a608845aa31dea0f01fc2b81f.jpg,BIODEGRADABLE
train,valid,biodegradable2009_jpeg.rf.1d6808a53aceccb7b94319faa99e34a9.jpg,BIODEGRADABLE
train,train,biodegradable2011_jpeg.rf.370b1d0ab15f766915ad646eaec0a0bf.jpg,BIODEGRADABLE
train,train,biodegradable2012_jpeg.rf.f157a4549b3da5de53b7d15eb8ed051d.jpg,BIODEGRADABLE
train,train,biodegradable2013_jpeg.rf.700f44fbbd15bee8715ca58c4e14c29e.jpg,BIODEGRADABLE
train,valid,biodegradable2015_jpeg.rf.9bbef39420c0653df6d5b191c63f5d5a.jpg,BIODEGRADABLE
train,valid,biodegradable2016_jpeg.rf.4dbe050bd6ec518ddd3663d5f362e7bc.jpg,BIODEGRADABLE
train,train,biodegradable2019_jpeg.rf.68fe48b6378d2c3ca4e77ea48300ec23.jpg,BIODEGRADABLE
train,valid,biodegradable201_jpg.rf.d90d6784d7b98f4d89ad6cd8de410a7d.jpg,BIODEGRADABLE
train,train,biodegradable2021_jpeg.rf.1ad1c8cf71193ea1aa6085a4372c2d77.jpg,BIODEGRADABLE
train,train,biodegradable2026_jpeg.rf.d60209a65c447aafe51d0b4d0e3f6b9b.jpg,BIODEGRADABLE
train,train,biodegradable2028_jpeg.rf.61113e53867073f73a424078465aebac.jpg,BIODEGRADABLE
train,valid,biodegradable202_jpg.rf.a785807e6154cb4f9762f7b41119eaa8.jpg,BIODEGRADABLE
train,train,biodegradable2031_jpeg.rf.2c2b029b489d1112459ed6883f1e993b.jpg,BIODEGRADABLE
train,train,biodegradable2036_jpeg.rf.ca8769a4f30431ed534dacc10021579c.jpg,BIODEGRADABLE
train,train,biodegradable2039_jpeg.rf.9cd108d13ecc45096b1c13c38c242bbb.jpg,BIODEGRADABLE
train,valid,biodegradable2045_jpeg.rf.166175ee6243789e2f05b3720205d594.jpg,BIODEGRADABLE
train,train,biodegradable2049_jpeg.rf.c1de5a7e082fe942bfc3491457e4dc9c.jpg,BIODEGRADABLE
train,valid,biodegradable2050_jpeg.rf.5d7d0e0a6a49b424e5d85564568a17b8.jpg,BIODEGRADABLE
train,train,biodegradable2051_jpeg.rf.49dcd172b79d86494a7ab1a27b0593e2.jpg,BIODEGRADABLE
train,train,biodegradable2052_jpeg.rf.b41a86bc55a3177ab324a2d411d13ba1.jpg,BIODEGRADABLE
train,valid,biodegradable2053_jpeg.rf.c67cd4e9567004bc8aff79e03f0bca3d.jpg,BIODEGRADABLE
train,train,biodegradable2055_jpeg.rf.ddafff0a0c290f1fcd32d1295e135b0d.jpg,BIODEGRADABLE
train,train,biodegradable2056_jpeg.rf.93a5b9a49f38f53c73ada300666e4df6.jpg,BIODEGRADABLE
train,train,biodegradable2059_jpeg.rf.2a73cc2f15b61c5961878b915d0b3f69.jpg,BIODEGRADABLE
train,train,biodegradable2060_jpeg.rf.fa2bc82cf3110b98ad293d97511d3f25.jpg,BIODEGRADABLE
train,train,biodegradable2062_jpeg.rf.107e55d62941682a703e86897bf6a09c.jpg,BIODEGRADABLE
train,train,biodegradable2065_jpeg.rf.18d60c059b235af4d2b7e8310bca20be.jpg,BIODEGRADABLE
train,train,biodegradable2066_jpeg.rf.75996323376c8ba4aeb3247aa4827cb7.jpg,BIODEGRADABLE
train,valid,biodegradable2067_jpeg.rf.409a2cec368987ec3a37f0a24cd2330c.jpg,BIODEGRADABLE
train,train,biodegradable2068_jpeg.rf.aebf8a3efe0adb92bfdcf82f5743892f.jpg,BIODEGRADABLE
train,train,biodegradable206_jpg.rf.fbcd7adc6eb5159eb0de63bafbec72e2.jpg,BIODEGRADABLE
train,train,biodegradable2070_jpeg.rf.a0cb044793db09a5ffd0656784798cfa.jpg,BIODEGRADABLE
train,train,biodegradable2071_jpeg.rf.d908a438f5b6662c4541fad073177568.jpg,BIODEGRADABLE
train,train,biodegradable2073_jpeg.rf.b0d06c3549e1cf9f640d9bd65f328f33.jpg,BIODEGRADABLE
train,valid,biodegradable2074_jpeg.rf.a305bb9a9dd7dcc62ffcdd644b4b74f0.jpg,BIODEGRADABLE
train,train,biodegradable2075_jpeg.rf.de2d921acd082f535ba661441e9ff189.jpg,BIODEGRADABLE
train,train,biodegradable2076_jpeg.rf.23f6abb9ed3b09e06dd52e552fd8e787.jpg,BIODEGRADABLE
train,train,biodegradable2077_jpeg.rf.1e2eb0ceb8c67b5fb9cbe0e615a581bd.jpg,BIODEGRADABLE
train,train,biodegradable2078_jpeg.rf.aa7c78c454cfe7bdfc89bf056ba571b1.jpg,BIODEGRADABLE
train,valid,biodegradable2079_jpeg.rf.d23b3e4741671f3eb178477800618d50.jpg,BIODEGRADABLE
train,valid,biodegradable2080_jpeg.rf.15ca7e91cc5abf31d2f791af2af3be18.jpg,BIODEGRADABLE
train,train,biodegradable2082_jpeg.rf.e78c2bb99059a883c9fe0495d3df9b94.jpg,BIODEGRADABLE
train,train,biodegradable2084_jpeg.rf.cd10ec3a7da7426ea32a034fe6d8f3de.jpg,BIODEGRADABLE
train,train,biodegradable2085_jpeg.rf.36a12fc467805aad3e15d6d179b9008c.jpg,BIODEGRADABLE
train,valid,biodegradable2086_jpeg.rf.f295a6081a3c45fdd1d8e968f0872aae.jpg,BIODEGRADABLE
train,valid,biodegradable2087_jpeg.rf.7cafae4786e5d417ac0358d3b130355a.jpg,BIODEGRADABLE
train,train,biodegradable2088_jpeg.rf.69952bacbe1e02c5ca30073d30637fc3.jpg,BIODEGRADABLE
train,train,biodegradable208_jpg.rf.b41d409db166650315cf6bdc2fb2cbce.jpg,BIODEGRADABLE
train,train,biodegradable2091_jpeg.rf.a5efc0e3e4dc613ad771ea4d67546a40.jpg,BIODEGRADABLE
train,valid,biodegradable2095_jpeg.rf.f69de4cc9fcad604da79b0e773c65ba7.jpg,BIODEGRADABLE
train,valid,biodegradable2096_jpeg.rf.04dc59ad23f58fe09dbf917eafadc169.jpg,BIODEGRADABLE
train,train,biodegradable2097_jpeg.rf.3e4c742378b98cc81f823adad4a12165.jpg,BIODEGRADABLE
train,valid,biodegradable2098_jpeg.rf.5f9fda2a708c15d6b26b47b80382a3d5.jpg,BIODEGRADABLE
train,train,biodegradable2099_jpeg.rf.162448b7cd2a4ee6ab1f503a1ab5f467.jpg,BIODEGRADABLE
train,train,biodegradable2100_jpeg.rf.eacd5ff1edfcf41512730c621812dc1f.jpg,BIODEGRADABLE
train,valid,biodegradable2101_jpeg.rf.18e2453690a861e98dc0e8596484bbf5.jpg,BIODEGRADABLE
train,train,biodegradable2102_jpeg.rf.f57bafe80cebffd74cf81a4bfa4a309e.jpg,BIODEGRADABLE
train,train,biodegradable2104_jpeg.rf.221bc92df265f705cebbb3b427574940.jpg,BIODEGRADABLE
train,valid,biodegradable2105_jpeg.rf.fc61b2dcfe5d6bad978d26a995a408a5.jpg,BIODEGRADABLE
train,valid,biodegradable2106_jpeg.rf.df479bbb75a4f06792f6118a95146404.jpg,BIODEGRADABLE
train,train,biodegradable2107_jpeg.rf.79dc62815bf8e7e47a61c34c3df19ffa.jpg,BIODEGRADABLE
train,valid,biodegradable2108_jpeg.rf.f1eb6b26352773558a82e079f5dc93d3.jpg,BIODEGRADABLE
train,train,biodegradable2109_jpeg.rf.d5d9807b879282f2bb0ea8c45b4f5bda.jpg,BIODEGRADABLE
train,valid,biodegradable210_jpg.rf.8c7508646ef39baa79c273322f666f5c.jpg,BIODEGRADABLE
train,train,biodegradable2110_jpeg.rf.9a952899f721df27c1886f9b90d6c3cb.jpg,BIODEGRADABLE
train,train,biodegradable2111_jpeg.rf.cb9ffece9e63c86f2670b29ad15c40e2.jpg,BIODEGRADABLE
train,train,biodegradable2112_jpeg.rf.d0a71ef0e2ac5f2856fd023f3a5815b7.jpg,BIODEGRADABLE
train,train,biodegradable2113_jpeg.rf.24d8990b87c5c774289126119d79c018.jpg,BIODEGRADABLE
train,train,biodegradable2114_jpeg.rf.18150acecf3dbdd56f9df132f41bef59.jpg,BIODEGRADABLE
train,valid,biodegradable2115_jpeg.rf.9309d55a28f3ff4125a6957f9dc0c65a.jpg,BIODEGRADABLE
train,valid,biodegradable2117_jpeg.rf.af981c126df59949c08676b926bd233f.jpg,BIODEGRADABLE
train,train,biodegradable2118_jpeg.rf.cffcb8602a3689de2f6638bb1002a7e2.jpg,BIODEGRADABLE
train,train,biodegradable2119_jpeg.rf.d0597a781174fee7235036e2367ddf06.jpg,BIODEGRADABLE
train,train,biodegradable211_jpg.rf.5f38f79990642b363e4726fb50954d53.jpg,BIODEGRADABLE
train,train,biodegradable2120_jpeg.rf.3c91304c4367ef55691797371fa0a0bf.jpg,BIODEGRADABLE
train,valid,biodegradable2121_jpeg.rf.6bf5dbd2f31063551bc3f518abd96b52.jpg,BIODEGRADABLE
train,train,biodegradable2123_jpeg.rf.63e01f39b574ebc6a4c5bf8cde565e03.jpg,BIODEGRADABLE
train,valid,biodegradable2124_jpeg.rf.17bc55a4521d3896eea6fcf856939541.jpg,BIODEGRADABLE
train,train,biodegradable2125_jpeg.rf.ef5ce636016f502e108fc30863c0b8ce.jpg,BIODEGRADABLE
train,valid,biodegradable2126_jpeg.rf.c5fcca35c2980a3e3eb10aa0fcb08960.jpg,BIODEGRADABLE
train,valid,biodegradable2127_jpeg.rf.9b72d5212fc58ce07d1b8242cd5d65c9.jpg,BIODEGRADABLE
train,train,biodegradable212_jpg.rf.b34e747091525e9f9c788fde24bf0d18.jpg,BIODEGRADABLE
train,train,biodegradable2132_jpeg.rf.c8611f4c09cb80239c3d11b18fb08e08.jpg,BIODEGRADABLE
train,train,biodegradable2133_jpeg.rf.e3d00291f2c3c03999eae44a34a7d34a.jpg,BIODEGRADABLE
train,train,biodegradable2134_jpeg.rf.7a3f5cce08829e938c4ab0c141f60d6e.jpg,BIODEGRADABLE
train,train,biodegradable2135_jpeg.rf.99edc9564495da92c68e5e92dff39ca1.jpg,BIODEGRADABLE
train,valid,biodegradable2136_jpeg.rf.f7cc6a6d68bd311bcaae97d4b401e52a.jpg,BIODEGRADABLE
train,train,biodegradable2137_jpeg.rf.d66c8259c369e6e1581a0f0838db13ef.jpg,BIODEGRADABLE
train,train,biodegradable2138_jpeg.rf.da73b9f366969cca605e46aac910281c.jpg,BIODEGRADABLE
train,train,biodegradable2139_jpeg.rf.8cb5834be60343bd505668dd1c545d12.jpg,BIODEGRADABLE
train,train,biodegradable213_jpg.rf.1b61535269368bb4393ce7af49b69e66.jpg,BIODEGRADABLE
train,train,biodegradable2140_jpeg.rf.5e737084735d3a2903881ff3b5c3c3bf.jpg,BIODEGRADABLE
train,train,biodegradable2141_jpeg.rf.ddafb4d756186e543f09a53b7b435b12.jpg,BIODEGRADABLE
train,train,biodegradable2142_jpeg.rf.06183214611c4653f2a653e7f8f5b3ef.jpg,BIODEGRADABLE
train,valid,biodegradable2143_jpeg.rf.d5e9345f3934c973fed5e3ea92ec928b.jpg,BIODEGRADABLE
train,valid,biodegradable2144_jpeg.rf.490c14fc51c7abf7f419462cc6d70565.jpg,BIODEGRADABLE
train,train,biodegradable2145_jpeg.rf.5f0f990793381c1eb9c7d6d6ebabc28a.jpg,BIODEGRADABLE
train,valid,biodegradable2146_jpeg.rf.526b88be0375619d27a75f9d7476c101.jpg,BIODEGRADABLE
train,valid,biodegradable2147_jpeg.rf.b76c56da0e5882d38626504c97ecb329.jpg,BIODEGRADABLE
train,valid,biodegradable2148_jpeg.rf.e4fa718212aee26de006c91880ecd311.jpg,BIODEGRADABLE
train,train,biodegradable214_jpg.rf.35abadb2553e4fe4cbb02d8c697bfe9f.jpg,BIODEGRADABLE
train,train,biodegradable2151_jpeg.rf.987d314530fe6ed8d2eeb6ff77fd7d15.jpg,BIODEGRADABLE
train,train,biodegradable2152_jpeg.rf.98da6b37f9609ab272fcc433dcb7e0c1.jpg,BIODEGRADABLE
train,train,biodegradable2153_jpeg.rf.e38d0bb98104c2c41c5d4b3455230777.jpg,BIODEGRADABLE
train,valid,biodegradable2154_jpeg.rf.10c4c0e5420f70396b2e6b4d7164b005.jpg,BIODEGRADABLE
train,train,biodegradable2155_jpeg.rf.e281cf9cec1489bcda74abbd7d11ba12.jpg,BIODEGRADABLE
train,train,biodegradable2156_jpeg.rf.0252fe850e257bb87473bc17d93a6f9b.jpg,BIODEGRADABLE
train,train,biodegradable2157_jpeg.rf.bf7b2a4407ec3764c5e92177794b3474.jpg,BIODEGRADABLE
train,train,biodegradable215_jpg.rf.a4c8dddc703ce440436dcb246e06b2c2.jpg,BIODEGRADABLE
train,valid,biodegradable2160_jpeg.rf.c36e75225ec3cb63990df9f4e7087653.jpg,BIODEGRADABLE
train,train,biodegradable2162_jpeg.rf.2544038dc345891f915c033f3dbdd7ce.jpg,BIODEGRADABLE
train,valid,biodegradable2163_jpeg.rf.68606125c8b28cdba61ad9a2ed684865.jpg,BIODEGRADABLE
train,train,biodegradable2164_jpeg.rf.a49b695de20ec6ee91a811585fb92ec2.jpg,BIODEGRADABLE
train,train,biodegradable2167_jpeg.rf.f3b17ca5b710db32ee02b9fe29f6c08d.jpg,BIODEGRADABLE
train,train,biodegradable2169_jpeg.rf.8790b448bb04a72779ccf41b4c95215b.jpg,BIODEGRADABLE
train,valid,biodegradable216_jpg.rf.4bc420e27d6a6136fd820c5b1e143378.jpg,BIODEGRADABLE
train,train,biodegradable2170_jpeg.rf.b8b63604ea66612fa12ddedea149b9a3.jpg,BIODEGRADABLE
train,valid,biodegradable2171_jpeg.rf.bcda487b26eef795c6a9d646f96ed66e.jpg,BIODEGRADABLE
train,train,biodegradable2173_jpeg.rf.0a450382e64d2c69bc23231fbd29d03c.jpg,BIODEGRADABLE
train,valid,biodegradable2175_jpeg.rf.5b494afbc504f8bcb7f6b68f84b7abc4.jpg,BIODEGRADABLE
train,train,biodegradable2176_jpeg.rf.69e4c54e337c34effa226c3e75b2bf80.jpg,BIODEGRADABLE
train,valid,biodegradable2179_jpeg.rf.d2fc985bbb2bec96c8f77f637c97f508.jpg,BIODEGRADABLE
train,valid,biodegradable2180_jpeg.rf.701d6677b74c3f9102614017a6167a32.jpg,BIODEGRADABLE
train,train,biodegradable2182_jpeg.rf.ecbf5c13a4b02e745042e797f8e773a3.jpg,BIODEGRADABLE
train,valid,biodegradable2183_jpeg.rf.4413bee2c16fdb7c2bfbc57263e96f3c.jpg,BIODEGRADABLE
train,train,biodegradable2184_jpeg.rf.edc09e9c29151c574cbdbd12c2ac8e75.jpg,BIODEGRADABLE
train,valid,biodegradable2185_jpeg.rf.7b4e071db9df9a88c9e0e0283694db39.jpg,BIODEGRADABLE
train,valid,biodegradable2186_jpeg.rf.0afa0432419a5f63b28340eb826f7271.jpg,BIODEGRADABLE
train,valid,biodegradable2187_jpeg.rf.581cdd86026f915e1df111e480ec389b.jpg,BIODEGRADABLE
train,train,biodegradable218_jpg.rf.2bbb1bb41eff081e652f6ced7682789b.jpg,BIODEGRADABLE
train,train,biodegradable2190_jpeg.rf.15de0aa38cb90682a7b93d0d15167503.jpg,BIODEGRADABLE
train,valid,biodegradable2191_jpeg.rf.f58b8b15e608ad0d1de2c77d4ae7f06d.jpg,BIODEGRADABLE
train,train,biodegradable2192_jpeg.rf.01a704196bcf63580afc3c01248461e1.jpg,BIODEGRADABLE
train,train,biodegradable2193_jpeg.rf.af173b15df9ed09456ee7b477bb421ed.jpg,BIODEGRADABLE
train,valid,biodegradable2194_jpeg.rf.04773c17eadb69c04b6937c1e4bd34b0.jpg,BIODEGRADABLE
train,train,biodegradable2195_jpeg.rf.438f5c8983dab924d526dc2134937d91.jpg,BIODEGRADABLE
train,train,biodegradable2197_jpeg.rf.0b31b06e7a54f176dcb090f1aa84ef6c.jpg,BIODEGRADABLE
train,train,biodegradable2198_jpeg.rf.374fba27f9fdcf03b09209feef74d086.jpg,BIODEGRADABLE
train,train,biodegradable2199_jpeg.rf.f9ad21fffe2e041ce5612fa6083712c0.jpg,BIODEGRADABLE
train,train,biodegradable21_jpg.rf.30d4278b3e2a5efebeacf007b264fe05.jpg,BIODEGRADABLE
train,valid,biodegradable2200_jpeg.rf.8c32f5c22f14ca32ecc7dda5b64b1c5d.jpg,BIODEGRADABLE
train,valid,biodegradable2201_jpeg.rf.cbe19c3cb5dbc1d125c609c2b4e618be.jpg,BIODEGRADABLE
train,train,biodegradable2202_jpeg.rf.e7229503059e0b6d9199efb2c0bf4fa7.jpg,BIODEGRADABLE
train,train,biodegradable2204_jpeg.rf.f52c128407126cf5ba11f8776755beb6.jpg,BIODEGRADABLE
train,train,biodegradable2205_jpeg.rf.1fde3396d4498c20296f4d863c52160a.jpg,BIODEGRADABLE
train,valid,biodegradable2206_jpeg.rf.895e3535bd197e0ebde2f3e2fb53fdd8.jpg,BIODEGRADABLE
train,train,biodegradable2208_jpeg.rf.c9be37a04267ec68865d2e57020530a3.jpg,BIODEGRADABLE
train,valid,biodegradable2209_jpeg.rf.ac88e4854fe476495b8404d99b083df6.jpg,BIODEGRADABLE
train,train,biodegradable220_jpg.rf.c577cfb77156ff28d15afd72a1df66c8.jpg,BIODEGRADABLE
train,train,biodegradable2211_jpeg.rf.5852be2ea97f95a3bcdb2af76c4c047c.jpg,BIODEGRADABLE
train,train,biodegradable2212_jpeg.rf.9b5f29ac9ad1287256484e727c31df5f.jpg,BIODEGRADABLE
train,train,biodegradable2213_jpeg.rf.903328406b63f435ef5411293f8c58e5.jpg,BIODEGRADABLE
train,train,biodegradable2215_jpeg.rf.f326eb9e13b450198980de36dfcf75de.jpg,BIODEGRADABLE
train,train,biodegradable2216_jpeg.rf.4a0b4400721c07e758dbb562ea24e863.jpg,BIODEGRADABLE
train,train,biodegradable2217_jpeg.rf.9d0638726fa3025584efe62f37c334f9.jpg,BIODEGRADABLE
train,train,biodegradable2218_jpeg.rf.61f44ed976bb8d474a6b4443cbd5bce8.jpg,BIODEGRADABLE
train,train,biodegradable2219_jpeg.rf.d1505403b56f352029e2da1c303ded36.jpg,BIODEGRADABLE
train,train,biodegradable221_jpg.rf.418022e510f4183ac1001aa66dd2a236.jpg,BIODEGRADABLE
train,train,biodegradable2220_jpeg.rf.ec228dc77cf9f37bbdf862cd7a4e59bd.jpg,BIODEGRADABLE
train,train,biodegradable2227_jpeg.rf.987adcbe478fea4c3beff1b230227f56.jpg,BIODEGRADABLE
train,train,biodegradable2230_jpeg.rf.1883f0d90ee09b402ab87270a3e7047d.jpg,BIODEGRADABLE
train,valid,biodegradable2231_jpeg.rf.3e0e9fc163797cfae25ae23e9c672ade.jpg,BIODEGRADABLE
train,valid,biodegradable2232_jpeg.rf.4bb9b9e859487383193ae0a25ab685ac.jpg,BIODEGRADABLE
train,train,biodegradable2233_jpeg.rf.db35109715a4195b981edfe265be439a.jpg,BIODEGRADABLE
train,train,biodegradable2235_jpeg.rf.e5afba4488e0c905d786826f3f339fd9.jpg,BIODEGRADABLE
train,valid,biodegradable2236_jpeg.rf.e775268845dcfb47192dba83b4b6e7d7.jpg,BIODEGRADABLE
train,valid,biodegradable2238_jpeg.rf.a3333bbe17b007feef29bd5f31707eda.jpg,BIODEGRADABLE
train,train,biodegradable2239_jpeg.rf.4aba56a08b664521c9f661652f2afa29.jpg,BIODEGRADABLE
train,train,biodegradable2242_jpeg.rf.a8d13d7bb9cf9bb1a6319a4d5b6b837e.jpg,BIODEGRADABLE
train,valid,biodegradable2244_jpeg.rf.111745f78fd7291c1ef7ac3c9388b3ba.jpg,BIODEGRADABLE
train,train,biodegradable2246_jpeg.rf.258546e0c5ee1de6f8e78795f17273e4.jpg,BIODEGRADABLE
train,train,biodegradable2248_jpeg.rf.3065afb982bb047b330d89abac0888d8.jpg,BIODEGRADABLE
train,train,biodegradable224_jpg.rf.deaee6e9e25f7fea4fe30f635c5cbe1d.jpg,BIODEGRADABLE
train,train,biodegradable2251_jpeg.rf.971aa8546639a44d49b67823245fe804.jpg,BIODEGRADABLE
train,valid,biodegradable2252_jpeg.rf.c27aad1770ea1ece832510bfb4e28b0c.jpg,BIODEGRADABLE
train,train,biodegradable2254_jpeg.rf.5ba815d0896eca21dd956da7e5668d59.jpg,BIODEGRADABLE
train,train,biodegradable2257_jpeg.rf.0b2238f27bd5159cc49a21811bb404d8.jpg,BIODEGRADABLE
train,train,biodegradable225_jpg.rf.fe5d7c18332a26c922658370564e2777.jpg,BIODEGRADABLE
train,train,biodegradable2265_jpeg.rf.c364e7c1efb3a5f92874e22eb37fe0b1.jpg,BIODEGRADABLE
train,valid,biodegradable2269_jpeg.rf.761a7922ca73a1edea25b3b6b8d1b7fa.jpg,BIODEGRADABLE
train,train,biodegradable2272_jpeg.rf.545aeb8cf8b3eeae5a94658c95f65bbf.jpg,BIODEGRADABLE
train,train,biodegradable2274_jpeg.rf.8dc57630772ae67ef9c1a570cddd2d22.jpg,BIODEGRADABLE
train,train,biodegradable2275_jpeg.rf.409d0c8ea2440e59184d018e46d5a334.jpg,BIODEGRADABLE
train,train,biodegradable2279_jpeg.rf.da97275e25c8ee5148c04fb554fa2869.jpg,BIODEGRADABLE
train,train,biodegradable2282_jpeg.rf.e0a6b7cd481e6f038db74cc7ba0ce7f4.jpg,BIODEGRADABLE
train,valid,biodegradable2284_jpeg.rf.7f1b4eeb50bf5f036f56467382ed0a4b.jpg,BIODEGRADABLE
train,train,biodegradable2285_jpeg.rf.ea288d716d354569819d4ae7bf6fd042.jpg,BIODEGRADABLE
train,train,biodegradable2286_jpeg.rf.0c7cf79c083ab1f6a193652d95d519e0.jpg,BIODEGRADABLE
train,train,biodegradable229_jpg.rf.7624b7753ffd249877fefa20ed63c9da.jpg,BIODEGRADABLE
train,train,biodegradable231_jpg.rf.2b6fc3cfe7e611f47064124d32582b6e.jpg,BIODEGRADABLE
train,train,biodegradable232_jpg.rf.d40708dc7e4b451919f08d66e95e5b47.jpg,BIODEGRADABLE
train,train,biodegradable233_jpg.rf.bd4e3fdcfcd89cfbe46f3032916323ec.jpg,BIODEGRADABLE
train,train,biodegradable234_jpg.rf.ca081ea55bdaeabe9c1b4f5cc4fbf097.jpg,BIODEGRADABLE
train,train,biodegradable235_jpg.rf.778faa4a4cb3cfe59302aba461be468c.jpg,BIODEGRADABLE
train,valid,biodegradable237_jpg.rf.72edfa0b76add900efff44ac487b343e.jpg,BIODEGRADABLE
train,train,biodegradable238_jpg.rf.68530b6b859fe91f1acf193d7d382798.jpg,BIODEGRADABLE
train,valid,biodegradable239_jpg.rf.b631ccf9f243ba98e642e60430cec1b4.jpg,BIODEGRADABLE
train,valid,biodegradable23_jpg.rf.85566b5adc3c7f30934ef6cb7d98c4b6.jpg,BIODEGRADABLE
train,valid,biodegradable240_jpg.rf.5098a9927af24ba4863a8c846ec88c77.jpg,BIODEGRADABLE
train,valid,biodegradable243_jpg.rf.5102f3dd49fc62ef729d9d64d44f5eeb.jpg,BIODEGRADABLE
train,valid,biodegradable245_jpg.rf.6de21b5510207ff39929fdf3f289a431.jpg,BIODEGRADABLE
train,train,biodegradable246_jpg.rf.dd396619571fe041697dea4fc74d4123.jpg,BIODEGRADABLE
train,train,biodegradable248_jpg.rf.8bf05e481b7f053601466ec8380e2c4c.jpg,BIODEGRADABLE
train,train,biodegradable249_jpg.rf.f9281644a00686ac113add152848834b.jpg,BIODEGRADABLE
train,train,biodegradable24_jpg.rf.aec38aab416f2ff192df2411bb7a5db6.jpg,BIODEGRADABLE
train,valid,biodegradable250_jpg.rf.7d919dc59d44b938eca6be7b51782323.jpg,BIODEGRADABLE
train,train,biodegradable252_jpg.rf.c47524f039fd6e58f5fbe9ca5bd1e70b.jpg,BIODEGRADABLE
train,train,biodegradable253_jpg.rf.fc60bd9a3452bd5a557cc5c642dd3846.jpg,BIODEGRADABLE
train,train,biodegradable254_jpg.rf.076d934314c323ee0f3c497ce308280f.jpg,BIODEGRADABLE
train,valid,biodegradable255_jpg.rf.5d32dbb4586b6ce912de0b5e92579126.jpg,BIODEGRADABLE
train,train,biodegradable259_jpg.rf.62247459ebbaded5ceffc43339b417c4.jpg,BIODEGRADABLE
train,valid,biodegradable25_jpg.rf.ebfe88d5ddb298350e86698fab065c53.jpg,BIODEGRADABLE
train,train,biodegradable260_jpg.rf.409b06b43fbcfca48fd702d87bfb281a.jpg,BIODEGRADABLE
train,valid,biodegradable261_jpg.rf.3413c8aad7cfe1cbb2e0f218455d8826.jpg,BIODEGRADABLE
train,train,biodegradable262_jpg.rf.ebe8c1702ac9cec701929eacbfb85cd9.jpg,BIODEGRADABLE
train,valid,biodegradable263_jpg.rf.90015c7fb9876e2902ef75888780b432.jpg,BIODEGRADABLE
train,valid,biodegradable264_jpg.rf.062b8bdb0e6baffc36c3f5af1c12b575.jpg,BIODEGRADABLE
train,train,biodegradable265_jpg.rf.08336ee21c03de5575476bbe0ac805b8.jpg,BIODEGRADABLE
train,train,biodegradable266_jpg.rf.2fcae11ba74ff12f6336491e10b07344.jpg,BIODEGRADABLE
train,train,biodegradable267_jpg.rf.9412e789be0c9e8a2081942265afde50.jpg,BIODEGRADABLE
train,train,biodegradable268_jpg.rf.c412c89c265c85406fdbb39d894e357d.jpg,BIODEGRADABLE
train,train,biodegradable269_jpg.rf.901286146c13eae20b3aa89546b45e55.jpg,BIODEGRADABLE
train,valid,biodegradable26_jpg.rf.8a913791d009e2fab0a2e6fe09354e42.jpg,BIODEGRADABLE
train,train,biodegradable270_jpg.rf.378651ab80b070a1aa80fc3aa11ba525.jpg,BIODEGRADABLE
train,train,biodegradable271_jpg.rf.823e85da1471a27eb41030271624872f.jpg,BIODEGRADABLE
train,train,biodegradable277_jpg.rf.50b8dbafbd1b8bb6bc51f87ba090caf6.jpg,BIODEGRADABLE
train,train,biodegradable278_jpg.rf.e53bcdd514d6383702b5cae27ab5481a.jpg,BIODEGRADABLE
train,train,biodegradable279_jpg.rf.387adc7f25e3962bb3a19c7028e72843.jpg,BIODEGRADABLE
train,train,biodegradable27_jpg.rf.1f7663f0b9e5981f4ee2d00b88d4410c.jpg,BIODEGRADABLE
train,train,biodegradable280_jpg.rf.9e3264e0c43c45b678b3e9f7a8c7bcc3.jpg,BIODEGRADABLE
train,train,biodegradable281_jpg.rf.4dbc5d476e79b2439f42ee6491f2fb02.jpg,BIODEGRADABLE
train,train,biodegradable282_jpg.rf.028491ec994e6afb8f70e9671fd60707.jpg,BIODEGRADABLE
train,valid,biodegradable284_jpg.rf.743ea10cc9999cb5f05019544e0d46ed.jpg,BIODEGRADABLE
train,train,biodegradable285_jpg.rf.fc4a78c69b57d45a4b5d295f67ccd325.jpg,BIODEGRADABLE
train,train,biodegradable286_jpg.rf.c738a71d47260d59bd94dae5de9fdd11.jpg,BIODEGRADABLE
train,train,biodegradable287_jpg.rf.79845c1c01d00ca6ce5c928209a72791.jpg,BIODEGRADABLE
train,train,biodegradable288_jpg.rf.65b3113111b407edfed2ca84b4d7d0bb.jpg,BIODEGRADABLE
train,train,biodegradable289_jpg.rf.36f8b1db35ec0fb662c8a8af5eeb96a8.jpg,BIODEGRADABLE
train,train,biodegradable28_jpg.rf.c8b664031afea54419d67d7e7160cf5b.jpg,BIODEGRADABLE
train,train,biodegradable290_jpg.rf.25f6b3e38d72f1589517c9cf34adc9a9.jpg,BIODEGRADABLE
train,train,biodegradable291_jpg.rf.6f5208c92829a791787e49c9631e433f.jpg,BIODEGRADABLE
train,train,biodegradable292_jpg.rf.f74e559559cdfde170fffaa3bb0c9c26.jpg,BIODEGRADABLE
train,train,biodegradable293_jpg.rf.5498e3027b01f742157d4e5553cbaea2.jpg,BIODEGRADABLE
train,train,biodegradable294_jpg.rf.d55db041b24e8fa8abd07d2132134eeb.jpg,BIODEGRADABLE
train,train,biodegradable295_jpg.rf.1c8826add0afb0466c9753b41cd1c448.jpg,BIODEGRADABLE
train,valid,biodegradable296_jpg.rf.57f93675dabeb34a929471063514d693.jpg,BIODEGRADABLE
train,train,biodegradable298_jpg.rf.553f05ab07861749f8051782ea579254.jpg,BIODEGRADABLE
train,train,biodegradable299_jpg.rf.4bfd4b5d28a64ff099379fad48bca300.jpg,BIODEGRADABLE
train,train,biodegradable29_jpg.rf.a3ec2f9c9859f3e7c50ed33102b72300.jpg,BIODEGRADABLE
train,valid,biodegradable300_jpg.rf.89f17088c0a86e6d7cc943bc2d5a49a9.jpg,BIODEGRADABLE
train,valid,biodegradable302_jpg.rf.847d5d37906ccd0f96b7995d2f8125d0.jpg,BIODEGRADABLE
train,valid,biodegradable303_jpg.rf.f95d45e388b8da6e29cdb20a2f6e0d4a.jpg,BIODEGRADABLE
train,valid,biodegradable304_jpg.rf.3fb6009c6a26c5f0f184a722ef1cb21a.jpg,BIODEGRADABLE
train,train,biodegradable305_jpg.rf.8b7a6b6ff929e35face4f90b33ad5b87.jpg,BIODEGRADABLE
train,train,biodegradable306_jpg.rf.f678124a24d4b18ab4b35cbb3df9f3a2.jpg,BIODEGRADABLE
train,valid,biodegradable307_jpg.rf.09d6447764a8ad2c4566ff96fb29a8a4.jpg,BIODEGRADABLE
train,train,biodegradable308_jpg.rf.f5ced69072277a5379371d32a6a5a66c.jpg,BIODEGRADABLE
train,valid,biodegradable311_jpg.rf.a4c7f7a7d3670e501435563705de6ddf.jpg,BIODEGRADABLE
train,valid,biodegradable314_jpg.rf.9232ecb4ac56aca308acbad6a71b2194.jpg,BIODEGRADABLE
train,train,biodegradable315_jpg.rf.a86ef49dbe9ac4ccb2cf689b15aa0dc4.jpg,BIODEGRADABLE
train,valid,biodegradable316_jpg.rf.eede1791140bda24e0d4e526fd0978ed.jpg,BIODEGRADABLE
train,train,biodegradable318_jpg.rf.65028c0c22cce17844441caa59b3b8b1.jpg,BIODEGRADABLE
train,valid,biodegradable319_jpg.rf.5ccc13781878b1d50e5ae2cd852941d3.jpg,BIODEGRADABLE
train,train,biodegradable31_jpg.rf.88fdb4c2bce127650aca7425631fc5a2.jpg,BIODEGRADABLE
train,valid,biodegradable322_jpg.rf.378b71afb279106e81f96b7b810d0553.jpg,BIODEGRADABLE
train,valid,biodegradable323_jpg.rf.5ca5565d685c092a6ab7681065500e76.jpg,BIODEGRADABLE
train,train,biodegradable325_jpg.rf.692de56668f677fc01f342011fdd5edc.jpg,BIODEGRADABLE
train,train,biodegradable327_jpg.rf.90b2bc9582804abbb1ee7fe08134de73.jpg,BIODEGRADABLE
train,train,biodegradable329_jpg.rf.4f52c3d9e00581b53154eacc5b89ef39.jpg,BIODEGRADABLE
train,train,biodegradable32_jpg.rf.f398955d99905bfdcdc3f458e594e450.jpg,BIODEGRADABLE
train,train,biodegradable330_jpg.rf.d77419b60468d586debc50b2d82bfa06.jpg,BIODEGRADABLE
train,train,biodegradable331_jpg.rf.a8589068093509d4b44940185a67b688.jpg,BIODEGRADABLE
train,valid,biodegradable333_jpg.rf.7d488727e286e529862512e58bdf8f1f.jpg,BIODEGRADABLE
train,valid,biodegradable337_jpg.rf.6eb2b64f4a9641c1a2ec9abb691f3465.jpg,BIODEGRADABLE
train,train,biodegradable339_jpg.rf.aba48fc9c249cf033a35c56ade47d8ca.jpg,BIODEGRADABLE
train,valid,biodegradable340_jpg.rf.7b788e1d76ff54d04d76e3f0dce9c2f7.jpg,BIODEGRADABLE
train,train,biodegradable342_jpg.rf.5549882f3b0ebb0604baa7f054bd13c0.jpg,BIODEGRADABLE
train,train,biodegradable344_jpg.rf.8a09e54d3c1b844efd4521a3e0153153.jpg,BIODEGRADABLE
train,valid,biodegradable345_jpg.rf.050f29e09dea86a70d792e6b0b39fa22.jpg,BIODEGRADABLE
train,valid,biodegradable348_jpg.rf.df5bd5b6ebae26aa4e324dedaaf1cbae.jpg,BIODEGRADABLE
train,train,biodegradable350_jpg.rf.b10b2b09c0b25c30fbdea5dd3ec1a60f.jpg,BIODEGRADABLE
train,train,biodegradable351_jpg.rf.61fdbc215ae5b37b72e5971d77773548.jpg,BIODEGRADABLE
train,train,biodegradable352_jpg.rf.fb2e57a9445f06ea6e4c887db351554c.jpg,BIODEGRADABLE
train,train,biodegradable353_jpg.rf.063e0e2be1b5f66699a5d1016e70048a.jpg,BIODEGRADABLE
train,valid,biodegradable354_jpg.rf.14df40858e14a79b8e41dbb4a1bb8982.jpg,BIODEGRADABLE
train,train,biodegradable355_jpg.rf.699d000e1887a3bf12165ad6e1ff02ec.jpg,BIODEGRADABLE
train,valid,biodegradable356_jpg.rf.f8652aa58b8247543d3a788d4b29e644.jpg,BIODEGRADABLE
train,train,biodegradable358_jpg.rf.24d026340a42a1860ed478163544567d.jpg,BIODEGRADABLE
train,train,biodegradable360_jpg.rf.060dc366021014f9e9903a2dec0a6384.jpg,BIODEGRADABLE
train,train,biodegradable361_jpg.rf.28190f20c87e899a242d5535bfe525a3.jpg,BIODEGRADABLE
train,train,biodegradable363_jpg.rf.6ba7e2937823a8a05b0da0d00a02e6bc.jpg,BIODEGRADABLE
train,train,biodegradable364_jpg.rf.2011a0f68d6f87561ad694c5f43e89f9.jpg,BIODEGRADABLE
train,train,biodegradable365_jpg.rf.986d7f7471c78efd0aaebebb0bd01213.jpg,BIODEGRADABLE
train,train,biodegradable366_jpg.rf.09e6cd29dee38feb3b4df80653e5fb0f.jpg,BIODEGRADABLE
train,train,biodegradable369_jpg.rf.18fb1dfb5717a31c11ae19106af11e50.jpg,BIODEGRADABLE
train,valid,biodegradable371_jpg.rf.7c96ad3660f5675173c7a048ae369cdd.jpg,BIODEGRADABLE
train,valid,biodegradable374_jpg.rf.ebd2d21ab9e7e1dbca3597ab6f27fb4c.jpg,BIODEGRADABLE
train,valid,biodegradable377_jpg.rf.fe6f07da4cf5ef11d239108284075618.jpg,BIODEGRADABLE
train,train,biodegradable378_jpg.rf.3616e3e36344805b7f3cae454c5beade.jpg,BIODEGRADABLE
train,valid,biodegradable379_jpg.rf.34bf350695555d2459c8ee986b4aee12.jpg,BIODEGRADABLE
train,train,biodegradable37_jpg.rf.9ce880f847351d7ea9f28688d8367517.jpg,BIODEGRADABLE
train,train,biodegradable381_jpg.rf.707fddc1174994066f2eb9d9cdf3e0ba.jpg,BIODEGRADABLE
train,valid,biodegradable382_jpg.rf.f5edc44351938c139973f9e746a48663.jpg,BIODEGRADABLE
train,valid,biodegradable384_jpg.rf.49c7cd92b971e921a16a66bf106f0d07.jpg,BIODEGRADABLE
train,valid,biodegradable385_jpg.rf.617ee6ec5d8e447bc028acc7887c6e23.jpg,BIODEGRADABLE
train,train,biodegradable386_jpg.rf.be0dc78a4cf1917500cf938bc19aca59.jpg,BIODEGRADABLE
train,train,biodegradable388_jpg.rf.a33f34718c49aa5c68e30aa7a145665f.jpg,BIODEGRADABLE
train,valid,biodegradable389_jpg.rf.97557599cf8f02a6bc45b96b4dd88a27.jpg,BIODEGRADABLE
train,valid,biodegradable38_jpg.rf.61915dfdfeea7211e7ac26bb6697351d.jpg,BIODEGRADABLE
train,valid,biodegradable390_jpg.rf.01731e3b053e12f5733366ba5b4147a5.jpg,BIODEGRADABLE
train,train,biodegradable391_jpg.rf.adac40cacf0b5671408b667361443fba.jpg,BIODEGRADABLE
train,train,biodegradable393_jpg.rf.1e77fdaded43433f7f3e1fada435ce57.jpg,BIODEGRADABLE
train,train,biodegradable395_jpg.rf.cff6e419fc699d93968dbc2b2ac21260.jpg,BIODEGRADABLE
train,train,biodegradable396_jpg.rf.7093250c5b3be6747c1dfcc871badde4.jpg,BIODEGRADABLE
train,valid,biodegradable397_jpg.rf.471a03889d6e3140443821d02c0d80f4.jpg,BIODEGRADABLE
train,valid,biodegradable398_jpg.rf.71fcc5b097f7b72fc3ed4f0ecae2956f.jpg,BIODEGRADABLE
train,train,biodegradable39_jpg.rf.712e72a157165848a9286e0253f2e871.jpg,BIODEGRADABLE
train,train,biodegradable3_jpg.rf.adb5973bd4b993a00099ff0178aadba0.jpg,BIODEGRADABLE
train,train,biodegradable400_jpg.rf.34e9c44830514962b2a3eb7a2d717548.jpg,BIODEGRADABLE
train,train,biodegradable401_jpg.rf.70724ad133de6c7a148d96793fb57151.jpg,BIODEGRADABLE
train,train,biodegradable402_jpg.rf.9797a63133491abba98fe48c72f7ebe2.jpg,BIODEGRADABLE
train,valid,biodegradable403_jpg.rf.3176385ca1698f60cf504240b5d2a8e1.jpg,BIODEGRADABLE
train,train,biodegradable404_jpg.rf.eada3506ad5ea004338a10b23d4f9c90.jpg,BIODEGRADABLE
train,train,biodegradable406_jpg.rf.e03b209591c011ada4772a5d0dac30b5.jpg,BIODEGRADABLE
train,valid,biodegradable408_jpg.rf.75ed8c9c7bc2d78de69eaed10b606e9f.jpg,BIODEGRADABLE
train,train,biodegradable409_jpg.rf.c988137f6f0efb00baff5dcdabd29fe8.jpg,BIODEGRADABLE
train,train,biodegradable40_jpg.rf.a10dbd470bfde230ae08f87ca61f39f4.jpg,BIODEGRADABLE
train,train,biodegradable411_jpg.rf.9f0341f1d675e42a172431313d80d96f.jpg,BIODEGRADABLE
train,valid,biodegradable413_jpg.rf.79a92165409e9ffbb2e02c36b410bad3.jpg,BIODEGRADABLE
train,train,biodegradable414_jpg.rf.7b21f8bca48ac338836113bfa08d4e90.jpg,BIODEGRADABLE
train,valid,biodegradable415_jpg.rf.c2e9b714e0dbcce8cff4de24e6c0c6df.jpg,BIODEGRADABLE
train,train,biodegradable419_jpg.rf.3cb6ccbe84af9a0d1a083252e479def4.jpg,BIODEGRADABLE
train,train,biodegradable41_jpg.rf.3afcd21cea04ff68e01cf9688264b869.jpg,BIODEGRADABLE
train,train,biodegradable421_jpg.rf.0d8bc76989848c2d9173e3c49c133867.jpg,BIODEGRADABLE
train,train,biodegradable423_jpg.rf.184a5477fd8f754c1274ab63c3236188.jpg,BIODEGRADABLE
train,train,biodegradable424_jpg.rf.021e72d27cb0141af5bcab4e582fddd5.jpg,BIODEGRADABLE
train,valid,biodegradable425_jpg.rf.bd3c79a7bacc97d1f17f1ea921466b06.jpg,BIODEGRADABLE
train,train,biodegradable426_jpg.rf.17f607ff473b1776bf49b3c609a5aaa9.jpg,BIODEGRADABLE
train,train,biodegradable427_jpg.rf.2a30a0c822ea33ca91698a14a4a6cf51.jpg,BIODEGRADABLE
train,train,biodegradable428_jpg.rf.bc80e47b148d6591eaf3601578f431ed.jpg,BIODEGRADABLE
train,train,biodegradable430_jpg.rf.dd70198f333cb4fb440cad1607e2d61e.jpg,BIODEGRADABLE
train,train,biodegradable432_jpg.rf.5831583c572af8ed6fafc9a3d503d547.jpg,BIODEGRADABLE
train,valid,biodegradable433_jpg.rf.0315c8583bb69f551042b8f92966758d.jpg,BIODEGRADABLE
train,train,biodegradable434_jpg.rf.dcf9d2fb339851f7900084a85715a27f.jpg,BIODEGRADABLE
train,train,biodegradable435_jpg.rf.595fd4685aa52770c24b0fb06d47e47f.jpg,BIODEGRADABLE
train,valid,biodegradable438_jpg.rf.0fd2a000ecb5f7087dccb3eab1e37458.jpg,BIODEGRADABLE
train,valid,biodegradable439_jpg.rf.c18ac376f1b3201c711bffdf05e5d82f.jpg,BIODEGRADABLE
train,train,biodegradable441_jpg.rf.7548fedc802f685621c400c1a52b3ee2.jpg,BIODEGRADABLE
train,valid,biodegradable442_jpg.rf.a128516fdfb4bcf7faddd718b8043788.jpg,BIODEGRADABLE
train,train,biodegradable443_jpg.rf.7cd0882d65d96ed0b65b619b95fd7457.jpg,BIODEGRADABLE
train,train,biodegradable444_jpg.rf.d9fe785a7d5a33915e12a01196d209c9.jpg,BIODEGRADABLE
train,train,biodegradable445_jpg.rf.3fb0f96610c2cdd3f6928a8950e531b5.jpg,BIODEGRADABLE
train,train,biodegradable446_jpg.rf.2e8d75e9e7b8d7968bbae7b66fbcb7ec.jpg,BIODEGRADABLE
train,valid,biodegradable447_jpg.rf.4587fc52eb309b3d0abe3b83c71bb2bd.jpg,BIODEGRADABLE
train,train,biodegradable448_jpg.rf.a7b730c2d24d0bffde53fe09358b8067.jpg,BIODEGRADABLE
train,train,biodegradable449_jpg.rf.95977834d2805e154be51b9d9ca1f4d0.jpg,BIODEGRADABLE
train,train,biodegradable44_jpg.rf.3b9f0da923f7ada42a4747dfff4dd92d.jpg,BIODEGRADABLE
train,valid,biodegradable450_jpg.rf.a5f7de0c08d0f8b9a359c6f3d06c7c6e.jpg,BIODEGRADABLE
train,train,biodegradable451_jpg.rf.725b64303c46b24bdd9d1907e7c2cb94.jpg,BIODEGRADABLE
train,train,biodegradable452_jpg.rf.1df2910bbe3dc5b348f92d01168f45c2.jpg,BIODEGRADABLE
train,train,biodegradable453_jpg.rf.c9c54435c02b8d09d9c49a2769f239e4.jpg,BIODEGRADABLE
train,valid,biodegradable455_jpg.rf.b7fb0582a6771ba08557c70e0f3304c6.jpg,BIODEGRADABLE
train,train,biodegradable456_jpg.rf.6796979e1bde834fe6d26ce59a356801.jpg,BIODEGRADABLE
train,train,biodegradable458_jpg.rf.865458c6edc9f23d93be65167abc07f0.jpg,BIODEGRADABLE
train,valid,biodegradable459_jpg.rf.15332bde3f5dde029d3a46c067f16de1.jpg,BIODEGRADABLE
train,valid,biodegradable45_jpg.rf.e504417221082d2d0fa094fdf7d2ed38.jpg,BIODEGRADABLE
train,train,biodegradable460_jpg.rf.f4a9f4c8cdb1b8cca47ed0bb652cdead.jpg,BIODEGRADABLE
train,valid,biodegradable461_jpg.rf.b0eb9e7a6b2cf6d626ed37405af0ee6d.jpg,BIODEGRADABLE
train,valid,biodegradable462_jpg.rf.82dcf804d6ff7f599a76f7fdfa905ad5.jpg,BIODEGRADABLE
train,train,biodegradable464_jpg.rf.3f88385c08930b22246c48e056218d79.jpg,BIODEGRADABLE
train,train,biodegradable465_jpg.rf.4d38fb64b9cc2c1dd1d2c5072bed43a2.jpg,BIODEGRADABLE
train,train,biodegradable468_jpg.rf.2828692b38b80fdd36b600dafcf3435a.jpg,BIODEGRADABLE
train,train,biodegradable469_jpg.rf.6da33c0c03107dfc41596574d6f2bd4d.jpg,BIODEGRADABLE
train,train,biodegradable471_jpg.rf.9ccd5c55659db75536c30dff4740163f.jpg,BIODEGRADABLE
train,valid,biodegradable472_jpg.rf.248b94449ec7c86e79c166aeb040a65a.jpg,BIODEGRADABLE
train,train,biodegradable473_jpg.rf.8620ac1d69bcee0bf7a6e9001890ab70.jpg,BIODEGRADABLE
train,train,biodegradable474_jpg.rf.b2f24ee466b991f77d211da00e279646.jpg,BIODEGRADABLE
train,train,biodegradable475_jpg.rf.2b27e45b60ed38e5923c27faa9fdb819.jpg,BIODEGRADABLE
train,valid,biodegradable476_jpg.rf.e065c5475ade3e2a50bc21a58e733663.jpg,BIODEGRADABLE
train,valid,biodegradable477_jpg.rf.30f26e7a077875000886b5c7d036a789.jpg,BIODEGRADABLE
train,train,biodegradable478_jpg.rf.6b8b9ad685a43b5bc54023c78b7d23e2.jpg,BIODEGRADABLE
train,train,biodegradable479_jpg.rf.96e036ef46ff7582d15a30401d8e6e20.jpg,BIODEGRADABLE
train,train,biodegradable481_jpg.rf.bb6b4f55244b2a64fffece70f7b91ea6.jpg,BIODEGRADABLE
train,valid,biodegradable482_jpg.rf.f0014da158468a41fb1a17b2afbcdc90.jpg,BIODEGRADABLE
train,train,biodegradable483_jpg.rf.a87d2580f0308e38b2cd441556235ea7.jpg,BIODEGRADABLE
train,train,biodegradable484_jpg.rf.e6088087e2501af9de570b151fa8ce0f.jpg,BIODEGRADABLE
train,train,biodegradable485_jpg.rf.29dea244d0db887aa3f0f3f492e8001d.jpg,BIODEGRADABLE
train,valid,biodegradable488_jpg.rf.f38d3e35ec1495c3fe880fbb612f725e.jpg,BIODEGRADABLE
train,train,biodegradable489_jpg.rf.a46091014ec2457be8addb276d0038c7.jpg,BIODEGRADABLE
train,train,biodegradable48_jpg.rf.d4237fb2272b4d2c9a22cb6a46e66616.jpg,BIODEGRADABLE
train,train,biodegradable490_jpg.rf.4eda1237007dbc644bf3c1e84ff5dc6b.jpg,BIODEGRADABLE
train,valid,biodegradable491_jpg.rf.6ba6c396536c8a5165b07e2e3369337e.jpg,BIODEGRADABLE
train,train,biodegradable492_jpg.rf.362be061d2c9cc2f71996cc7fbe37459.jpg,BIODEGRADABLE
train,valid,biodegradable493_jpg.rf.4c81aeac6f230ae7465cac6116877fcf.jpg,BIODEGRADABLE
train,valid,biodegradable494_jpg.rf.bcfb34e8b07be168ea27f27cf8ef567f.jpg,BIODEGRADABLE
train,train,biodegradable495_jpg.rf.b010cd1dda4a9ddb91f43322e11cb5b2.jpg,BIODEGRADABLE
train,train,biodegradable496_jpg.rf.9c806d9d860b6230b15e890f9dddea0e.jpg,BIODEGRADABLE
train,train,biodegradable499_jpg.rf.deb1d6084ec60d08109d2ac185f08055.jpg,BIODEGRADABLE
train,train,biodegradable49_jpg.rf.d3262d0327bf214536156e212f6a1997.jpg,BIODEGRADABLE
train,valid,biodegradable500_jpg.rf.6b9a462ea8ad0c0681a2bcfc0d16ffb4.jpg,BIODEGRADABLE
train,valid,biodegradable501_jpg.rf.210f7bd334d9f2e71a2efd0155ddd14a.jpg,BIODEGRADABLE
train,valid,biodegradable502_jpg.rf.1914e542003785e91124f9c230db6a7c.jpg,BIODEGRADABLE
train,train,biodegradable503_jpg.rf.e9b4bd8067ad7d0528a5b1ee7a5ef7ba.jpg,BIODEGRADABLE
train,valid,biodegradable504_jpg.rf.9b6fe5c3435c381102ef38425da2222b.jpg,BIODEGRADABLE
train,train,biodegradable505_jpg.rf.b08d3555f6c2d35e062e3f17b35e9595.jpg,BIODEGRADABLE
train,train,biodegradable506_jpg.rf.2991146a67dd9170d89f2eda9401bc7f.jpg,BIODEGRADABLE
train,train,biodegradable507_jpg.rf.fff841735b8080fe3cfb4f9cbf25d269.jpg,BIODEGRADABLE
train,valid,biodegradable508_jpg.rf.c7840d86a2e1a256cf68730ffe1a34c3.jpg,BIODEGRADABLE
train,valid,biodegradable509_jpg.rf.1de35a0cd54b1a2ff8501cb46241c914.jpg,BIODEGRADABLE
train,train,biodegradable50_jpg.rf.ffabe1f74739d0b2dd48655ad297946f.jpg,BIODEGRADABLE
train,train,biodegradable510_jpg.rf.64586bcc54fb372672d21259db677f5d.jpg,BIODEGRADABLE
train,train,biodegradable511_jpg.rf.d740edb6af88f7086530b0ecd0269091.jpg,BIODEGRADABLE
train,train,biodegradable513_jpg.rf.56a2082103c347ddcd537d35f45e16f9.jpg,BIODEGRADABLE
train,train,biodegradable516_jpg.rf.c167bfc9e5e047a8b47b59d5738b2559.jpg,BIODEGRADABLE
train,train,biodegradable517_jpg.rf.76b01a36073de223a9838d6508aa03b6.jpg,BIODEGRADABLE
train,train,biodegradable518_jpg.rf.b8d50d9f4efebefb5eea4fdea9e7a5cc.jpg,BIODEGRADABLE
train,train,biodegradable519_jpg.rf.f2dcf13fffedc0768dda1b9ecf247492.jpg,BIODEGRADABLE
train,train,biodegradable520_jpg.rf.cbdb6051784532da8e82625aedff6e6f.jpg,BIODEGRADABLE
train,valid,biodegradable521_jpg.rf.2df9c1637192debb6ddda591979ec157.jpg,BIODEGRADABLE
train,train,biodegradable523_jpg.rf.1fd73a1d93deef266c487b1691b83652.jpg,BIODEGRADABLE
train,valid,biodegradable524_jpg.rf.4ee01e0561f3f80ef80ddcf911ef0768.jpg,BIODEGRADABLE
train,train,biodegradable525_jpg.rf.fbf66cf9cb89e036a7f855d8365cc766.jpg,BIODEGRADABLE
train,train,biodegradable527_jpg.rf.71920f5ee45c9897663bd345789de8b4.jpg,BIODEGRADABLE
train,train,biodegradable529_jpg.rf.740b2268f180ff4ad4d20e708616858a.jpg,BIODEGRADABLE
train,valid,biodegradable530_jpg.rf.a0801a89121d173f2bcbdb9ad8a8ec49.jpg,BIODEGRADABLE
train,valid,biodegradable531_jpg.rf.03e115a8658ff3367ab4f61160778fad.jpg,BIODEGRADABLE
train,train,biodegradable533_jpg.rf.db28ec1d92dc641b4f9028efc66c6493.jpg,BIODEGRADABLE
train,train,biodegradable534_jpg.rf.d74281066892de9dddb5e2a097b2a381.jpg,BIODEGRADABLE
train,train,biodegradable535_jpg.rf.9e7a4fa7a9a5165e28359cd163409635.jpg,BIODEGRADABLE
train,train,biodegradable536_jpg.rf.65be840c2d9fe59bc1d4dd6004e94978.jpg,BIODEGRADABLE
train,valid,biodegradable537_jpg.rf.8eef38730f3ef70d7c7dd389febb2f26.jpg,BIODEGRADABLE
train,train,biodegradable538_jpg.rf.cdcc82cf2795172d654a895053706507.jpg,BIODEGRADABLE
train,train,biodegradable53_jpg.rf.66fc5208fa423dc05ad82734e48e35ec.jpg,BIODEGRADABLE
train,valid,biodegradable540_jpg.rf.f7e5cfcc33ae248130ec8aa5965afa1c.jpg,BIODEGRADABLE
train,valid,biodegradable541_jpg.rf.baee5c039345169c84591774095bb7f5.jpg,BIODEGRADABLE
train,train,biodegradable542_jpg.rf.8ddacd656d924489eccbb2e2f8d42d3e.jpg,BIODEGRADABLE
train,train,biodegradable544_jpg.rf.62547e2240197bdab09ed023886f730e.jpg,BIODEGRADABLE
train,valid,biodegradable545_jpg.rf.221b16c94387b66692f4e25e3c67c662.jpg,BIODEGRADABLE
train,valid,biodegradable546_jpg.rf.69d0785a9badbdea792d4517fb8d9067.jpg,BIODEGRADABLE
train,train,biodegradable547_jpg.rf.90678c5bf623321b36b1b3497a20fe74.jpg,BIODEGRADABLE
train,train,biodegradable549_jpg.rf.2b8f66e12a22cc52fcabd283d59f6400.jpg,BIODEGRADABLE
train,train,biodegradable54_jpg.rf.c0c3490b917c9217ebcc7fe05fc04da7.jpg,BIODEGRADABLE
train,valid,biodegradable550_jpg.rf.aacb6e99df4c66562551aada5aba3f2d.jpg,BIODEGRADABLE
train,train,biodegradable552_jpg.rf.8c2a0650a5f60c963cffd64e2c1e7109.jpg,BIODEGRADABLE
train,valid,biodegradable553_jpg.rf.ce96a8112c0b432848ab3eba99ac40e1.jpg,BIODEGRADABLE
train,train,biodegradable554_jpg.rf.2a556e213c85f87484357eba71d9f284.jpg,BIODEGRADABLE
train,train,biodegradable555_jpg.rf.98e0e0890a85ec93429f5cff20fc6b3c.jpg,BIODEGRADABLE
train,train,biodegradable556_jpg.rf.2690a23b93068893f2a8d956c5471932.jpg,BIODEGRADABLE
train,train,biodegradable557_jpg.rf.5203521fee7c6edec68eef4f17b902db.jpg,BIODEGRADABLE
train,train,biodegradable558_jpg.rf.42c86051a62bb25e1f443909ea36c60f.jpg,BIODEGRADABLE
train,train,biodegradable55_jpg.rf.607dc343d740c03f68519963d53eb4d5.jpg,BIODEGRADABLE
train,train,biodegradable561_jpg.rf.bb72698ed7dde4ee654f915b4c2b005f.jpg,BIODEGRADABLE
train,train,biodegradable562_jpg.rf.af04e1f2800352246db295cc3bb106ac.jpg,BIODEGRADABLE
train,valid,biodegradable564_jpg.rf.8094706064a626c63247373bc920d4ab.jpg,BIODEGRADABLE
train,valid,biodegradable565_jpg.rf.61a3ff21ce32f361b9289b2667e5aa44.jpg,BIODEGRADABLE
train,train,biodegradable566_jpg.rf.f39d34c0460ca102e4a40c8d50721d96.jpg,BIODEGRADABLE
train,train,biodegradable568_jpg.rf.0a6b354a05e41d3dfe33b1003600b950.jpg,BIODEGRADABLE
train,train,biodegradable569_jpg.rf.aba71e91a6abdd12848ffe599762461e.jpg,BIODEGRADABLE
train,train,biodegradable572_jpg.rf.6ce8e5264c5183ea7e2dcb1f6aaf3ec0.jpg,BIODEGRADABLE
train,train,biodegradable573_jpg.rf.b4aa33899dac9c43b41bfe8f916479bd.jpg,BIODEGRADABLE
train,train,biodegradable576_jpg.rf.baac77aa1a2c73760a8de74bc9be2758.jpg,BIODEGRADABLE
train,train,biodegradable577_jpg.rf.2bc5f96510943fed55d1fef666814dbf.jpg,BIODEGRADABLE
train,train,biodegradable579_jpg.rf.83f5ff72746b148fba0721f764ea561a.jpg,BIODEGRADABLE
train,train,biodegradable57_jpg.rf.1941b867d7feb3de028ea3e6b3a0dd4f.jpg,BIODEGRADABLE
train,valid,biodegradable581_jpg.rf.721cb7aa104da511227dbb4129cd154f.jpg,BIODEGRADABLE
train,valid,biodegradable582_jpg.rf.6afdc8e877ee4234d0ce347cc593140e.jpg,BIODEGRADABLE
train,valid,biodegradable585_jpg.rf.614214905eb9652f8a4ccef1067be30b.jpg,BIODEGRADABLE
train,train,biodegradable587_jpg.rf.c3042691cf808286383e22361b16c23e.jpg,BIODEGRADABLE
train,train,biodegradable588_jpg.rf.fb277a01dd3bb2608c5c8c7de3be2c63.jpg,BIODEGRADABLE
train,train,biodegradable589_jpg.rf.22b143a9998f789754396b74d0ba97d8.jpg,BIODEGRADABLE
train,train,biodegradable591_jpg.rf.01407a58d13b2f21d502eea04332423f.jpg,BIODEGRADABLE
train,train,biodegradable592_jpg.rf.ef444b65d70e6f68a035b0044dbd1792.jpg,BIODEGRADABLE
train,valid,biodegradable593_jpg.rf.07025ed3e8df5baa2cbae15717ce4403.jpg,BIODEGRADABLE
train,train,biodegradable594_jpg.rf.fc56b7b1b2ddef00632e75a3493abd79.jpg,BIODEGRADABLE
train,valid,biodegradable596_jpg.rf.44c538548fa156ab254334f30e778726.jpg,BIODEGRADABLE
train,valid,biodegradable597_jpg.rf.c16181782760f97824bfa2da066234be.jpg,BIODEGRADABLE
train,train,biodegradable598_jpg.rf.ccf143d72ff30dc6dda147d23907970d.jpg,BIODEGRADABLE
train,train,biodegradable59_jpg.rf.4d0e0cf29eed8663185ef2d0731d3122.jpg,BIODEGRADABLE
train,train,biodegradable600_jpg.rf.1690935de3f7cdd3a160579f6fdc52e0.jpg,BIODEGRADABLE
train,train,biodegradable602_jpg.rf.e37173ef1b56508e487a412b635f5717.jpg,BIODEGRADABLE
train,train,biodegradable604_jpg.rf.c4fc36eb7ebf2038111b1c3a356b9fb0.jpg,BIODEGRADABLE
train,train,biodegradable605_jpg.rf.49c687cdb8c5d24f778eb0506291e018.jpg,BIODEGRADABLE
train,valid,biodegradable606_jpg.rf.f1d82a6fa3edca4b14354ddc9d6e74ca.jpg,BIODEGRADABLE
train,valid,biodegradable608_jpg.rf.6404bf7defee40f16acb09b99657bb34.jpg,BIODEGRADABLE
train,train,biodegradable609_jpg.rf.07b76511cc70f45a48c104eab4bf0349.jpg,BIODEGRADABLE
train,train,biodegradable60_jpg.rf.4fdee07af3a984bf48244609e0e0c5a1.jpg,BIODEGRADABLE
train,train,biodegradable611_jpg.rf.ae398a3cb608751c77eb6f571422c8ef.jpg,BIODEGRADABLE
train,valid,biodegradable614_jpg.rf.940d2554ac370fe2a4f820f08c0fa309.jpg,BIODEGRADABLE
train,train,biodegradable615_jpg.rf.9ce7228788a05cb317f8c73854b6f173.jpg,BIODEGRADABLE
train,train,biodegradable617_jpg.rf.a47e8d8abba35104f4ecc4637b52ef4e.jpg,BIODEGRADABLE
train,train,biodegradable618_jpg.rf.bf4d8cb5535d54f511fb41a9402ff9b6.jpg,BIODEGRADABLE
train,train,biodegradable619_jpg.rf.1cebf30d3ab76a2eacf2adca5dbfcc8d.jpg,BIODEGRADABLE
train,train,biodegradable621_jpg.rf.9bdc71779ef0c0154178bf36da493d55.jpg,BIODEGRADABLE
train,valid,biodegradable624_jpg.rf.7a0490e58fee908615bf65cb643137dc.jpg,BIODEGRADABLE
train,train,biodegradable625_jpg.rf.75dd580a563fee96b8bcbd1736a206ba.jpg,BIODEGRADABLE
train,train,biodegradable626_jpg.rf.5aee82bf9857192b81511edde240967f.jpg,BIODEGRADABLE
train,train,biodegradable627_jpg.rf.d0e8c46a5b040825487282568c299217.jpg,BIODEGRADABLE
train,train,biodegradable628_jpg.rf.50078082714c721e4cf49ff508655013.jpg,BIODEGRADABLE
train,train,biodegradable629_jpg.rf.600951c896f09f90401b3eefc0328a3d.jpg,BIODEGRADABLE
train,train,biodegradable62_jpg.rf.3029e2b9306a997c4950dea2d963bebf.jpg,BIODEGRADABLE
train,train,biodegradable632_jpg.rf.7d47628b868b31a71f00fb2681cbcc83.jpg,BIODEGRADABLE
train,train,biodegradable635_jpg.rf.e36d95fe5e2b2210ae8c1411dbe1675f.jpg,BIODEGRADABLE
train,train,biodegradable636_jpg.rf.d12c615c58fb334ba6fd458b4bb87f3c.jpg,BIODEGRADABLE
train,train,biodegradable637_jpg.rf.983c24bf0978256c2bf49727aac8a258.jpg,BIODEGRADABLE
train,train,biodegradable638_jpg.rf.5af902c7ab98a52a532e0c10ff7f046e.jpg,BIODEGRADABLE
train,train,biodegradable63_jpg.rf.e16af932edc5d2e820c937cb99744e23.jpg,BIODEGRADABLE
train,train,biodegradable640_jpg.rf.8370684cf458e2f47b0282cd1caf837a.jpg,BIODEGRADABLE
train,train,biodegradable642_jpg.rf.c138ae5f02352d1cb6e13e8a0c5284af.jpg,BIODEGRADABLE
train,train,biodegradable643_jpg.rf.5388a87a7b916086cb50126614b81a0e.jpg,BIODEGRADABLE
train,valid,biodegradable644_jpg.rf.ee5a7114b6c61b4600fd645d5a689054.jpg,BIODEGRADABLE
train,train,biodegradable646_jpg.rf.40f84f22bf1b30f64e5da208e58a60a3.jpg,BIODEGRADABLE
train,train,biodegradable647_jpg.rf.da6bb96e9e2f330092adbf56f1b3fa71.jpg,BIODEGRADABLE
train,valid,biodegradable648_jpg.rf.dca7224a64552f704974c664b1c5f8f0.jpg,BIODEGRADABLE
train,train,biodegradable649_jpg.rf.79f34bed5a5fa053c330aedbfb90b60a.jpg,BIODEGRADABLE
train,valid,biodegradable651_jpg.rf.317d704db2e5654192eb2ccee100bf0e.jpg,BIODEGRADABLE
train,train,biodegradable652_jpg.rf.c3d9ab6260ee4bc04fdcdfc710e1f2c6.jpg,BIODEGRADABLE
train,valid,biodegradable653_jpg.rf.82bda44a73232365e226592b30397d4b.jpg,BIODEGRADABLE
train,train,biodegradable654_jpg.rf.1799277a1c9a6c29d98f06af1dfa1f68.jpg,BIODEGRADABLE
train,train,biodegradable655_jpg.rf.791a5347c46215791d5c9db44d6a8547.jpg,BIODEGRADABLE
train,train,biodegradable656_jpg.rf.0f881c5c708ca136e1c9eb4c9e886100.jpg,BIODEGRADABLE
train,valid,biodegradable658_jpg.rf.b75eb391ad3188292cbbf6f6465fc7d5.jpg,BIODEGRADABLE
train,train,biodegradable659_jpg.rf.83bd0962824a2cd5e17b997a301b8b8e.jpg,BIODEGRADABLE
train,train,biodegradable65_jpg.rf.a56f6e7893f8c02101e115fc5e723870.jpg,BIODEGRADABLE
train,train,biodegradable661_jpg.rf.0cb3d936fac5395c332b0cb576d7edb4.jpg,BIODEGRADABLE
train,train,biodegradable662_jpg.rf.e0760772ac6b3d87478cd07c9bbb2cb2.jpg,BIODEGRADABLE
train,valid,biodegradable663_jpg.rf.74da8275ae7288003d9214185e45c7f7.jpg,BIODEGRADABLE
train,valid,biodegradable664_jpg.rf.6dfd086b1c171f32e2374f543529029d.jpg,BIODEGRADABLE
train,train,biodegradable666_jpg.rf.378c5b088f795ddaf27aeb8198a5406f.jpg,BIODEGRADABLE
train,valid,biodegradable667_jpg.rf.300dbda4b0c4d3c1fe7e896e9025b23f.jpg,BIODEGRADABLE
train,valid,biodegradable668_jpg.rf.1e0b708774083f496e29a63e3b696b63.jpg,BIODEGRADABLE
train,train,biodegradable669_jpg.rf.230afbc18424f318b94bc4c055256036.jpg,BIODEGRADABLE
train,valid,biodegradable66_jpg.rf.98f0a64083a666f1fad97ded97b5497f.jpg,BIODEGRADABLE
train,train,biodegradable670_jpg.rf.ce09d71a1d56074ac512a20d03e33e15.jpg,BIODEGRADABLE
train,train,biodegradable671_jpg.rf.b9a1aac9dd538979a71182c6a3d381d5.jpg,BIODEGRADABLE
train,train,biodegradable673_jpg.rf.d0854efc08aadf27275fe050298abd4f.jpg,BIODEGRADABLE
train,valid,biodegradable675_jpg.rf.b52e6fec896abe139e8b381f23f8011b.jpg,BIODEGRADABLE
train,valid,biodegradable676_jpg.rf.e530551e794a6587132b50ed2963d3df.jpg,BIODEGRADABLE
train,train,biodegradable677_jpg.rf.db58818624b49a9a48393982f311e66d.jpg,BIODEGRADABLE
train,train,biodegradable679_jpg.rf.b725b8b798d1700288908d60753bd584.jpg,BIODEGRADABLE
train,train,biodegradable67_jpg.rf.8fdb1eca140533974089f39163a86537.jpg,BIODEGRADABLE
train,valid,biodegradable681_jpg.rf.1868e5c5a73acaeb8178bfd45d39bf54.jpg,BIODEGRADABLE
train,train,biodegradable682_jpg.rf.81705860509f70fa8779f547a7cea49d.jpg,BIODEGRADABLE
train,valid,biodegradable683_jpg.rf.4e3174d6102d7d890c8e0053ee9d2fb4.jpg,BIODEGRADABLE
train,train,biodegradable685_jpg.rf.56deea506d5883031dcbbd5f5a8ac649.jpg,BIODEGRADABLE
train,train,biodegradable686_jpg.rf.966490c46864b683e887b93f3c5c7df7.jpg,BIODEGRADABLE
train,train,biodegradable687_jpg.rf.b245462d734888fc6fdd12b5306d2b10.jpg,BIODEGRADABLE
train,train,biodegradable689_jpg.rf.6ed2d1f3666dcb65d70f1f79149aec8c.jpg,BIODEGRADABLE
train,valid,biodegradable690_jpg.rf.f915fed8ac8d434808b33aaff6295c9b.jpg,BIODEGRADABLE
train,valid,biodegradable691_jpg.rf.53331651ae75da821d8e1c8f455dc98b.jpg,BIODEGRADABLE
train,train,biodegradable692_jpg.rf.733141404a31b986f1ad352abe3301e8.jpg,BIODEGRADABLE
train,train,biodegradable693_jpg.rf.af78229ec9590160c4084271584fa5d5.jpg,BIODEGRADABLE
train,train,biodegradable695_jpg.rf.26c6542a1e62f4c74d179f9a74cc2b13.jpg,BIODEGRADABLE
train,train,biodegradable696_jpg.rf.b249236a6dbbe91e076f7f0293b8ef8d.jpg,BIODEGRADABLE
train,valid,biodegradable697_jpg.rf.0c4adf3d19beda576e493bb66444d8ba.jpg,BIODEGRADABLE
train,train,biodegradable699_jpg.rf.c34c800daf5ae7a2af3c356acef74ad1.jpg,BIODEGRADABLE
train,train,biodegradable69_jpg.rf.f3780ec9e0d768c78ded9ff36a377d43.jpg,BIODEGRADABLE
train,train,biodegradable701_jpg.rf.877c3020022169ef7f25d8836e1f69da.jpg,BIODEGRADABLE
train,train,biodegradable702_jpg.rf.9356ed15e1a3fe50da5553d921fe624f.jpg,BIODEGRADABLE
train,train,biodegradable705_jpg.rf.ff7f37261b5454f631fee117d3a516cb.jpg,BIODEGRADABLE
train,train,biodegradable706_jpg.rf.676e752bc88661703b2cd69247f1f4c8.jpg,BIODEGRADABLE
train,train,biodegradable709_jpg.rf.d5a26268cb2f36af96da9aa6f3c904ac.jpg,BIODEGRADABLE
train,valid,biodegradable70_jpg.rf.246f821e87bd2a29145ee244e7f34f04.jpg,BIODEGRADABLE
train,train,biodegradable710_jpg.rf.fb05e6cc823f981a761a38ce743b6d43.jpg,BIODEGRADABLE
train,train,biodegradable711_jpg.rf.80ea88e152c7950ec2c6b3d14a8b5f8f.jpg,BIODEGRADABLE
train,train,biodegradable712_jpg.rf.dd308c1e585897e58b8dbbd87b30503c.jpg,BIODEGRADABLE
train,valid,biodegradable717_jpg.rf.c7db58c1fd2a14935a0d2693bb0984c8.jpg,BIODEGRADABLE
train,valid,biodegradable718_jpg.rf.0c16930ef0a78a8620832f7a25cb60f1.jpg,BIODEGRADABLE
train,valid,biodegradable719_jpg.rf.64782f4c639c8927a0a0c1559f7817af.jpg,BIODEGRADABLE
train,train,biodegradable71_jpg.rf.ed3b66d3c941561b26bc7967c311423a.jpg,BIODEGRADABLE
train,train,biodegradable721_jpg.rf.2c911b82a60d9404dcf90e2c74329a6a.jpg,BIODEGRADABLE
train,valid,biodegradable723_jpg.rf.b2a0be0cb71770779f9cdfaee300209f.jpg,BIODEGRADABLE
train,train,biodegradable725_jpg.rf.078b3f8e4256c7afa4fc1679a920217b.jpg,BIODEGRADABLE
train,train,biodegradable726_jpg.rf.afd6b843aa6eb85185069c717e9a416e.jpg,BIODEGRADABLE
train,train,biodegradable727_jpg.rf.d678d0fd1b667adead5c0e51217e0e89.jpg,BIODEGRADABLE
train,train,biodegradable728_jpg.rf.1f6f752aa3aac00c01e76671a07ab491.jpg,BIODEGRADABLE
train,valid,biodegradable729_jpg.rf.b465a0f5d7866bb322568d9123bd79ea.jpg,BIODEGRADABLE
train,valid,biodegradable72_jpg.rf.5911d7570a2c3882a33db7e07381138b.jpg,BIODEGRADABLE
train,train,biodegradable730_jpg.rf.3218e93567a54608f4ffc0272de5926e.jpg,BIODEGRADABLE
train,valid,biodegradable731_jpg.rf.3cd060da126e123b9bf4bfb67eb903e6.jpg,BIODEGRADABLE
train,train,biodegradable733_jpg.rf.5b88b5ea097207c8724ff8b47f53605f.jpg,BIODEGRADABLE
train,valid,biodegradable734_jpg.rf.028f8a32adcf201f85033d81a941b559.jpg,BIODEGRADABLE
train,train,biodegradable736_jpg.rf.bcc0908f5efaaeab348847cd38e137b8.jpg,BIODEGRADABLE
train,train,biodegradable737_jpg.rf.38456e613453dc9b8af6d3d509cb701b.jpg,BIODEGRADABLE
train,train,biodegradable739_jpg.rf.ea8feb3eeb55c65131280e78ba8dd8fa.jpg,BIODEGRADABLE
train,train,biodegradable740_jpg.rf.c87d59dd23a64358dd8326530d967f06.jpg,BIODEGRADABLE
train,train,biodegradable741_jpg.rf.472b51c6770ae7974b03e237ea847d2c.jpg,BIODEGRADABLE
train,train,biodegradable742_jpg.rf.aaaab22e29e32bcd16def1675a641413.jpg,BIODEGRADABLE
train,valid,biodegradable743_jpg.rf.55b9c3b628b3503fe1485cc087d2795b.jpg,BIODEGRADABLE
train,valid,biodegradable744_jpg.rf.baa563d1f51465845d9510a32cd5c2fa.jpg,BIODEGRADABLE
train,valid,biodegradable745_jpg.rf.b22509443d99e71bea4a1b281b2e2d8c.jpg,BIODEGRADABLE
train,valid,biodegradable746_jpg.rf.e2a16ed9ba85e2e7ae612954c391d123.jpg,BIODEGRADABLE
train,train,biodegradable747_jpg.rf.91305b7501c560cfd18ee550b0988971.jpg,BIODEGRADABLE
train,valid,biodegradable748_jpg.rf.3aba23ce65f546f4a6878a3637ff9d87.jpg,BIODEGRADABLE
train,train,biodegradable749_jpg.rf.d931fc8ce1dcffa1b6bab900bbea876a.jpg,BIODEGRADABLE
train,train,biodegradable750_jpg.rf.0f3ad9255a006dc6c9c13a82265965f9.jpg,BIODEGRADABLE
train,train,biodegradable751_jpg.rf.0de3a9b3b405ec30c1d2bd752350a7ba.jpg,BIODEGRADABLE
train,train,biodegradable752_jpg.rf.e6f85fde3b919cebe6076d68b4a14ace.jpg,BIODEGRADABLE
train,train,biodegradable753_jpg.rf.d1769fba6ea952848ef675e5473e6ce1.jpg,BIODEGRADABLE
train,train,biodegradable754_jpg.rf.e83292782483ab8818e3cd631f58a1f0.jpg,BIODEGRADABLE
train,train,biodegradable755_jpg.rf.2ce7c159f944e6ce0e98c378429d5d20.jpg,BIODEGRADABLE
train,train,biodegradable756_jpg.rf.00ef775fec09858a8dbd5df038e6600a.jpg,BIODEGRADABLE
train,train,biodegradable758_jpg.rf.991ccf2977470976775c80730e4b66ce.jpg,BIODEGRADABLE
train,train,biodegradable759_jpg.rf.af89abeb2d4d77fac4fa73d2c8355b8f.jpg,BIODEGRADABLE
train,train,biodegradable75_jpg.rf.1dec2748cd8fab47cd76f4f63dd5a035.jpg,BIODEGRADABLE
train,train,biodegradable760_jpg.rf.8d9394cf84f88ddd1b2b51f1b4541de2.jpg,BIODEGRADABLE
train,valid,biodegradable761_jpg.rf.108cb7d72c9e3f5afc67c4b4d34a5adb.jpg,BIODEGRADABLE
train,train,biodegradable762_jpg.rf.88a428ecf27543ae2b013ad56932fef8.jpg,BIODEGRADABLE
train,train,biodegradable765_jpg.rf.2a6f15d08306c5cf347bb45ca55aca71.jpg,BIODEGRADABLE
train,train,biodegradable766_jpg.rf.55f5bf7b2402d15d3aae9f15ae97f57e.jpg,BIODEGRADABLE
train,train,biodegradable768_jpg.rf.f660e17261c0a448fd641ebf60e194ce.jpg,BIODEGRADABLE
train,train,biodegradable769_jpg.rf.10e13017699c399f777a501889d3e516.jpg,BIODEGRADABLE
train,valid,biodegradable76_jpg.rf.c1c6135b41039e3d0889aca06eeb0ac5.jpg,BIODEGRADABLE
train,valid,biodegradable770_jpg.rf.65a9d3e3c4ace1bd08715ba09d973fa0.jpg,BIODEGRADABLE
train,train,biodegradable773_jpg.rf.a0f28cc7707a3affe22351dd892ba766.jpg,BIODEGRADABLE
train,train,biodegradable774_jpg.rf.831f136dd5ef1760a86d16301de159ac.jpg,BIODEGRADABLE
train,train,biodegradable775_jpg.rf.ae435cb4c7fa18fbb7d849f3d26b2483.jpg,BIODEGRADABLE
train,train,biodegradable776_jpg.rf.0bd3167126818212455acc7d2ec5d904.jpg,BIODEGRADABLE
train,train,biodegradable778_jpg.rf.76c3aa706c6c4b9f2ca0d1b35eed237a.jpg,BIODEGRADABLE
train,train,biodegradable779_jpg.rf.0483dcdb209f9f87a1ab46224db2fb87.jpg,BIODEGRADABLE
train,train,biodegradable781_jpg.rf.3b7e43b7118913dfcbeaf6f240b47039.jpg,BIODEGRADABLE
train,valid,biodegradable782_jpg.rf.56b6de3896081bb28e87c14f16b58b81.jpg,BIODEGRADABLE
train,train,biodegradable783_jpg.rf.7f19bfe0bcfcb1a5d1c20326681c46b3.jpg,BIODEGRADABLE
train,train,biodegradable785_jpg.rf.124460ddb0c2ef840fdc8ab8557b6302.jpg,BIODEGRADABLE
train,train,biodegradable786_jpg.rf.cca26afe9f74c4b437cff1644b5a7c2c.jpg,BIODEGRADABLE
train,train,biodegradable787_jpg.rf.1d8c5dd271d4b331cc6f7e8605131bf3.jpg,BIODEGRADABLE
train,valid,biodegradable788_jpg.rf.f4df5407d89b1ddf8de2614da95bbb58.jpg,BIODEGRADABLE
train,train,biodegradable78_jpg.rf.6f3c7f562ead8de935d71de1aff35622.jpg,BIODEGRADABLE
train,train,biodegradable792_jpg.rf.31c4e6ef4898c78c76ba1d7c22bd85da.jpg,BIODEGRADABLE
train,train,biodegradable793_jpg.rf.c031e1b63cc4932d3dd88f3f92debe4f.jpg,BIODEGRADABLE
train,train,biodegradable794_jpg.rf.1d5891e598c7ca0b9492465a7a54345e.jpg,BIODEGRADABLE
train,valid,biodegradable795_jpg.rf.723c3538bbad0b7ee06f78cae16d3c45.jpg,BIODEGRADABLE
train,valid,biodegradable796_jpg.rf.9bbfa8fe2af5fc7368682157173b1310.jpg,BIODEGRADABLE
train,train,biodegradable797_jpg.rf.ab58da4ac5107dee18cdebcb297e73f0.jpg,BIODEGRADABLE
train,train,biodegradable798_jpg.rf.2c97999b9ece8fe3c926347d93121e46.jpg,BIODEGRADABLE
train,train,biodegradable799_jpg.rf.deee7e1a66d708e1d1045f2445f605e0.jpg,BIODEGRADABLE
train,train,biodegradable79_jpg.rf.f30d99284cead6624b76c878df407da4.jpg,BIODEGRADABLE
train,valid,biodegradable7_jpg.rf.1666c65c6b13f56b8add0ea9db3e5040.jpg,BIODEGRADABLE
train,valid,biodegradable802_jpg.rf.4036de71c88f4f54737df74848b162cf.jpg,BIODEGRADABLE
train,valid,biodegradable803_jpg.rf.eccd0cfa7cd3f0b5a0214830210a8e4c.jpg,BIODEGRADABLE
train,train,biodegradable804_jpg.rf.ad8b82d38d1fcb32f8db9ebb4e0f736a.jpg,BIODEGRADABLE
train,valid,biodegradable805_jpg.rf.3d0caea3f93d5ec62e1875e507319363.jpg,BIODEGRADABLE
train,train,biodegradable807_jpg.rf.b0020b458b8708d13f638322bce67a6d.jpg,BIODEGRADABLE
train,valid,biodegradable808_jpg.rf.acaa203e7b4198a6b539c5437aa0344b.jpg,BIODEGRADABLE
train,train,biodegradable809_jpg.rf.f35292e6126b80549097bdbc8cbcabe3.jpg,BIODEGRADABLE
train,train,biodegradable810_jpg.rf.25cb66bbe2ac975a305ec672e81009fd.jpg,BIODEGRADABLE
train,train,biodegradable811_jpg.rf.578c3cc9ad65fc14b55ee4abe8486f19.jpg,BIODEGRADABLE
train,train,biodegradable812_jpg.rf.e30c4642362dc38a7baf27cbe21c3ab7.jpg,BIODEGRADABLE
train,train,biodegradable814_jpg.rf.9f2513fd1dfd78e10583e801c01f45ca.jpg,BIODEGRADABLE
train,valid,biodegradable815_jpg.rf.a4c1ab874d6e563ff21939197a6d0d93.jpg,BIODEGRADABLE
train,train,biodegradable816_jpg.rf.1330e4f643a98db84e807a7573b13b95.jpg,BIODEGRADABLE
train,valid,biodegradable817_jpg.rf.60d791f2d7a384525b34d9292eabd00a.jpg,BIODEGRADABLE
train,train,biodegradable818_jpg.rf.713d22ed16dee9673e41b0e2e4534429.jpg,BIODEGRADABLE
train,train,biodegradable81_jpg.rf.395652712977689aff19195cc86290c2.jpg,BIODEGRADABLE
train,train,biodegradable820_jpg.rf.c6ecf7783b7fa75ffcfb3fccd96732d4.jpg,BIODEGRADABLE
train,train,biodegradable822_jpg.rf.faa541925793ee02964656981dd44949.jpg,BIODEGRADABLE
train,train,biodegradable823_jpg.rf.291f48f5e7028e9075648011e3036694.jpg,BIODEGRADABLE
train,valid,biodegradable825_jpg.rf.3aaeb4b6b865e04cefd1e86f71fe0e79.jpg,BIODEGRADABLE
train,valid,biodegradable827_jpg.rf.9898da040f00dcfa79c0177357524b2d.jpg,BIODEGRADABLE
train,train,biodegradable828_jpg.rf.6bb47cc1329fd904c1e17512d9f7bfd0.jpg,BIODEGRADABLE
train,train,biodegradable829_jpg.rf.7a4686267354fbd61ea3725e54ef89fb.jpg,BIODEGRADABLE
train,valid,biodegradable82_jpg.rf.67be1072d2209e412b636bdf48122e67.jpg,BIODEGRADABLE
train,train,biodegradable831_jpg.rf.32b3ba5669ac640423c11a06826d1f15.jpg,BIODEGRADABLE
train,train,biodegradable832_jpg.rf.496bab598f8e5e719545e331d4caf102.jpg,BIODEGRADABLE
train,train,biodegradable833_jpg.rf.90f10050d8170b69c98785bacd5aa86d.jpg,BIODEGRADABLE
train,train,biodegradable834_jpg.rf.8e562a9c0f3da151c3cbb25d962737f1.jpg,BIODEGRADABLE
train,valid,biodegradable835_jpg.rf.96cb3f5867fa44f93944eb6c0b3fa089.jpg,BIODEGRADABLE
train,train,biodegradable836_jpg.rf.191d64e3f6fbbe0a992a1fb07e1e82d1.jpg,BIODEGRADABLE
train,valid,biodegradable839_jpg.rf.545331c4c1f944b79a6a970eabeb4aff.jpg,BIODEGRADABLE
train,train,biodegradable840_jpg.rf.d61622ef6e9da1cc8223389751cdab82.jpg,BIODEGRADABLE
train,valid,biodegradable841_jpg.rf.1af20ed79ed562363e6a0f8d1dbd44ec.jpg,BIODEGRADABLE
train,train,biodegradable842_jpg.rf.1fe399d6c19f67ca42167e53ac37a092.jpg,BIODEGRADABLE
train,train,biodegradable843_jpg.rf.02bc5ec7009a0d78cf3c34ba24b33ace.jpg,BIODEGRADABLE
train,train,biodegradable844_jpg.rf.e4b5b70d7c28b0539cb5d2124745bed9.jpg,BIODEGRADABLE
train,train,biodegradable845_jpg.rf.064feddf3274566fc60cf5778128e7b7.jpg,BIODEGRADABLE
train,valid,biodegradable846_jpg.rf.3a0ce01727b146142f4eb856fb71a1f3.jpg,BIODEGRADABLE
train,train,biodegradable847_jpg.rf.7d1673464f436e406272662592e5a93d.jpg,BIODEGRADABLE
train,train,biodegradable849_jpg.rf.cfc5ed8d2ce6b5fac95e894d98beead4.jpg,BIODEGRADABLE
train,valid,biodegradable850_jpg.rf.bb0aef6a3ba49ab05735d2cf2159e4c5.jpg,BIODEGRADABLE
train,valid,biodegradable851_jpg.rf.de2e0349f46e630df58affef40571dac.jpg,BIODEGRADABLE
train,train,biodegradable852_jpg.rf.25109e66608132089401bca1b9f71027.jpg,BIODEGRADABLE
train,train,biodegradable853_jpg.rf.dba33d9565d2e09f89bb99b61e4bcadc.jpg,BIODEGRADABLE
train,train,biodegradable854_jpg.rf.d5b3ab13134a7aab40d20294694bb33b.jpg,BIODEGRADABLE
train,train,biodegradable855_jpg.rf.2c4c13e201316a286b0207664e2bd430.jpg,BIODEGRADABLE
train,train,biodegradable856_jpg.rf.bae70ca234c78874d25852040eed808e.jpg,BIODEGRADABLE
train,train,biodegradable857_jpg.rf.881b741751ee29bbd8ee6399622a2e34.jpg,BIODEGRADABLE
train,train,biodegradable858_jpg.rf.debca57fae80ab6ec4f5e7d2130f2bbd.jpg,BIODEGRADABLE
train,valid,biodegradable85_jpg.rf.6927ffd36643b9f50920b796d9bee69e.jpg,BIODEGRADABLE
train,train,biodegradable861_jpg.rf.62c8c372a65143c356f62715f1d3a278.jpg,BIODEGRADABLE
train,valid,biodegradable862_jpg.rf.daf83a01eff14d331711f473fb9786a1.jpg,BIODEGRADABLE
train,valid,biodegradable863_jpg.rf.bb012075611e7efc985c830d58a4f9ea.jpg,BIODEGRADABLE
train,train,biodegradable864_jpg.rf.556f32391ecf4220a44b79596bea8f91.jpg,BIODEGRADABLE
train,valid,biodegradable865_jpg.rf.89573ba1dc0ee05e9aa30729299e1a30.jpg,BIODEGRADABLE
train,train,biodegradable866_jpg.rf.669845b72553a99c6cf9fdadd9643f92.jpg,BIODEGRADABLE
train,train,biodegradable867_jpg.rf.e09cd0ab3c6fb1cffdc0dd494c5351c7.jpg,BIODEGRADABLE
train,train,biodegradable868_jpg.rf.e29cd23cc61775c28281b209f5e11646.jpg,BIODEGRADABLE
train,train,biodegradable869_jpg.rf.4497006c9fb8deb705f63f6afdfd27c9.jpg,BIODEGRADABLE
train,valid,biodegradable86_jpg.rf.aeb01e7c8b5c375dd5fbd27fd9dc4cb1.jpg,BIODEGRADABLE
train,train,biodegradable870_jpg.rf.ea504197665fe15510dbfa4234af37ca.jpg,BIODEGRADABLE
train,valid,biodegradable872_jpg.rf.49860b5b935688a418c7370c24ddc116.jpg,BIODEGRADABLE
train,train,biodegradable874_jpg.rf.65eec251a388dc6d849dfa5d5517e47f.jpg,BIODEGRADABLE
train,train,biodegradable875_jpg.rf.5dedea23fde8c40d01ac795d8b49b5de.jpg,BIODEGRADABLE
train,train,biodegradable877_jpg.rf.6e6a6bdbf00e747d42434774820bd743.jpg,BIODEGRADABLE
train,train,biodegradable879_jpg.rf.1c85cb5d024ca0aa89d73a0b8b244c6a.jpg,BIODEGRADABLE
train,train,biodegradable87_jpg.rf.a93c75c54143ec57976c401dfca67b22.jpg,BIODEGRADABLE
train,train,biodegradable880_jpg.rf.a3a1f2173432e1c7e80d0dad0b9dcedc.jpg,BIODEGRADABLE
train,train,biodegradable881_jpg.rf.287118c3f2001693655e9d85e9e97aee.jpg,BIODEGRADABLE
train,valid,biodegradable884_jpg.rf.64782f53360778a05dc5bbb432d54551.jpg,BIODEGRADABLE
train,train,biodegradable885_jpg.rf.050f203c451986838e949696ffaccd84.jpg,BIODEGRADABLE
train,valid,biodegradable886_jpg.rf.e9d0064e69a4ea18936b5951b12d72f5.jpg,BIODEGRADABLE
train,train,biodegradable887_jpg.rf.d718bbe9dc9db64970908ed07894963d.jpg,BIODEGRADABLE
train,valid,biodegradable888_jpg.rf.7e9950d6513ce6d21e6cda9f42dd71a7.jpg,BIODEGRADABLE
train,train,biodegradable88_jpg.rf.d81a616bd6870339b4d748be2804b369.jpg,BIODEGRADABLE
train,train,biodegradable890_jpg.rf.edeac9d5a07768be977a183eb136db8c.jpg,BIODEGRADABLE
train,train,biodegradable891_jpg.rf.888738db9c39e6661a87d201a97f7d1e.jpg,BIODEGRADABLE
train,train,biodegradable892_jpg.rf.dc07cdabf9d707abcea262b5ee5c317c.jpg,BIODEGRADABLE
train,valid,biodegradable893_jpg.rf.66dc9af6be9b623a07fc031726b15ea6.jpg,BIODEGRADABLE
train,train,biodegradable894_jpg.rf.882d40b1ecbdf6d717b7353aea0164f3.jpg,BIODEGRADABLE
train,train,biodegradable896_jpg.rf.97acf0649a8d5c487522e1ebf2cc8257.jpg,BIODEGRADABLE
train,train,biodegradable897_jpg.rf.8f5d436242ecedab85ef5370e83055b4.jpg,BIODEGRADABLE
train,train,biodegradable898_jpg.rf.9085b07c93332f25b7cb026b6390242b.jpg,BIODEGRADABLE
train,train,biodegradable899_jpg.rf.ba7a8ae8282a7553dfbbb1d0f87acc83.jpg,BIODEGRADABLE
train,valid,biodegradable89_jpg.rf.2097a8a4f14b2d8e7ac994ed5fdc13a9.jpg,BIODEGRADABLE
train,train,biodegradable8_jpg.rf.d5293074119f49e13d4d933cfe13dcc1.jpg,BIODEGRADABLE
train,train,biodegradable901_jpg.rf.0601722079ccacc36034fb28e18c2a91.jpg,BIODEGRADABLE
train,valid,biodegradable902_jpg.rf.8fc44661af19dd5b0fc71070a5c49636.jpg,BIODEGRADABLE
train,train,biodegradable905_jpg.rf.a9b966115306f78c2aa8b2ee09748fdd.jpg,BIODEGRADABLE
train,valid,biodegradable906_jpg.rf.97844e68ec8a74d2dd36f59936abbedf.jpg,BIODEGRADABLE
train,valid,biodegradable909_jpg.rf.5f666e52ed057274134ddd3624e11a83.jpg,BIODEGRADABLE
train,train,biodegradable90_jpg.rf.c363ee6ce2c3e467df6e6f82e6a1e52b.jpg,BIODEGRADABLE
train,train,biodegradable911_jpg.rf.9a48f75558563309292335d61318fb97.jpg,BIODEGRADABLE
train,train,biodegradable912_jpg.rf.1366dfa61aa1588f0a97226804c70574.jpg,BIODEGRADABLE
train,train,biodegradable913_jpg.rf.8c1ab4138ed7557a39f9a736d9c2316b.jpg,BIODEGRADABLE
train,train,biodegradable914_jpg.rf.069ed7789e15c5f5688a3748fcb64603.jpg,BIODEGRADABLE
train,valid,biodegradable916_jpg.rf.70d2794e675a9b02ee2e0583a6b69e1c.jpg,BIODEGRADABLE
train,valid,biodegradable917_jpg.rf.baa44193b7b0c6220c35183a115e9628.jpg,BIODEGRADABLE
train,valid,biodegradable918_jpg.rf.cfe5254f7a1067294bf7343706ba2aca.jpg,BIODEGRADABLE
train,train,biodegradable919_jpg.rf.09532cde0e17c27a0aebce91c860e835.jpg,BIODEGRADABLE
train,train,biodegradable91_jpg.rf.f925f854579c09b8d27517774b1c3046.jpg,BIODEGRADABLE
train,train,biodegradable921_jpg.rf.465984e12ea61b44570efff809547e78.jpg,BIODEGRADABLE
train,valid,biodegradable922_jpg.rf.7423340c0457a7084340dd8d9bfb941a.jpg,BIODEGRADABLE
train,valid,biodegradable925_jpg.rf.31844fb819720b37f785dc49b6baf10c.jpg,BIODEGRADABLE
train,valid,biodegradable928_jpg.rf.2ad2dfc4b4d0e96ffba1432e2d8a1157.jpg,BIODEGRADABLE
train,train,biodegradable929_jpg.rf.3fbb8a29e753a116770f685c3242e33d.jpg,BIODEGRADABLE
train,train,biodegradable92_jpg.rf.4a79311cb0ec3a310a931e40df8b689f.jpg,BIODEGRADABLE
train,train,biodegradable931_jpg.rf.b44d689c61381d5daed8c7979b4a1efd.jpg,BIODEGRADABLE
train,valid,biodegradable932_jpg.rf.f60b5abaaf38a62d86a991bcc8b328e9.jpg,BIODEGRADABLE
train,train,biodegradable933_jpg.rf.db955b9badc0f961555268366421022f.jpg,BIODEGRADABLE
train,train,biodegradable935_jpg.rf.cda58f46c6f1074e82cddceed65927b7.jpg,BIODEGRADABLE
train,valid,biodegradable936_jpg.rf.b2ff44988abec5a581eddf772f33d906.jpg,BIODEGRADABLE
train,train,biodegradable939_jpg.rf.2f089460430b0e368d78828df741a710.jpg,BIODEGRADABLE
train,valid,biodegradable941_jpg.rf.dd91f156304f957b337351e7b2af7558.jpg,BIODEGRADABLE
train,train,biodegradable942_jpg.rf.9ca409ba2d713698ede5de652a0266f0.jpg,BIODEGRADABLE
train,train,biodegradable943_jpg.rf.12f219199793060577e9097b10665f37.jpg,BIODEGRADABLE
train,train,biodegradable944_jpg.rf.204f0225dc412c4c984e4307968e1e06.jpg,BIODEGRADABLE
train,train,biodegradable946_jpg.rf.8203d03392f229e1d86ebd17ef10bfe0.jpg,BIODEGRADABLE
train,train,biodegradable947_jpg.rf.bf5e844b62262d1bf1c54204e8ddf468.jpg,BIODEGRADABLE
train,valid,biodegradable948_jpg.rf.2638cf3a0392682189ac12df49501994.jpg,BIODEGRADABLE
train,train,biodegradable949_jpg.rf.6b455f489fb7544c5ad948030ddffe0a.jpg,BIODEGRADABLE
train,train,biodegradable94_jpg.rf.0d33fe217a1a2dfa979703d0f1472ecc.jpg,BIODEGRADABLE
train,valid,biodegradable951_jpg.rf.666a07d38e32148e96811b91fb959bc8.jpg,BIODEGRADABLE
train,train,biodegradable952_jpg.rf.66baa2eef68be47c74e6b348f7ec4742.jpg,BIODEGRADABLE
train,train,biodegradable953_jpg.rf.dfef9dceac012bf6e1d7a5ac04b5244f.jpg,BIODEGRADABLE
train,train,biodegradable956_jpg.rf.c897b46b2893ae7518c1d2493a356848.jpg,BIODEGRADABLE
train,train,biodegradable957_jpg.rf.7a425311449a1f500e77409324ae5af4.jpg,BIODEGRADABLE
train,train,biodegradable958_jpg.rf.c7c03ba68159f4009ca85ca87089e534.jpg,BIODEGRADABLE
train,train,biodegradable959_jpg.rf.cae66eee6ea4eee43f64a54854fd9550.jpg,BIODEGRADABLE
train,train,biodegradable960_jpg.rf.3d94c09f218bb37da661669774cfcbfe.jpg,BIODEGRADABLE
train,valid,biodegradable962_jpg.rf.4e55413daae8cddf9d972ec18a712623.jpg,BIODEGRADABLE
train,valid,biodegradable963_jpg.rf.31e548b18dccb8c0ff908f1745416dd6.jpg,BIODEGRADABLE
train,train,biodegradable964_jpg.rf.ddf6f868bf59427e3d5a6e3a05c0efc3.jpg,BIODEGRADABLE
train,valid,biodegradable965_jpg.rf.c9f74387299b1e993a7761672b858945.jpg,BIODEGRADABLE
train,valid,biodegradable968_jpg.rf.49b17abc36ee9231cbfc2893ee0419fe.jpg,BIODEGRADABLE
train,train,biodegradable969_jpg.rf.e91a1ebe5dd45ee60796878fbfc1ce98.jpg,BIODEGRADABLE
train,train,biodegradable972_jpg.rf.5cd729882b51f4d756c89cc8d245ded6.jpg,BIODEGRADABLE
train,valid,biodegradable973_jpg.rf.493c826e5bf82ffc28ca4c0261686bb7.jpg,BIODEGRADABLE
train,train,biodegradable974_jpg.rf.4a8d44cc63344afffd32aa34496ace7e.jpg,BIODEGRADABLE
train,train,biodegradable977_jpg.rf.c0dd02a29af0df884ed8a65485d6ceb4.jpg,BIODEGRADABLE
train,train,biodegradable978_jpg.rf.c4e73db3013668dcc9fd8baa23358bd9.jpg,BIODEGRADABLE
train,valid,biodegradable979_jpg.rf.cc7c0f7742c7ab3ef1cb6c75e874ca94.jpg,BIODEGRADABLE
train,valid,biodegradable97_jpg.rf.1f9210405f20f24f5657aa8222c25235.jpg,BIODEGRADABLE
train,train,biodegradable980_jpg.rf.b631e10dbe67cf9970c90aa84b7decb9.jpg,BIODEGRADABLE
train,train,biodegradable982_jpg.rf.0c7b408de595aa88bd6cb094146b161f.jpg,BIODEGRADABLE
train,train,biodegradable983_jpg.rf.dc0de347f53bb440a9b376657a4dce1f.jpg,BIODEGRADABLE
train,valid,biodegradable984_jpg.rf.b8b7f80a1e36f161004c44f690ec9115.jpg,BIODEGRADABLE
train,train,biodegradable985_jpg.rf.ab66f4b0894fc84e0816717e562c3efa.jpg,BIODEGRADABLE
train,valid,biodegradable987_jpg.rf.6366d2cabef083c79413891908b2505f.jpg,BIODEGRADABLE
train,valid,biodegradable988_jpg.rf.bf56876840844b25f529e7a1fa1f1ff0.jpg,BIODEGRADABLE
train,train,biodegradable989_jpg.rf.843a28fad7035884c234bfd648df5239.jpg,BIODEGRADABLE
train,train,biodegradable990_jpg.rf.a8de9c84541a499d363a92a1f7968e78.jpg,BIODEGRADABLE
train,train,biodegradable994_jpg.rf.55221e2597727c6cf3ae9f09ce901ea5.jpg,BIODEGRADABLE
train,valid,biodegradable997_jpg.rf.65f9d67f1c20991501ef7022b84eb465.jpg,BIODEGRADABLE
train,train,biodegradable999_jpg.rf.9ed9dcb34ec1e0696fa932b6d65e42ff.jpg,BIODEGRADABLE
train,valid,cardboard1000_jpg.rf.942798dbf4e34070c840230e83ce8f5f.jpg,CARDBOARD
train,train,cardboard1001_jpg.rf.67c8dc8f9c96718c1b81850878720327.jpg,CARDBOARD
train,valid,cardboard1002_jpg.rf.40016edeaa4ad73c6024dc2cef9a369b.jpg,CARDBOARD
train,valid,cardboard1003_jpg.rf.b727d2c5b43ea55b071353579ceb69e2.jpg,CARDBOARD
train,train,cardboard1004_jpg.rf.78f76dccfa0398b1ee70fe56fa212246.jpg,CARDBOARD
train,train,cardboard1005_jpg.rf.0ea444a6aac34b4143cec2e6ece8b23f.jpg,CARDBOARD
train,valid,cardboard1007_jpg.rf.9fc13a1f52be5ca0a6e21fc0206bb7d0.jpg,CARDBOARD
train,valid,cardboard1008_jpg.rf.1ad44cc8eefe7880e79b173842c6768b.jpg,CARDBOARD
train,train,cardboard1010_jpg.rf.7825834afe10d5bf15123f7c824cb8f5.jpg,CARDBOARD
train,train,cardboard1011_jpg.rf.052a05f647dc5de4046a84409c52c18b.jpg,CARDBOARD
train,valid,cardboard1012_jpg.rf.ef13d3686bff09d9ea9bb1654e900fa3.jpg,CARDBOARD
train,train,cardboard1013_jpg.rf.2c73fe8cd350a400f85f83232fa89929.jpg,CARDBOARD
train,train,cardboard1015_jpg.rf.386f8839510a0e05058a6b63ddd432a9.jpg,CARDBOARD
train,train,cardboard1016_jpg.rf.d9bb6200ceabb860d59d8c00cd4c29f6.jpg,CARDBOARD
train,train,cardboard1018_jpg.rf.e872e9dde2608cf100ba6458d65b9849.jpg,CARDBOARD
train,train,cardboard1019_jpg.rf.f28501f4818983dc88ff139597f21d07.jpg,CARDBOARD
train,train,cardboard101_jpg.rf.cb75a2e9fb42d0dba245a5b0bfd55bdf.jpg,CARDBOARD
train,train,cardboard1020_jpg.rf.085e0be0269490dbf1f3aff5482628d5.jpg,CARDBOARD
train,train,cardboard1022_jpg.rf.559103bee14a32895587b5a7976a94a8.jpg,CARDBOARD
train,valid,cardboard1023_jpg.rf.1de378cad918749cf091d851c5f9f5e0.jpg,CARDBOARD
train,train,cardboard1025_jpg.rf.17dbd5a864fd92381e74b446ab744b0b.jpg,CARDBOARD
train,valid,cardboard1026_jpg.rf.e12f0fc2013705e37cc6a54b473724d1.jpg,CARDBOARD
train,train,cardboard1028_jpg.rf.32751c50c482ad24aaca269ce7daa36a.jpg,CARDBOARD
train,train,cardboard1029_jpg.rf.f3d82ee04a2b541aafcbb0c5033c9d0b.jpg,CARDBOARD
train,train,cardboard102_jpg.rf.f672a163be98f06b85758597de3f2523.jpg,CARDBOARD
train,train,cardboard1031_jpg.rf.303985b9015a6972af8b84ad1aae32f5.jpg,CARDBOARD
train,valid,cardboard1033_jpg.rf.e55da4f04ddc55cc40c353202a8dc004.jpg,CARDBOARD
train,train,cardboard1034_jpg.rf.772db9c69832064381ec9e2655deaa6a.jpg,CARDBOARD
train,train,cardboard1035_jpg.rf.41ad3fe9b124180ec37aa9d43486c3db.jpg,CARDBOARD
train,train,cardboard1036_jpg.rf.5d5966914ad8c7a1c68733f8a88fd3d7.jpg,CARDBOARD
train,valid,cardboard1037_jpg.rf.2e0b2f0b59217a55b1f77db72413dba3.jpg,CARDBOARD
train,train,cardboard1039_jpg.rf.34635609676c747d3012d564322f2973.jpg,CARDBOARD
train,valid,cardboard103_jpg.rf.1c9ff44435420d1a7316d3891c49cd7d.jpg,CARDBOARD
train,train,cardboard1040_jpg.rf.29d5dcec6a0c7c7b46c0be2155797b49.jpg,CARDBOARD
train,train,cardboard1042_jpg.rf.bdf597aeb87831dfece905ddb5d452ea.jpg,CARDBOARD
train,train,cardboard1043_jpg.rf.b4497421f4b5438186a2716b13a3546c.jpg,CARDBOARD
train,train,cardboard1045_jpg.rf.75ecbb492d3d33739547323bb503f407.jpg,CARDBOARD
train,valid,cardboard1047_jpg.rf.841acdc1db5d05145dff4f9deabe382f.jpg,CARDBOARD
train,train,cardboard1048_jpg.rf.b583edc035fe3b277c507b60cac0d9a7.jpg,CARDBOARD
train,valid,cardboard104_jpg.rf.427500fc43f1f2a5a614463aa35449c1.jpg,CARDBOARD
train,train,cardboard1051_jpg.rf.d3141778a2fa87f1e7ac256d505be66e.jpg,CARDBOARD
train,train,cardboard1052_jpg.rf.3986b648a3343a9b692a8f6d348d7908.jpg,CARDBOARD
train,train,cardboard1057_jpg.rf.368d5f01d025623864826cb1012b0f6d.jpg,CARDBOARD
train,train,cardboard105_jpg.rf.9af1daa8d3133f862ef3448719cad43e.jpg,CARDBOARD
train,train,cardboard1061_jpg.rf.93a0a9ba7c156b9278830ae3debecb48.jpg,CARDBOARD
train,train,cardboard1062_jpg.rf.a321f5d06ba154e086f14e98fcc5432b.jpg,CARDBOARD
train,valid,cardboard1063_jpg.rf.6a4682879acdf0955b86c630c4dd1bfb.jpg,CARDBOARD
train,train,cardboard1064_jpg.rf.5a26d2ca110fc35f414f2a9ea2150108.jpg,CARDBOARD
train,train,cardboard1066_jpg.rf.00a5a1b8f803e76ac4f15b133818224e.jpg,CARDBOARD
train,train,cardboard1067_jpg.rf.819c79c1be73c2094627cb0b499f6b74.jpg,CARDBOARD
train,train,cardboard1068_jpg.rf.60bd82e071bae304970525199c597e97.jpg,CARDBOARD
train,train,cardboard1069_jpg.rf.fe487148742e09d2bd7424145db51cf3.jpg,CARDBOARD
train,train,cardboard106_jpg.rf.0048a101b54efb0f6642c239df142ae9.jpg,CARDBOARD
train,train,cardboard1071_jpg.rf.5b53f731723d9c772214ff410662a3d2.jpg,CARDBOARD
train,valid,cardboard1073_jpg.rf.a283928624ba4154f9ecd64b62e4272a.jpg,CARDBOARD
train,train,cardboard1074_jpg.rf.5644018f5d2ba2ec1cf39eb80cd9b7ed.jpg,CARDBOARD
train,valid,cardboard1076_jpg.rf.f10b0cc46890a2028b9fff05d11e40c8.jpg,CARDBOARD
train,train,cardboard1077_jpg.rf.57fcab08398b07a56f44fa2bd89880bf.jpg,CARDBOARD
train,valid,cardboard1078_jpg.rf.8d36f024b47555208d9cf0c03f73c088.jpg,CARDBOARD
train,train,cardboard1079_jpg.rf.2a16c565e52729d2c92f45be8f0e3d4f.jpg,CARDBOARD
train,valid,cardboard1080_jpg.rf.cad069330e53ffacd2a44d786f9ff45e.jpg,CARDBOARD
train,valid,cardboard1083_jpg.rf.7054389a9f160568fac9cf3ab224b011.jpg,CARDBOARD
train,train,cardboard1084_jpg.rf.d4ce3445e8d4b104f4f35ad3c4937659.jpg,CARDBOARD
train,train,cardboard1085_jpg.rf.bb3d21b11ba199c00431ffc56b2102c7.jpg,CARDBOARD
train,valid,cardboard1086_jpg.rf.38c59a5a5c1564538f3179d0a9a4569f.jpg,CARDBOARD
train,valid,cardboard1087_jpg.rf.d25acf6322a52ebb8f620ba22ef8f2e4.jpg,CARDBOARD
train,valid,cardboard1090_jpg.rf.d3c6b9b9ad0970f8e3c86476851353a3.jpg,CARDBOARD
train,train,cardboard1091_jpg.rf.6cf70ad69da312619692fffb3e48919c.jpg,CARDBOARD
train,valid,cardboard1092_jpg.rf.2d8e04f81f9fe9a782f069f043371ae3.jpg,CARDBOARD
train,valid,cardboard1093_jpg.rf.e808a0f78347899a46aefd78c5c0e2b8.jpg,CARDBOARD
train,train,cardboard1096_jpg.rf.5e81618af75f1b442215cf2252ae38e9.jpg,CARDBOARD
train,train,cardboard1097_jpg.rf.d01249b85e900778e5db21574824ec99.jpg,CARDBOARD
train,valid,cardboard109_jpg.rf.f022fb739a8042c8c461a3384d6cb239.jpg,CARDBOARD
train,valid,cardboard10_jpg.rf.58182243204a92a5e1915c5a10999ea6.jpg,CARDBOARD
train,valid,cardboard1101_jpg.rf.490ba15bd2107fadf9eeedb98972480a.jpg,CARDBOARD
train,train,cardboard1102_jpg.rf.5b4ab894d666743d32dc934b744a65d2.jpg,CARDBOARD
train,train,cardboard1103_jpg.rf.a9ee682d82b434f050716756ae55fdf4.jpg,CARDBOARD
train,train,cardboard1104_jpg.rf.837dc49e7663b3c4db9f2ead0303bfc3.jpg,CARDBOARD
train,train,cardboard1105_jpg.rf.241393426695e19e58ebc13326bd652d.jpg,CARDBOARD
train,valid,cardboard1106_jpg.rf.e37112697a3981b9ec03d8f6aa34086b.jpg,CARDBOARD
train,train,cardboard1107_jpg.rf.a33af6482273c99a7d399c7c79686a79.jpg,CARDBOARD
train,train,cardboard1108_jpg.rf.b67018f1ed10cbf7232392714f08ed63.jpg,CARDBOARD
train,valid,cardboard1109_jpg.rf.5f0a503d945494ccbd1785be30afe8f2.jpg,CARDBOARD
train,train,cardboard110_jpg.rf.f6cde8009b1dde0de4f727b8b3be2679.jpg,CARDBOARD
train,train,cardboard1111_jpg.rf.90e89868ac654c6b4750c05ee9f4a3a7.jpg,CARDBOARD
train,train,cardboard1113_jpg.rf.0630a3fb21597464dc606f47237912c6.jpg,CARDBOARD
train,train,cardboard1114_jpg.rf.633139ad96fd43287ea7ee404f13d2e4.jpg,CARDBOARD
train,train,cardboard1115_jpg.rf.287938310378688aa3028ea1432c7414.jpg,CARDBOARD
train,train,cardboard1116_jpg.rf.e733740899d1ba4c117ffee28de2abd3.jpg,CARDBOARD
train,valid,cardboard1117_jpg.rf.e3ebf0870fd902eded3a3d703b600c61.jpg,CARDBOARD
train,train,cardboard1118_jpg.rf.2f7316a9e4a932a0cbf1de60053b5e86.jpg,CARDBOARD
train,valid,cardboard111_jpg.rf.1b4e864dc5eac1920238b6bd6b080e78.jpg,CARDBOARD
train,train,cardboard1120_jpg.rf.0de724f314eef398fb3a789b537f7c0c.jpg,CARDBOARD
train,train,cardboard1122_jpg.rf.3facbc2ae62dcff95108cf5fd730f446.jpg,CARDBOARD
train,valid,cardboard1123_jpg.rf.d12b86be144f9fd3e6783d2d0047e8db.jpg,CARDBOARD
train,valid,cardboard1124_jpg.rf.fe54840afd3929cd0c2ca2afa4d4c4a0.jpg,CARDBOARD
train,train,cardboard1126_jpg.rf.4aa25fab10e73c12d8bc76735cecbf45.jpg,CARDBOARD
train,train,cardboard1127_jpg.rf.1f7c444193bc532aff1a994844d42865.jpg,CARDBOARD
train,train,cardboard112_jpg.rf.a2167eff38127e9a7c977d87d789e096.jpg,CARDBOARD
train,train,cardboard1130_jpg.rf.2ca13cc1428caa9b477cc926d37b2ba5.jpg,CARDBOARD
train,valid,cardboard1132_jpg.rf.c346733861e49fa033b54876adc1f1dd.jpg,CARDBOARD
train,train,cardboard1133_jpg.rf.22e821ea79a67ff090287ce80b934825.jpg,CARDBOARD
train,valid,cardboard1134_jpg.rf.cbd570da0bc39280ac76be9c968d2834.jpg,CARDBOARD
train,train,cardboard1135_jpg.rf.1d277eb8dde8b5a3b985d0a2bce586a1.jpg,CARDBOARD
train,train,cardboard1136_jpg.rf.d6e619c833115f27d390118d38c027a6.jpg,CARDBOARD
train,train,cardboard1138_jpg.rf.b2842722432cc70fc45d4992ba84b713.jpg,CARDBOARD
train,valid,cardboard1139_jpg.rf.59e693311d42e8a65c69897acee19404.jpg,CARDBOARD
train,valid,cardboard1141_jpg.rf.a16c8fd6c35b71f721d7ffdb1ba473c6.jpg,CARDBOARD
train,valid,cardboard1143_jpg.rf.81d6bcfbf62778be3c771d8db6fbbc24.jpg,CARDBOARD
train,valid,cardboard1144_jpg.rf.1284763e44294c5f38b70d4d583ef4af.jpg,CARDBOARD
train,train,cardboard1145_jpg.rf.9c7e692f413ebec0225734b42efc8e0e.jpg,CARDBOARD
train,train,cardboard1147_jpg.rf.b4b1beb6b18c534684dc47a93b5531f1.jpg,CARDBOARD
train,train,cardboard1148_jpg.rf.0e3f57aa66a0994a296fb8b7dddc3373.jpg,CARDBOARD
train,train,cardboard114_jpg.rf.5412cfe019c11428a15a3a123c8d9fd4.jpg,CARDBOARD
train,train,cardboard1150_jpg.rf.8eef4630af3eabd8ddcf058a29822702.jpg,CARDBOARD
train,valid,cardboard1151_jpg.rf.84aad1e02985d71f87337a96c420fe97.jpg,CARDBOARD
train,train,cardboard1152_jpg.rf.fcf19da473210e492a33e758f23bb68a.jpg,CARDBOARD
train,train,cardboard1153_jpg.rf.5b16814d106e3c11d1864cd0eaba0979.jpg,CARDBOARD
train,train,cardboard1154_jpg.rf.255c7e67f5315fd6bc165231b8956887.jpg,CARDBOARD
train,train,cardboard1155_jpg.rf.62df69f06c53871169950b155b68a0f1.jpg,CARDBOARD
train,train,cardboard1158_jpg.rf.28b553da5474278a22b3742adb21e1ef.jpg,CARDBOARD
train,train,cardboard1159_jpg.rf.61bc23c99efe0efd8aa9a42b4f41d8cb.jpg,CARDBOARD
train,train,cardboard115_jpg.rf.d53b2c1a7ed724761f43ad1f98b2f55d.jpg,CARDBOARD
train,valid,cardboard1161_jpg.rf.1277d86cf9b94486ef6f6e6b1fd354f4.jpg,CARDBOARD
train,train,cardboard1165_jpg.rf.71e60f47d21a173c87e2e7551d8b9a4e.jpg,CARDBOARD
train,valid,cardboard1166_jpg.rf.5a28714855267c89d29dd54afd192f7e.jpg,CARDBOARD
train,train,cardboard1167_jpg.rf.554c76943693aa4872d9ea1dc068265c.jpg,CARDBOARD
train,train,cardboard1169_jpg.rf.e0d18f99a3828cd1748f424b10cbf0cb.jpg,CARDBOARD
train,valid,cardboard116_jpg.rf.c25b8cacec0f41914da840bf4528567b.jpg,CARDBOARD
train,train,cardboard1170_jpg.rf.8328d3067fe6824c86592e90891e2ebf.jpg,CARDBOARD
train,train,cardboard1171_jpg.rf.5717a7662a09a2f56188a7c27651bdaa.jpg,CARDBOARD
train,valid,cardboard1172_jpg.rf.63e65773948f5ff0e2417c70ae0c98cc.jpg,CARDBOARD
train,valid,cardboard1175_jpg.rf.c1d5a8f3b2a6fb3396fa1c9cbeb64b4f.jpg,CARDBOARD
train,train,cardboard1177_jpg.rf.a26dd1aabec91822d09e12b80f58b1a3.jpg,CARDBOARD
train,train,cardboard1178_jpg.rf.705ac3eb1e2c5a5192cbf0f703365695.jpg,CARDBOARD
train,train,cardboard1179_jpg.rf.61a6a8a14135eacaefe9983ac0d7a6db.jpg,CARDBOARD
train,valid,cardboard117_jpg.rf.97165b24d6d93ca1d66cc716c0425d88.jpg,CARDBOARD
train,valid,cardboard1183_jpg.rf.b302273c653205b9fd7142e3e946e96a.jpg,CARDBOARD
train,valid,cardboard1186_jpg.rf.7e5751f943fa078a840643b3b1aa3309.jpg,CARDBOARD
train,train,cardboard1187_jpg.rf.7f89327c8b0339c94601b8f579ae44ef.jpg,CARDBOARD
train,train,cardboard1188_jpg.rf.bf3028ab3411d07d981aea6d6704c60b.jpg,CARDBOARD
train,train,cardboard1189_jpg.rf.75057ad363c9f60ee119106842873f0c.jpg,CARDBOARD
train,train,cardboard118_jpg.rf.6bfb4a38b1541e3f482457c294f2bbeb.jpg,CARDBOARD
train,train,cardboard1190_jpg.rf.c1732b1c7bc4fe6dbe7a6ca7d6c1fbdc.jpg,CARDBOARD
train,train,cardboard1191_jpg.rf.54ca1f0dc7f71b5eca217dc7e137da86.jpg,CARDBOARD
train,train,cardboard1192_jpg.rf.df077b8b573de026439ac019f2906af6.jpg,CARDBOARD
train,train,cardboard1193_jpg.rf.50ccd7f41b101cd35e04d4125d2b741e.jpg,CARDBOARD
train,train,cardboard1194_jpg.rf.41d7e007aef021f4a69137a0b2403ded.jpg,CARDBOARD
train,train,cardboard1197_jpg.rf.503d728306a72361637c899d017c080f.jpg,CARDBOARD
train,train,cardboard1198_jpg.rf.9e6195288ac9a7c764d5ee616727b7ba.jpg,CARDBOARD
train,train,cardboard11_jpg.rf.edf38f31efd0c2845acdeadd4618a06d.jpg,CARDBOARD
train,train,cardboard1201_jpg.rf.6a5183cfa19d58c4912ecdea56457e45.jpg,CARDBOARD
train,train,cardboard1202_jpg.rf.48f1a66e7d66ee3175ad6a8af8113d3b.jpg,CARDBOARD
train,train,cardboard1203_jpg.rf.a478d1ed3bf4236cfb775dc10c288c66.jpg,CARDBOARD
train,train,cardboard1204_jpg.rf.3aff5a53a0e14bc99449c66917bd092e.jpg,CARDBOARD
train,valid,cardboard1205_jpg.rf.31c46a2a36d19b66dab1287fe49f201b.jpg,CARDBOARD
train,train,cardboard1206_jpg.rf.ccc3b5ea0099d96cd170bb555a4cceda.jpg,CARDBOARD
train,train,cardboard1207_jpg.rf.d2d6a08cc6163d791880182fc1507c4d.jpg,CARDBOARD
train,train,cardboard1210_jpg.rf.9d26c05193d852c140cc24f0ae909f66.jpg,CARDBOARD
train,train,cardboard1212_jpg.rf.69f1f00b7f6650e2b3bf9510c0f10980.jpg,CARDBOARD
train,train,cardboard1215_jpg.rf.baba329b890f65179a7a2c4a1292252b.jpg,CARDBOARD
train,train,cardboard1216_jpg.rf.7793387933fa117807ba0edc93c4a630.jpg,CARDBOARD
train,train,cardboard1217_jpg.rf.7d9aabe2bc38d571acea23f1666967ce.jpg,CARDBOARD
train,train,cardboard121_jpg.rf.173ecbb852e59328f0a439d18e6b5a8b.jpg,CARDBOARD
train,train,cardboard1220_jpg.rf.947171c55c366820ea6b83c958e97c92.jpg,CARDBOARD
train,valid,cardboard1221_jpg.rf.92f17456306de720cfefed4b62a1395d.jpg,CARDBOARD
train,valid,cardboard1222_jpg.rf.70022a8317dda0013e0b5e73f006272b.jpg,CARDBOARD
train,valid,cardboard1223_jpg.rf.77a27038d6fbf79ce1ed6d78b224e6d1.jpg,CARDBOARD
train,train,cardboard1225_jpg.rf.40c09c272abd4d6708c8b091b11fba9a.jpg,CARDBOARD
train,valid,cardboard1229_jpg.rf.a045393391b0be9b9d1312eade4b496f.jpg,CARDBOARD
train,train,cardboard1231_jpg.rf.8d8b6a5e47becba4e4bc90a6c7e1bfcd.jpg,CARDBOARD
train,train,cardboard1234_jpg.rf.d0b04702a3722086bdaa8e6a735e32b1.jpg,CARDBOARD
train,train,cardboard1235_jpg.rf.d895ffeb142535f62b48d36da0872efb.jpg,CARDBOARD
train,valid,cardboard123_jpg.rf.f85e39f3e518c5150d1bd90a1c6f0ed3.jpg,CARDBOARD
train,valid,cardboard1241_jpg.rf.e9f4b49dbbda1f18e1e2b376590252d2.jpg,CARDBOARD
train,train,cardboard1242_jpg.rf.a97768f657f8f0a9788b1c81f21e18e0.jpg,CARDBOARD
train,train,cardboard1243_jpg.rf.c171d1b56d7eb57c676b9baaf5f1c1dc.jpg,CARDBOARD
train,train,cardboard1244_jpg.rf.5b208239fcd7363e5e297da1633d573e.jpg,CARDBOARD
train,train,cardboard1245_jpg.rf.356c5b32dfa8773b62d52d3927b1f64e.jpg,CARDBOARD
train,train,cardboard1246_jpg.rf.da8c6d7e4b7e37c44214474e2be51440.jpg,CARDBOARD
train,train,cardboard1247_jpg.rf.cb42a07843e20ffebaae3262d8eb3dd6.jpg,CARDBOARD
train,valid,cardboard1249_jpg.rf.11835530deda9048b865890a0f21604b.jpg,CARDBOARD
train,train,cardboard124_jpg.rf.100d44397b44f0962471a746ec411c2e.jpg,CARDBOARD
train,train,cardboard1251_jpg.rf.eecccc6c6c81fad7ac92c7b96272ae5c.jpg,CARDBOARD
train,train,cardboard1252_jpg.rf.92aa477a9e999937bbff9c973c62a163.jpg,CARDBOARD
train,train,cardboard1253_jpg.rf.4e99176c558bf327980390156ad2b3b5.jpg,CARDBOARD
train,train,cardboard1256_jpg.rf.499d13a0c9a39b732562ea161aeaffba.jpg,CARDBOARD
train,train,cardboard1257_jpg.rf.06fff526eb1baba3b2bb7d51d477f79c.jpg,CARDBOARD
train,valid,cardboard1259_jpg.rf.1925a78b92cb1286170f0eae4b3d6e7d.jpg,CARDBOARD
train,train,cardboard1260_jpg.rf.2f52b693749f4cd7c195a1fc8658c575.jpg,CARDBOARD
train,train,cardboard1263_jpg.rf.b18f7b6314d3fc2f89afc34d5696b6e8.jpg,CARDBOARD
train,valid,cardboard1265_jpg.rf.be8cf121d7487a8e983503601bccb479.jpg,CARDBOARD
train,valid,cardboard1266_jpg.rf.f3c63a69b0d97b7114067f7a8bcdef56.jpg,CARDBOARD
train,train,cardboard1267_jpg.rf.0f578635d67b7c9e5e7c5c1c457365cf.jpg,CARDBOARD
train,train,cardboard1268_jpg.rf.6c1e91dee08fcfd09c3eb880f4e66dc9.jpg,CARDBOARD
train,train,cardboard1269_jpg.rf.1fabacd8ffb89c4137e1da1183cb1042.jpg,CARDBOARD
train,valid,cardboard1270_jpg.rf.f1d1c62c0d0ae453dc7e4f5736eb38c3.jpg,CARDBOARD
train,train,cardboard1273_jpg.rf.1b816fc00809d398fc3b9dbca072cc8e.jpg,CARDBOARD
train,valid,cardboard1274_jpg.rf.fbcfb63631acbf773b6ed3e6631e92cd.jpg,CARDBOARD
train,train,cardboard1275_jpg.rf.482738f56a3d1fd61cceb2ec4ea94576.jpg,CARDBOARD
train,train,cardboard127_jpg.rf.18f05a4cfa6b3969e62aa3db682fb433.jpg,CARDBOARD
train,valid,cardboard1280_jpg.rf.53b5ee7c67e1c3db4904430c7c3b34c5.jpg,CARDBOARD
train,train,cardboard1281_jpg.rf.7397f383a184681df7ddf8dd956cfa37.jpg,CARDBOARD
train,train,cardboard1283_jpg.rf.c9981c47022e2b7408cc03b002718c24.jpg,CARDBOARD
train,valid,cardboard1284_jpg.rf.50e50ef8415847ebf90a5dfcdd2af344.jpg,CARDBOARD
train,train,cardboard1285_jpg.rf.2cb240578164c8426116ab07a5dd7dc3.jpg,CARDBOARD
train,train,cardboard1286_jpg.rf.9b6c0bbe312983fafb15241eaa3ab0dc.jpg,CARDBOARD
train,train,cardboard1287_jpg.rf.1bf137ab7e89ce5eafa5746fd5bd6ea8.jpg,CARDBOARD
train,train,cardboard1289_jpg.rf.53e9cf2a0b8232c0d955a6b79fa8188d.jpg,CARDBOARD
train,train,cardboard1290_jpg.rf.1a9da367ae448880cd5c893c4e8a6dae.jpg,CARDBOARD
train,valid,cardboard1291_jpg.rf.e0e609874c7d516290e2769521492567.jpg,CARDBOARD
train,train,cardboard1292_jpg.rf.2a9562305b78df85038b845603a6ce4f.jpg,CARDBOARD
train,valid,cardboard1293_jpg.rf.724513db1e2c44b357668a808de4e8da.jpg,CARDBOARD
train,train,cardboard1295_jpg.rf.14801051ee679a5fc9473dff0f6c1027.jpg,CARDBOARD
train,train,cardboard1296_jpg.rf.027d4810f1b91c668335e129c0670107.jpg,CARDBOARD
train,valid,cardboard1297_jpg.rf.b7608909a9ffc5eaada4a83c61e53911.jpg,CARDBOARD
train,train,cardboard129_jpg.rf.035bb796a5f23d6071a3a679f0c12983.jpg,CARDBOARD
train,train,cardboard12_jpg.rf.6fac7ae5fcb91812515270b63b4817d7.jpg,CARDBOARD
train,train,cardboard1300_jpg.rf.26bb8d2b098d05098d2884b8bcc48fb8.jpg,CARDBOARD
train,train,cardboard1301_jpg.rf.ea4a7d8661f18389143f4926f7503bcb.jpg,CARDBOARD
train,train,cardboard1303_jpg.rf.854c408577c69602d71af049c7dfb1bc.jpg,CARDBOARD
train,train,cardboard1304_jpg.rf.ac562236df826315d8a14706db007c2c.jpg,CARDBOARD
train,train,cardboard1305_jpg.rf.97500bcc3a7f6b63c4cf80e2819ae626.jpg,CARDBOARD
train,train,cardboard1306_jpg.rf.64e1a2506a78561557b60f4254ce4b9e.jpg,CARDBOARD
train,train,cardboard1307_jpg.rf.43d9a22fda3726000ef8f54e955c6e88.jpg,CARDBOARD
train,train,cardboard1308_jpg.rf.e20866a12de7175e22a28997423522d4.jpg,CARDBOARD
train,train,cardboard1309_jpg.rf.562a3d679699fd34eab497facab524a5.jpg,CARDBOARD
train,train,cardboard1310_jpg.rf.eb3be44534b0c839b108d92068e0e78c.jpg,CARDBOARD
train,valid,cardboard1311_jpg.rf.fb7f62e48c465f53a48ca7d038e91e7e.jpg,CARDBOARD
train,train,cardboard1312_jpg.rf.0b548e0051c4d1292f7931c79b7da92c.jpg,CARDBOARD
train,train,cardboard1316_jpg.rf.866b16b51b2da5f0eeeae30d82d0a8e2.jpg,CARDBOARD
train,valid,cardboard1317_jpg.rf.61e5baedb125e0331bb71124f75d61ae.jpg,CARDBOARD
train,train,cardboard1318_jpg.rf.948f69bec511a13696b52dab041aca5a.jpg,CARDBOARD
train,train,cardboard1319_jpg.rf.f25632eb9bbd4198322d584c11db0122.jpg,CARDBOARD
train,train,cardboard131_jpg.rf.1d65085ec383c01faa494850f3c6867b.jpg,CARDBOARD
train,train,cardboard1320_jpg.rf.02ff50374e8942800d8470a010ac907c.jpg,CARDBOARD
train,train,cardboard1323_jpg.rf.41a5c7765556c833e00d1e6c811a06d1.jpg,CARDBOARD
train,train,cardboard1324_jpg.rf.5f217ae8c59cc3fddee969bb6dd5b721.jpg,CARDBOARD
train,train,cardboard1326_jpg.rf.4c746d85e4e88b35f95d75dd99fb80a2.jpg,CARDBOARD
train,train,cardboard1327_jpg.rf.04144147f7c32bcf42eed7368ef7cb51.jpg,CARDBOARD
train,train,cardboard1328_jpg.rf.e8f810a1b153f423931aca7357918790.jpg,CARDBOARD
train,valid,cardboard1329_jpg.rf.2add0918ad6d0b3e5ac3859de6de08e7.jpg,CARDBOARD
train,train,cardboard1330_jpg.rf.651f04c16ef41373a863c066fe1567a3.jpg,CARDBOARD
train,train,cardboard1331_jpg.rf.26abce1e1878f623af83777b2ef043f7.jpg,CARDBOARD
train,train,cardboard1332_jpg.rf.1d52aabad8ae58454b19f1a3228df874.jpg,CARDBOARD
train,valid,cardboard1333_jpg.rf.5c9dbde8f2a69c7c94349420a9b96bdf.jpg,CARDBOARD
train,train,cardboard1334_jpg.rf.986c870d7a4212918ab73d16e49da3d8.jpg,CARDBOARD
train,valid,cardboard1335_jpg.rf.c44d215ca38c793eb089f289d9b16372.jpg,CARDBOARD
train,valid,cardboard1337_jpg.rf.c8009a774c19125f0ce3e71d5c64d469.jpg,CARDBOARD
train,train,cardboard1339_jpg.rf.0cbf4aeff153a995010205db453bfa4b.jpg,CARDBOARD
train,train,cardboard1340_jpg.rf.0a1e15cb29b02435d835b388488ac04a.jpg,CARDBOARD
train,valid,cardboard1341_jpg.rf.ee8df64f00774eb9b650a892c89db80c.jpg,CARDBOARD
train,train,cardboard1345_jpg.rf.5bc7d200c39f306c4868398c43f9afc2.jpg,CARDBOARD
train,train,cardboard1346_jpg.rf.1f0fabca89ddcfe8e613471a2d03bfe8.jpg,CARDBOARD
train,valid,cardboard1347_jpg.rf.13f4c389dc80cdb80db835abfb8a0a9a.jpg,CARDBOARD
train,train,cardboard1348_jpg.rf.84b9816ba6b9c0d30f8ede05e1cb7c22.jpg,CARDBOARD
train,train,cardboard1349_jpg.rf.0501f4e898b4ce542b98f9d57e3d0241.jpg,CARDBOARD
train,train,cardboard1350_jpg.rf.4f6d560c651a79ff90a1cc278d3234ce.jpg,CARDBOARD
train,valid,cardboard1351_jpeg.rf.f4cceb38199a4f24c20648b6b7bc77e8.jpg,CARDBOARD
train,train,cardboard1353_jpg.rf.5451307e2d57197d9d93fc9948df08e4.jpg,CARDBOARD
train,valid,cardboard1354_jpg.rf.f41c1cf9b4a78c3d9922eee5ce7cd158.jpg,CARDBOARD
train,valid,cardboard1355_jpg.rf.db002e98068c45484d7e719394669a7f.jpg,CARDBOARD
train,train,cardboard1356_jpg.rf.b814b97ddc62a66e7876d43026c366ab.jpg,CARDBOARD
train,train,cardboard1357_jpg.rf.279ad31b702d346366c640a05c8dda7d.jpg,CARDBOARD
train,train,cardboard1358_jpg.rf.dfaabac1859231d52d72066ace770aee.jpg,CARDBOARD
train,valid,cardboard1359_jpg.rf.a66381dd059bd8416340cbc2b167c001.jpg,CARDBOARD
train,train,cardboard135_jpg.rf.a8a086b591c10b44e1fd6c5b7c65ff46.jpg,CARDBOARD
train,train,cardboard1360_jpg.rf.cf170d1c27c0136a539a66568d8506ad.jpg,CARDBOARD
train,train,cardboard1362_jpg.rf.1e24bec718b13eeeae2b38ce6c442e66.jpg,CARDBOARD
train,train,cardboard1364_jpg.rf.d611216cb18d2932b14d7e45ada7757a.jpg,CARDBOARD
train,train,cardboard1368_jpg.rf.815e6a11c4621b02d1bc72916de11752.jpg,CARDBOARD
train,valid,cardboard1370_jpg.rf.45a860cbf2bde6d0f2d892247928ab99.jpg,CARDBOARD
train,valid,cardboard1372_jpg.rf.b0da71e18e28da60925cd6e338e9b191.jpg,CARDBOARD
train,train,cardboard1375_jpg.rf.efb56309d48b77073fda9518e695046d.jpg,CARDBOARD
train,valid,cardboard1377_jpg.rf.fc57236b84a92dcbeb9d07034e817018.jpg,CARDBOARD
train,valid,cardboard1379_jpg.rf.e35c6d01a19c6faa18a3814f9befa7ef.jpg,CARDBOARD
train,valid,cardboard137_jpg.rf.d79e120bf3a8e696049c659d729aeb7d.jpg,CARDBOARD
train,train,cardboard1381_jpg.rf.5eabac6f0c036691b4063c052dd1c175.jpg,CARDBOARD
train,train,cardboard1383_jpg.rf.3323f85e152c0895ac9047adbce0d774.jpg,CARDBOARD
train,valid,cardboard1385_jpg.rf.af2ccb96cba8a0cb9dbefb84fdbc0435.jpg,CARDBOARD
train,valid,cardboard1388_jpg.rf.6e392ba57180e632ce4293d35f46f561.jpg,CARDBOARD
train,train,cardboard1389_jpg.rf.5d0d6ea61c3f9175fc12cb02f636fda4.jpg,CARDBOARD
train,train,cardboard138_jpg.rf.70b115310d36740930ac889704eb3889.jpg,CARDBOARD
train,train,cardboard1390_jpg.rf.91248a46fbdfa7e3a1c91398f2913e96.jpg,CARDBOARD
train,train,cardboard1391_jpg.rf.40be384b3cda43ce98f55df64005b737.jpg,CARDBOARD
train,train,cardboard1394_jpg.rf.a367fe3d9c0abbf56e1f14848f37b333.jpg,CARDBOARD
train,train,cardboard1395_jpg.rf.667183ae96295c26c3fe3ac5b87cdf9c.jpg,CARDBOARD
train,train,cardboard1398_jpg.rf.b432124c52f6d052107ea8f3c8487213.jpg,CARDBOARD
train,valid,cardboard1399_jpg.rf.e950e6ab3812521409e64480425e3da2.jpg,CARDBOARD
train,train,cardboard1400_jpg.rf.958fc2b5f76e37c7749873ac2ddef85d.jpg,CARDBOARD
train,train,cardboard1401_jpg.rf.48473846be026abe6657db4cd44adf50.jpg,CARDBOARD
train,valid,cardboard1402_jpg.rf.edd661991fb0bc27b8746aa6a8393d45.jpg,CARDBOARD
train,valid,cardboard1404_jpg.rf.66f51cf8433e1af3b56a91b493f1df54.jpg,CARDBOARD
train,valid,cardboard1405_jpg.rf.9bce3dc27f1bd24f7303dfd26224ab20.jpg,CARDBOARD
train,train,cardboard1407_jpg.rf.655492871ab54a5a4036c1876b9406ac.jpg,CARDBOARD
train,train,cardboard1413_jpg.rf.461ac3dc4ef12ea429c142975ab54bd9.jpg,CARDBOARD
train,valid,cardboard1416_jpg.rf.627777613db71a9149d57e3a1ec10261.jpg,CARDBOARD
train,valid,cardboard1417_jpg.rf.f3c17d4f9730f107b157a1fbe39ba3c1.jpg,CARDBOARD
train,valid,cardboard1419_jpg.rf.d97efa948b5ceaef45ceff5a6d8a99a3.jpg,CARDBOARD
train,train,cardboard141_jpg.rf.a612f62e56f8756826e245e2ea2fe046.jpg,CARDBOARD
train,valid,cardboard1420_jpg.rf.8d8eb6bbd8aec727a661ea795910375b.jpg,CARDBOARD
train,train,cardboard1421_jpg.rf.364ffce46bc37aa071435703d31f3bc9.jpg,CARDBOARD
train,train,cardboard1422_jpg.rf.d5e3e34f7d7b1bd2bd20a8f81cf9a041.jpg,CARDBOARD
train,train,cardboard1423_jpg.rf.944c4f8e4377dcf7548e7c37abbdfc99.jpg,CARDBOARD
train,train,cardboard1426_jpg.rf.9d86111b3b26b10f92c2bd6e0fa11ae3.jpg,CARDBOARD
train,valid,cardboard1429_jpg.rf.bf269cf78b92235109d59182a94a54e5.jpg,CARDBOARD
train,train,cardboard142_jpg.rf.38886cb0f2e7a09c5a0bb25e36b5c8ee.jpg,CARDBOARD
train,train,cardboard1430_jpg.rf.b409ed3e4cbb3075d337b8b4465e4004.jpg,CARDBOARD
train,train,cardboard1431_jpg.rf.ec81c5dd85c9c3246ff9326d99ef8fc2.jpg,CARDBOARD
train,valid,cardboard1432_jpg.rf.8d8d023c9283e8dbb1857c849d968ead.jpg,CARDBOARD
train,train,cardboard1433_jpg.rf.4e60ed55c24c819da28ae78263ecf2c8.jpg,CARDBOARD
train,train,cardboard1435_jpg.rf.7a526891a6d372dbf8a989fe151ced36.jpg,CARDBOARD
train,train,cardboard1436_jpg.rf.4c51010ec9df34ab79f6cf94fac143aa.jpg,CARDBOARD
train,valid,cardboard1437_jpg.rf.71de0de7609f9ecfb0e543761143f637.jpg,CARDBOARD
train,train,cardboard1438_jpg.rf.ebb79a12f30c1b3026265ad457f011e4.jpg,CARDBOARD
train,train,cardboard143_jpg.rf.bb360d335e4db597240551bd474f9bb3.jpg,CARDBOARD
train,train,cardboard1440_jpg.rf.4cf250a4b16bcde7f5244920a351ec2c.jpg,CARDBOARD
train,train,cardboard1441_jpg.rf.f684769d21f67204866b58feed9bf6ea.jpg,CARDBOARD
train,train,cardboard1442_jpg.rf.1357d00fe226518233eff29642c49d48.jpg,CARDBOARD
train,valid,cardboard1444_jpg.rf.176b85880a165add8b92478b4d5eafa0.jpg,CARDBOARD
train,valid,cardboard1445_jpg.rf.cb97d0aba86ada90a2a1935225100a12.jpg,CARDBOARD
train,train,cardboard1447_jpg.rf.82b260f20531ab47c670e0f77b4d9cfe.jpg,CARDBOARD
train,train,cardboard1448_jpg.rf.eae8302553cd05f203e7ca4d9f7b8a65.jpg,CARDBOARD
train,train,cardboard1450_jpg.rf.e0647b34c62406ae1ac8a105c6e68055.jpg,CARDBOARD
train,valid,cardboard1451_jpg.rf.7c7a1467120c5eed776052b5b4292dbd.jpg,CARDBOARD
train,train,cardboard1452_jpg.rf.209fddf164f11b7f8e4941e99459b574.jpg,CARDBOARD
train,valid,cardboard1454_jpg.rf.5e04c1fb517f1df0c9157261397911f4.jpg,CARDBOARD
train,train,cardboard1455_jpg.rf.a87adee256ffa0efb4427659f6ad4f98.jpg,CARDBOARD
train,valid,cardboard1456_jpg.rf.156860b30172d1ce3241c56fdda75a0d.jpg,CARDBOARD
train,valid,cardboard1458_jpg.rf.623b299281958ed2ad366e9839aea47e.jpg,CARDBOARD
train,valid,cardboard1459_jpg.rf.7559234406283d7cb0bbb35683925c49.jpg,CARDBOARD
train,valid,cardboard145_jpg.rf.328f26af22ff41179e01ad6a91961527.jpg,CARDBOARD
train,valid,cardboard1460_jpg.rf.f9d7a555d48e6a461fcd65af82f8df72.jpg,CARDBOARD
train,train,cardboard1461_jpg.rf.fd48751f76c04a709f4b67eab500b00d.jpg,CARDBOARD
train,train,cardboard1463_jpg.rf.a0cd9524236f9d8dd816923e8002a77b.jpg,CARDBOARD
train,train,cardboard1465_jpg.rf.c6ba2cd47f7d7739d993f9321d58d496.jpg,CARDBOARD
train,train,cardboard1466_jpg.rf.a27f82d20f8dcfdaa55624fef4c10009.jpg,CARDBOARD
train,valid,cardboard1468_jpg.rf.22ad168c415d97bac12fd351d0a11317.jpg,CARDBOARD
train,valid,cardboard1469_jpg.rf.2e30617229e545d3f6c1d8841ade1ad1.jpg,CARDBOARD
train,train,cardboard1471_jpg.rf.ade2514adaaa1d97315f425a1580987d.jpg,CARDBOARD
train,train,cardboard1472_jpg.rf.9af16f03ce64a7f4865efcf3ce18527d.jpg,CARDBOARD
train,train,cardboard1474_jpg.rf.6a711d8e1517f0a3f84294cf44e5af6d.jpg,CARDBOARD
train,train,cardboard1475_jpg.rf.7373fcc1c78de224eef5a01085098774.jpg,CARDBOARD
train,train,cardboard1476_jpg.rf.eb61dfdf02734c0355dd095b6ad3643c.jpg,CARDBOARD
train,train,cardboard1478_jpeg.rf.143177b8188cf0f92ce584e2b71c34d2.jpg,CARDBOARD
train,train,cardboard1479_jpg.rf.c5e06191d09ed6e0d1d6a76101d78726.jpg,CARDBOARD
train,train,cardboard147_jpg.rf.c04532744e640cd572342ebfce985a9b.jpg,CARDBOARD
train,train,cardboard1483_jpg.rf.fc734edd6e84eb362413ac39c165cac8.jpg,CARDBOARD
train,valid,cardboard1484_jpg.rf.6dee810c9ff9d4084f249261692eba98.jpg,CARDBOARD
train,valid,cardboard1485_jpg.rf.4135707d08620926efbfaae95b617eb0.jpg,CARDBOARD
train,train,cardboard1486_jpg.rf.8ffbf0bdb871489a227dc5832060692a.jpg,CARDBOARD
train,valid,cardboard1490_jpg.rf.6d59c6a6719fdc80b4c1bbf8c9ffa798.jpg,CARDBOARD
train,train,cardboard1492_jpg.rf.c5d93323885c9dfaac19704c8cef8198.jpg,CARDBOARD
train,valid,cardboard1493_jpg.rf.7932d50059e1c0f39b12fcd81cd02c1a.jpg,CARDBOARD
train,train,cardboard1495_jpg.rf.73a6b9980939f260bd898b1cf122632f.jpg,CARDBOARD
train,train,cardboard1497_jpg.rf.4619d9e479a9f3639c9b38a53691109f.jpg,CARDBOARD
train,train,cardboard1498_jpg.rf.b77208d1aa23d2a7470536265ff82839.jpg,CARDBOARD
train,train,cardboard1499_jpg.rf.f1f596893f7862fa538abc0c10559957.jpg,CARDBOARD
train,train,cardboard149_jpg.rf.e2b72cf01849061d6b4a85340e9efb6b.jpg,CARDBOARD
train,train,cardboard14_jpg.rf.733e72a9951a7d14d37d67b302393a2d.jpg,CARDBOARD
train,train,cardboard1501_jpg.rf.6e7ca52fc74c2123e6860c957dc8da64.jpg,CARDBOARD
train,train,cardboard1505_jpg.rf.6745eb391d62d61f4770ce9bab4583d4.jpg,CARDBOARD
train,train,cardboard1506_jpg.rf.6b6ad8c6422d13186cba98ba041d5c28.jpg,CARDBOARD
train,train,cardboard1507_jpg.rf.d608f091631fb8679be68be6b07c140e.jpg,CARDBOARD
train,train,cardboard1509_jpg.rf.f03bedc7ecf39c47e4acb411397a72a4.jpg,CARDBOARD
train,train,cardboard1511_jpg.rf.97547029d20b0a09a7b71e0f87853fe0.jpg,CARDBOARD
train,valid,cardboard1512_jpg.rf.27ed9fa9b764796700fe2569395463f2.jpg,CARDBOARD
train,train,cardboard1513_jpg.rf.7ca331a9b36f03e6f69991f52252c81c.jpg,CARDBOARD
train,valid,cardboard1515_jpg.rf.a4fe5d2aa34268bbafe0220bc48a2870.jpg,CARDBOARD
train,valid,cardboard1516_jpg.rf.bf641efd8b40227b28276997e4e9f3d8.jpg,CARDBOARD
train,valid,cardboard1517_jpg.rf.b99f4509b468b0b94d58bec65f86432a.jpg,CARDBOARD
train,train,cardboard1518_jpg.rf.da6b504319c6d1cc3ca7721a157e81da.jpg,CARDBOARD
train,train,cardboard151_jpg.rf.ea35203e69296632fc80fcae680ec718.jpg,CARDBOARD
train,valid,cardboard1520_jpg.rf.e6eb44caf81c56d7f2228af8976d4a93.jpg,CARDBOARD
train,train,cardboard1523_jpg.rf.14c1e991ce237ac122c953fa80185eec.jpg,CARDBOARD
train,train,cardboard1524_jpg.rf.57e4e9865b518298c684928ff0aa538f.jpg,CARDBOARD
train,valid,cardboard1525_jpg.rf.a81e3e55adc0282c01be257504cb4257.jpg,CARDBOARD
train,train,cardboard1526_jpg.rf.b73eccbff5b4a14c2bc3774035c0b351.jpg,CARDBOARD
train,train,cardboard1528_jpg.rf.1df7a7446d28829545a1487ad8f9600a.jpg,CARDBOARD
train,train,cardboard1529_jpg.rf.74c4ce6799f0e03e3f8779262cf59b7a.jpg,CARDBOARD
train,train,cardboard1534_jpg.rf.bbf947e39dd03333c4d754106a26095a.jpg,CARDBOARD
train,train,cardboard1538_jpg.rf.29d5bfbf4afc37dce0ece30312f7683f.jpg,CARDBOARD
train,train,cardboard1539_jpg.rf.427b130bc4781d960342cf4f5b968399.jpg,CARDBOARD
train,train,cardboard1540_jpg.rf.082409f2dba5f19019b1a25b1c2e8970.jpg,CARDBOARD
train,valid,cardboard1541_jpg.rf.361ada9f2d16d81c31429cbf7e8ac574.jpg,CARDBOARD
train,train,cardboard1542_jpg.rf.bebd47fd8c002533e1ff5dcbe241083b.jpg,CARDBOARD
train,train,cardboard1543_jpg.rf.a56cdf96b6093d1ccb8bff593f9a3f85.jpg,CARDBOARD
train,train,cardboard1548_jpg.rf.7566101485ec7f390c8e16c838a54176.jpg,CARDBOARD
train,train,cardboard154_jpg.rf.721c05787f96fd551a6f0f2308e9faa3.jpg,CARDBOARD
train,valid,cardboard1550_jpg.rf.9e81a3e1f91ea40220607c8b91de7ac8.jpg,CARDBOARD
train,train,cardboard1552_jpg.rf.54cb2c8edb18d3e04ca0bc95b642d301.jpg,CARDBOARD
train,valid,cardboard1554_jpg.rf.389ccc6e537be92f2b27bc3e8a0513ff.jpg,CARDBOARD
train,valid,cardboard1555_jpg.rf.6dc4a4a66eff8306f7318f8f5b0c9abc.jpg,CARDBOARD
train,valid,cardboard1557_jpg.rf.3898caf3a0a4236a2cad7a55101bd2c7.jpg,CARDBOARD
train,valid,cardboard1558_jpg.rf.da6803305991026e739cfba3c508b332.jpg,CARDBOARD
train,train,cardboard1559_jpg.rf.742102c1ca43b26dad63aec6e28ec065.jpg,CARDBOARD
train,train,cardboard1561_jpg.rf.9a6dbc4254d1e09a4b6f52d96dbd291d.jpg,CARDBOARD
train,valid,cardboard1564_jpg.rf.e7b80aafef21c4cf81aa3e7f9ec6a660.jpg,CARDBOARD
train,valid,cardboard1565_jpg.rf.020e94ff7ab2071cb781b3a250d99349.jpg,CARDBOARD
train,train,cardboard1567_jpg.rf.6159b0113e7492c63b8ed3c211be21f9.jpg,CARDBOARD
train,train,cardboard1568_jpg.rf.7da4cb16da2b69746fffae52dd3e92fc.jpg,CARDBOARD
train,train,cardboard1569_jpg.rf.4ad43e045dcbce1f590818f9851af186.jpg,CARDBOARD
train,valid,cardboard156_jpg.rf.f1436cc562300d4e5ee758a63d7812e7.jpg,CARDBOARD
train,valid,cardboard1570_jpg.rf.122e6098d272398f4ed16dc937b4e574.jpg,CARDBOARD
train,valid,cardboard1571_jpg.rf.6d33a5aed9dfe0939ea9314301c86216.jpg,CARDBOARD
train,train,cardboard1572_jpg.rf.391a84ff53e6d3082d1bcfdbb9b914a3.jpg,CARDBOARD
train,train,cardboard1573_jpg.rf.0641b2abf994fa809b0e31f0535b6ff6.jpg,CARDBOARD
train,train,cardboard1574_jpg.rf.615bd7642a7c9629ae837965baaeaf7e.jpg,CARDBOARD
train,valid,cardboard1577_jpg.rf.2019cc95afeed4003792298d7b137e2a.jpg,CARDBOARD
train,train,cardboard1578_jpg.rf.d10caa72f5c68a52a49b34f96bcebd2b.jpg,CARDBOARD
train,train,cardboard1579_jpg.rf.12fe830102160ca36859366418c41d14.jpg,CARDBOARD
train,train,cardboard1583_jpg.rf.13b868df68639b6fb2e046e1863d0ec2.jpg,CARDBOARD
train,train,cardboard1585_jpg.rf.6980fdbd05ad33766cd3ce1858f44996.jpg,CARDBOARD
train,train,cardboard1586_jpg.rf.1af0547c8e0f13fbdaad714ecee2a225.jpg,CARDBOARD
train,train,cardboard1588_jpg.rf.bdf9ac0392df19ace601965a86a3a5e8.jpg,CARDBOARD
train,train,cardboard1589_jpg.rf.611930af23182ef5d15c94b0f2e90bcc.jpg,CARDBOARD
train,valid,cardboard158_jpg.rf.6bf66bc75008d0d9a37d00cf7ae5d650.jpg,CARDBOARD
train,train,cardboard1590_jpg.rf.df20bfa5978c532dc39b8f39a40a7325.jpg,CARDBOARD
train,train,cardboard1591_jpg.rf.7fbbc2ebae49f56b3dd724b9466e1ca6.jpg,CARDBOARD
train,valid,cardboard1592_jpg.rf.c945e9fccd88bd9cb27e72950592e0f8.jpg,CARDBOARD
train,train,cardboard1593_jpg.rf.5c67e8e2ef04cbbd6806ade681db4c4d.jpg,CARDBOARD
train,train,cardboard1594_jpg.rf.f646adf867ebe112750b15857fb4ad7a.jpg,CARDBOARD
train,train,cardboard1596_jpg.rf.8e934ab7dd9bdbe589e36f0ed59085bf.jpg,CARDBOARD
train,train,cardboard1597_jpg.rf.5c2387f64d759562e2b1e755ce9f2f4a.jpg,CARDBOARD
train,valid,cardboard1599_jpg.rf.d010a811183b669bbcdf593a7e30fa26.jpg,CARDBOARD
train,valid,cardboard1600_jpg.rf.c61dfaf2fb3afe819a8721e8f4144d9d.jpg,CARDBOARD
train,train,cardboard1601_jpg.rf.4307b73352f6149af22d9c558fd1449c.jpg,CARDBOARD
train,valid,cardboard1602_jpg.rf.578a7de04c9fcf5643829586fc6fef7c.jpg,CARDBOARD
train,train,cardboard1603_jpg.rf.df70606b025a686ea8195746f5cd3319.jpg,CARDBOARD
train,valid,cardboard1604_jpeg.rf.8a36e20c80c084c8a52a88fdf329dcc3.jpg,CARDBOARD
train,train,cardboard1606_jpg.rf.91d861f8b256c7cc8bf5eae10aac122a.jpg,CARDBOARD
train,valid,cardboard1608_jpg.rf.49ac21a23e680689bddfe8bbbe7734a4.jpg,CARDBOARD
train,valid,cardboard1609_jpg.rf.22d09512201b3d380eee95086e4b045d.jpg,CARDBOARD
train,train,cardboard1610_jpg.rf.5644b06156abb6f6b35b2d9f37a1d90f.jpg,CARDBOARD
train,train,cardboard1611_jpg.rf.40ff4087b2778f2756601850cb090703.jpg,CARDBOARD
train,train,cardboard1616_jpg.rf.19e431930cf22105ba0563da92b6e940.jpg,CARDBOARD
train,valid,cardboard1617_jpg.rf.42e57149374d1a3d252e56e5fd6727e3.jpg,CARDBOARD
train,train,cardboard1618_jpg.rf.e796588eb7c441bf12fe65add0aa1713.jpg,CARDBOARD
train,train,cardboard1619_jpg.rf.e217ef36af14c90599f467f2cfd55b4e.jpg,CARDBOARD
train,valid,cardboard161_jpg.rf.c10f5ec790af616aa187e67afa9bb1fc.jpg,CARDBOARD
train,train,cardboard1620_jpg.rf.5b1d23ba0f0d30db4d8daaffdae797fd.jpg,CARDBOARD
train,train,cardboard1621_jpg.rf.7ac85ee81286c6eb1befdabae10cbc08.jpg,CARDBOARD
train,train,cardboard1622_jpg.rf.c173fbbaec44457c65e2eb72db69f124.jpg,CARDBOARD
train,valid,cardboard1628_jpg.rf.a600c27965bc0073414313df1b572f4c.jpg,CARDBOARD
train,train,cardboard1629_jpg.rf.1c6d8897ff326fa8dcca5e452b224a8f.jpg,CARDBOARD
train,train,cardboard162_jpg.rf.390ae89ef8a29c3e98b6ea52176a2860.jpg,CARDBOARD
train,valid,cardboard1631_jpg.rf.53e9af41a58a3c3648ca5f3899a97deb.jpg,CARDBOARD
train,valid,cardboard1632_jpg.rf.063d3799483e42ff195a65ae430cd09d.jpg,CARDBOARD
train,valid,cardboard1634_jpg.rf.c164ff7af76e9bd409ab8ba93e22e748.jpg,CARDBOARD
train,train,cardboard1640_jpg.rf.f54f322c4cd202c23d15614b40c156a2.jpg,CARDBOARD
train,train,cardboard1641_jpg.rf.61c5121cc09acc430b9c40422c95d609.jpg,CARDBOARD
train,train,cardboard1643_jpg.rf.7bdd335fc1146453402c55095418e3cd.jpg,CARDBOARD
train,valid,cardboard1645_jpg.rf.cd90589395b83146cc67e2fa35b6fbde.jpg,CARDBOARD
train,train,cardboard1647_jpg.rf.27d184e9ac25119610a71c419d3a06aa.jpg,CARDBOARD
train,valid,cardboard1649_jpg.rf.5a45438807bb4628bf73c9dd7c7b7978.jpg,CARDBOARD
train,train,cardboard165_jpg.rf.4d74b07dd12206fdd99c8edcf7648f91.jpg,CARDBOARD
train,train,cardboard1660_jpg.rf.4fe256190a47dbc0d361432ed570ebf4.jpg,CARDBOARD
train,train,cardboard1663_jpg.rf.02ff42807fea0ff471f16fb2feb5591d.jpg,CARDBOARD
train,train,cardboard1664_jpg.rf.a88dfc1ada7e60dd52e22a53b9c847f3.jpg,CARDBOARD
train,valid,cardboard1667_jpg.rf.c53cd45e0272ef0cd0bd3adda3fb7b0c.jpg,CARDBOARD
train,train,cardboard1668_jpg.rf.2d7b82470787f2143fee2332b54b45c9.jpg,CARDBOARD
train,train,cardboard1669_jpg.rf.19e64cb0ddaebe104aed560e17d2ad8c.jpg,CARDBOARD
train,train,cardboard1671_jpg.rf.40c4b920a7f8493e208ce9ed7917933f.jpg,CARDBOARD
train,train,cardboard1673_jpg.rf.1bc8a7b3828fb1eea645e0685edd8dc1.jpg,CARDBOARD
train,train,cardboard1675_jpg.rf.0ce6b694a3b4284e458779c6f9f522cf.jpg,CARDBOARD
train,train,cardboard1676_jpg.rf.ca6ea3f2c65373f9278af23d68cc8601.jpg,CARDBOARD
train,valid,cardboard1677_jpg.rf.5a2ac085dc0e105f114c4af185ffd24e.jpg,CARDBOARD
train,train,cardboard1678_jpg.rf.cba345484bef64a775ad792010f2c718.jpg,CARDBOARD
train,train,cardboard167_jpg.rf.e880dfb3d4efb95e35356c2b3058f22e.jpg,CARDBOARD
train,valid,cardboard1680_jpg.rf.25bd8e8cd3604501fa0920a001219e94.jpg,CARDBOARD
train,train,cardboard1682_jpg.rf.a6f6d09b1f4815b3da352773ff63327c.jpg,CARDBOARD
train,train,cardboard1683_jpg.rf.fa1eeebe4b309f548646360d835b0f74.jpg,CARDBOARD
train,train,cardboard1684_jpg.rf.91a3076e7ff0b940f7d2a0a67c7cef28.jpg,CARDBOARD
train,valid,cardboard1687_jpg.rf.d1f633415e40393dc5f46776443704d3.jpg,CARDBOARD
train,valid,cardboard1689_jpg.rf.7252277b9607ca77406fa7258523f560.jpg,CARDBOARD
train,train,cardboard168_jpg.rf.b4dd54442d4272b6fac9d8c1e523e690.jpg,CARDBOARD
train,valid,cardboard1690_jpg.rf.8bb19fbf76176dd0605e835ea04d039e.jpg,CARDBOARD
train,train,cardboard1692_jpg.rf.51ce73f2a0f7cb2745fc56ec78c9f476.jpg,CARDBOARD
train,valid,cardboard1696_jpg.rf.c7d8edf6d266cb501f877f5d129ca32a.jpg,CARDBOARD
train,train,cardboard1705_jpg.rf.ca17572b89cb350251faf4b40e880d88.jpg,CARDBOARD
train,train,cardboard1706_jpg.rf.67d2bc58c782d54cbbf2a52077e2bc31.jpg,CARDBOARD
train,train,cardboard1707_jpg.rf.61ea7a3d8415f504b63a5ee103e2dcae.jpg,CARDBOARD
train,train,cardboard1708_jpg.rf.1fcc8477fc5be385996e490bc2de9c5c.jpg,CARDBOARD
train,train,cardboard1710_jpg.rf.e74cbdac0b07c88aaa1f7f8f018b45a7.jpg,CARDBOARD
train,train,cardboard1711_jpg.rf.770d8a98d3d28c588494a0e90a862e49.jpg,CARDBOARD
train,train,cardboard1712_jpg.rf.ed509bf9cd588c3fd309c63b534c88bb.jpg,CARDBOARD
train,valid,cardboard1713_jpg.rf.081bbed45f4fb40c06695c203207c489.jpg,CARDBOARD
train,valid,cardboard1716_jpg.rf.d0e0e9c06c006fa17b0e0652e0b1d15b.jpg,CARDBOARD
train,train,cardboard1717_jpg.rf.908ce4a6a7ab121e600d1fee031000d5.jpg,CARDBOARD
train,valid,cardboard171_jpg.rf.5b99badaf73e53dd3a26e2fe5e562463.jpg,CARDBOARD
train,train,cardboard1725_jpg.rf.e71d6f263b7ad59e59f2f40e1b19b7ee.jpg,CARDBOARD
train,train,cardboard1726_jpg.rf.d35f93fe4965951f513b9a10a403b737.jpg,CARDBOARD
train,train,cardboard1728_jpg.rf.9b4898cac6bc6e48dba5900d140199cc.jpg,CARDBOARD
train,train,cardboard172_jpg.rf.8874882a6149f176059afd247ee43c29.jpg,CARDBOARD
train,train,cardboard1731_jpg.rf.1f008c1d660e689b75845ee28321a701.jpg,CARDBOARD
train,train,cardboard1733_jpg.rf.acc0ec42bbc1852d733e5d03cd3a33dc.jpg,CARDBOARD
train,valid,cardboard1736_jpg.rf.83fb7feff3245ac8d5ab44fe52505db2.jpg,CARDBOARD
train,valid,cardboard1737_jpg.rf.0f44ad81085ffde7f23bb56134f7692e.jpg,CARDBOARD
train,train,cardboard1738_jpg.rf.c3a10f3dc2e5dcabce5eebf5b268dd9c.jpg,CARDBOARD
train,valid,cardboard1740_jpg.rf.ee4064daf9e04684218309a1666c2bfb.jpg,CARDBOARD
train,train,cardboard1742_jpg.rf.5d5e70ce951cce5b80b62d60c782111e.jpg,CARDBOARD
train,valid,cardboard1744_jpg.rf.0f24a8171150a811e60a022b7cfe9835.jpg,CARDBOARD
train,valid,cardboard1745_jpg.rf.87ae8cebf74e79ddf0dff0c8cb93ea88.jpg,CARDBOARD
train,valid,cardboard1746_jpg.rf.ae6836646e3d777bcb2f4f6ddcd0dc6a.jpg,CARDBOARD
train,valid,cardboard1751_jpg.rf.3656564d1cbce292c7a3f83f20f6543e.jpg,CARDBOARD
train,train,cardboard1753_jpg.rf.f20e746cfb43e5fcd08d11491c2d572d.jpg,CARDBOARD
train,train,cardboard1755_jpg.rf.cc0dbd3fe66b16e6e98a0cc455d4f0b5.jpg,CARDBOARD
train,train,cardboard1756_jpg.rf.79c3a760595026c961f37207fc0ff45a.jpg,CARDBOARD
train,train,cardboard1758_jpg.rf.d4712196c0d71a4e287ee59d588b3e9d.jpg,CARDBOARD
train,train,cardboard175_jpg.rf.616bed87b386af6f63f5c09d810d46bf.jpg,CARDBOARD
train,train,cardboard1760_jpg.rf.ca73ddc8d3dd745c9f6501b087e9b991.jpg,CARDBOARD
train,train,cardboard1762_jpg.rf.2ea99e499990c606f5f0606aeca58fc3.jpg,CARDBOARD
train,train,cardboard1764_jpg.rf.d50f75f8a848af528dd4a146e63ae545.jpg,CARDBOARD
train,train,cardboard1765_jpg.rf.8c3ffd8b45987b1b39a889bb7912f053.jpg,CARDBOARD
train,valid,cardboard1768_jpg.rf.29602a4206d206e231185c3bca60e471.jpg,CARDBOARD
train,valid,cardboard1769_jpg.rf.0a7d849ee4fe7a985c728dbef32f2ac7.jpg,CARDBOARD
train,train,cardboard176_jpg.rf.1f996897382944b76a462ab1b0642396.jpg,CARDBOARD
train,train,cardboard1770_jpg.rf.def769985554cc82f4258fd82ed7d96b.jpg,CARDBOARD
train,valid,cardboard1775_jpg.rf.6aac9eecd6c301e60b518df0b54306fa.jpg,CARDBOARD
train,valid,cardboard1776_jpg.rf.3dfeb86ca961cb96cad595ebc9b228fd.jpg,CARDBOARD
train,train,cardboard1780_jpg.rf.3ff94b510f4c22c5fa9cdc234dc8c9f5.jpg,CARDBOARD
train,train,cardboard1784_jpg.rf.e60e42c0601f657b01fe39c18b69a6c2.jpg,CARDBOARD
train,train,cardboard1787_jpg.rf.164ba8dab0f295259be2b1601402fe86.jpg,CARDBOARD
train,valid,cardboard1795_jpg.rf.5577c6858639654eb2c92caae468f85b.jpg,CARDBOARD
train,valid,cardboard1799_jpg.rf.6cbd34b5a959ce741458eeeb16304cb2.jpg,CARDBOARD
train,train,cardboard1802_jpg.rf.9c928fa8de6fb2ebc1ed438caea2c012.jpg,CARDBOARD
train,train,cardboard1803_jpg.rf.57ba843c3fcb71b694beb995632e04d1.jpg,CARDBOARD
train,valid,cardboard1804_jpg.rf.baf322eed397451565e3ca94e4955836.jpg,CARDBOARD
train,valid,cardboard1806_jpg.rf.f795489916835a10ff60fa08eea05c2e.jpg,CARDBOARD
train,train,cardboard1808_jpg.rf.7dc513c70fe9d45561badd1b9ed8c56e.jpg,CARDBOARD
train,train,cardboard1809_jpg.rf.3c3524ed3c02bfe7acd36564e5b6a78a.jpg,CARDBOARD
train,valid,cardboard1811_jpg.rf.a0f0bbb60c85ce4fe106eb1c90ba5281.jpg,CARDBOARD
train,train,cardboard1814_jpg.rf.f7334cf66ca0f660b17d8ef29591c0a7.jpg,CARDBOARD
train,train,cardboard1826_jpg.rf.d4541e22cc609449211ee0b2935978ec.jpg,CARDBOARD
train,valid,cardboard1827_jpg.rf.856569da32835c8109724605187526fc.jpg,CARDBOARD
train,train,cardboard1828_jpg.rf.0225580726e9ead160d7ff5757dfa315.jpg,CARDBOARD
train,valid,cardboard1830_jpg.rf.e2408c4b9bfcf98f4f63e61d59d5b164.jpg,CARDBOARD
train,valid,cardboard1831_jpg.rf.1577a7473155c61f132b222ea0d8f8f2.jpg,CARDBOARD
train,train,cardboard1833_jpg.rf.99fc04ce877319df27bd67c377fee774.jpg,CARDBOARD
train,valid,cardboard1836_jpg.rf.5f7c39eb745f73eb96e9eee86add16b7.jpg,CARDBOARD
train,valid,cardboard1838_jpg.rf.2ed53e085a6e235fb8a9013f918ee870.jpg,CARDBOARD
train,train,cardboard1842_jpg.rf.cf36298fe56e15e4a6d2cbeabf72b2bd.jpg,CARDBOARD
train,valid,cardboard1844_jpg.rf.1b4ac703b120dc4eda3ccdb1ca336551.jpg,CARDBOARD
train,valid,cardboard184_jpg.rf.fd631c21b02a5e8aec34aca1168e2cea.jpg,CARDBOARD
train,train,cardboard1853_jpg.rf.ee88c05486466a7b1b98b663bf5a4694.jpg,CARDBOARD
train,train,cardboard1854_jpg.rf.20246d74b5302f958792f1f9662be9bb.jpg,CARDBOARD
train,train,cardboard1861_jpg.rf.7ef43903330b1b1baea391c27ac39343.jpg,CARDBOARD
train,train,cardboard1865_jpg.rf.9a611ccd2fc6fa64b2b7827fb05290fc.jpg,CARDBOARD
train,train,cardboard1866_jpg.rf.7c5169613a32e9c87ea0456d8ebc7e3a.jpg,CARDBOARD
train,train,cardboard1870_jpg.rf.2d855a123354ed830bf27961010578cf.jpg,CARDBOARD
train,train,cardboard1872_jpg.rf.45cd6eeeeca4bf684c8697c517206eb6.jpg,CARDBOARD
train,train,cardboard1874_jpg.rf.0ded7b1f9b7b91bea83a553c250a7ebf.jpg,CARDBOARD
train,train,cardboard1875_jpg.rf.ea63795bd18f5dfac9f4dbc6974fa498.jpg,CARDBOARD
train,train,cardboard1878_jpg.rf.ef99a3b12f6ecd22757ff6840c22fe7f.jpg,CARDBOARD
train,train,cardboard187_jpg.rf.3949cb1524bef592bae6e1f4a6910f98.jpg,CARDBOARD
train,train,cardboard1880_jpg.rf.1c2a28ac71e51d82deea95a75b359fea.jpg,CARDBOARD
train,valid,cardboard1883_jpg.rf.5e46bc46073c0f1bb6db9ad2d9e8a08e.jpg,CARDBOARD
train,valid,cardboard18_jpg.rf.68a5b8f32300e5a713d4a5bac0b70810.jpg,CARDBOARD
train,train,cardboard192_jpg.rf.265632225d26cccb9a4f78567963237b.jpg,CARDBOARD
train,train,cardboard193_jpg.rf.eb56b44022b51e6685220c17c99386a8.jpg,CARDBOARD
train,train,cardboard195_jpg.rf.ccc55c57cd23886d41c07e1ed151e4ae.jpg,CARDBOARD
train,train,cardboard196_jpg.rf.cac4bba27a07d2e70681fba4fb3eb1ba.jpg,CARDBOARD
train,valid,cardboard197_jpg.rf.a59dabbeead1e1c2e7b51f1b270d365b.jpg,CARDBOARD
train,valid,cardboard199_jpg.rf.bd5462d52839b12d238db6d0f98434e5.jpg,CARDBOARD
train,valid,cardboard200_jpg.rf.0b25c4796b89e615d29541e29db55a1d.jpg,CARDBOARD
train,train,cardboard202_jpg.rf.71adfeef959c87e778ba346f86b7039d.jpg,CARDBOARD
train,valid,cardboard203_jpg.rf.b1f649bc742f645f4dc28284e3ff7b13.jpg,CARDBOARD
train,valid,cardboard204_jpg.rf.7a0b5110c46c7b4b6c2396376c8549ef.jpg,CARDBOARD
train,train,cardboard205_jpg.rf.e0052f3de3543241be3f1d1564eb9ae3.jpg,CARDBOARD
train,valid,cardboard206_jpg.rf.1fe05539f6b44a8186baeb531754df58.jpg,CARDBOARD
train,valid,cardboard207_jpg.rf.aa666b2bbeabbeca60652648d072fece.jpg,CARDBOARD
train,train,cardboard208_jpg.rf.cdc8fa757829304af0b3c15c39d6a232.jpg,CARDBOARD
train,train,cardboard209_jpg.rf.c3bae0634eead8bef743191d6427d90c.jpg,CARDBOARD
train,valid,cardboard212_jpg.rf.8e0b2231895e84ee9c5a02741a4e7b3d.jpg,CARDBOARD
train,train,cardboard213_jpg.rf.5baae60f8f7cf0730167e3618265801e.jpg,CARDBOARD
train,train,cardboard214_jpg.rf.cd6d0dd749f6898ab84b434aa70f1a90.jpg,CARDBOARD
train,valid,cardboard216_jpg.rf.0be95e2dfdaf2636ad072cada6e5064e.jpg,CARDBOARD
train,valid,cardboard218_jpg.rf.f95bea1053f5a76cea14ea61fdac4e87.jpg,CARDBOARD
train,valid,cardboard219_jpg.rf.a19f4d6dadac2e0c9a854ca7b9c37d7a.jpg,CARDBOARD
train,train,cardboard220_jpg.rf.a231b7a0c412549c0de74d2af974e87a.jpg,CARDBOARD
train,valid,cardboard221_jpg.rf.4cabfa678b37bc98f730e1e54db057f1.jpg,CARDBOARD
train,train,cardboard222_jpg.rf.6e8619f1ea216620c1e4b0908d6a0001.jpg,CARDBOARD
train,train,cardboard223_jpg.rf.76f3ef3b2586d68f0281f50d6b93edee.jpg,CARDBOARD
train,train,cardboard224_jpg.rf.c0309a27a875b9496e4662c4a132b807.jpg,CARDBOARD
train,valid,cardboard225_jpg.rf.a8aefde6f0e24e990e531c66a63bdb29.jpg,CARDBOARD
train,train,cardboard228_jpg.rf.fff6685f3c2d6e026f60b8fb4651aa0d.jpg,CARDBOARD
train,train,cardboard230_jpg.rf.65f26f37a55ab4ef2cbb5832c96b0c84.jpg,CARDBOARD
train,train,cardboard231_jpg.rf.af0aa58e91305f5917ba1a36cef3efe3.jpg,CARDBOARD
train,train,cardboard232_jpg.rf.a2737abc6582259118989562ead5fb9e.jpg,CARDBOARD
train,train,cardboard233_jpg.rf.a5bb77c2a0b98d075720d70e4befd3c3.jpg,CARDBOARD
train,train,cardboard234_jpg.rf.3e045c713da8b55f47581a010f9a99a5.jpg,CARDBOARD
train,train,cardboard235_jpg.rf.d24756ce498c0a7ae1d66ff5b9110ec5.jpg,CARDBOARD
train,train,cardboard237_jpg.rf.68cb5324377064671c75156ea8331822.jpg,CARDBOARD
train,train,cardboard23_jpg.rf.1cb87071f3d1a0600a8cdd3920d08a28.jpg,CARDBOARD
train,valid,cardboard242_jpg.rf.297eab1d2b911bba456f653fb7b44cd2.jpg,CARDBOARD
train,valid,cardboard243_jpg.rf.58220b802d1ee4570a99e37d7e1ccd8c.jpg,CARDBOARD
train,train,cardboard244_jpg.rf.a39d2a7a388bc6ba2dfdb781f8abdc09.jpg,CARDBOARD
train,valid,cardboard245_jpg.rf.9f087b4a12a5751a78613b2d228a486a.jpg,CARDBOARD
train,valid,cardboard246_jpg.rf.7062724dc5c546dab2f476b30fdeebfe.jpg,CARDBOARD
train,train,cardboard247_jpg.rf.33399d751e784d3f9790fbbfea0572ad.jpg,CARDBOARD
train,train,cardboard250_jpg.rf.619bc312dc3a0096d4f80e152ae6a5d0.jpg,CARDBOARD
train,train,cardboard253_jpg.rf.1086c0b36fda836e7912b3984a4b1be3.jpg,CARDBOARD
train,train,cardboard254_jpg.rf.2b21d55028048615702fbb6f88485405.jpg,CARDBOARD
train,valid,cardboard255_jpg.rf.746f915997087a9717f0c2166e17b7da.jpg,CARDBOARD
train,valid,cardboard256_jpg.rf.fd6da1a5d907879b207de813c69fa5c7.jpg,CARDBOARD
train,train,cardboard257_jpg.rf.0ebaefc36ab45197a701b247002f1c8a.jpg,CARDBOARD
train,train,cardboard258_jpg.rf.22571020f90ac96fb4cbc538819db81b.jpg,CARDBOARD
train,train,cardboard259_jpg.rf.8c80ab3207bd8d55ad6daa6b40d6551c.jpg,CARDBOARD
train,valid,cardboard260_jpg.rf.fe2f31af64893a35faa1210fc98be9ee.jpg,CARDBOARD
train,train,cardboard261_jpg.rf.0e037740d341a59ee6af3bfd09531fde.jpg,CARDBOARD
train,train,cardboard262_jpg.rf.10478536ed3a15538e332437a92c8be0.jpg,CARDBOARD
train,valid,cardboard263_jpg.rf.024bec85a1d44eeaf7d2d292779bb6c5.jpg,CARDBOARD
train,train,cardboard265_jpg.rf.1d28cce9e1654985af1acb62b2081e42.jpg,CARDBOARD
train,train,cardboard267_jpg.rf.f77751b8551dba129d5a0a8fcb1d52c7.jpg,CARDBOARD
train,train,cardboard268_jpg.rf.674394ae1fb479f998502f1fa59b4679.jpg,CARDBOARD
train,valid,cardboard269_jpg.rf.dd533981c1869aac6e86ace3b99dc7da.jpg,CARDBOARD
train,valid,cardboard26_jpg.rf.1d65a7ed48796879173856b3efe8507d.jpg,CARDBOARD
train,valid,cardboard271_jpg.rf.5035ca3335ac13a6f1e836ab63e97afc.jpg,CARDBOARD
train,train,cardboard272_jpg.rf.bcb7151f0829abafd94d294279771d23.jpg,CARDBOARD
train,valid,cardboard273_jpg.rf.b9a95c8d1225d41644fde8d89e326eb2.jpg,CARDBOARD
train,valid,cardboard274_jpg.rf.66dd62246ae07f6455b72d237e8e6249.jpg,CARDBOARD
train,train,cardboard277_jpg.rf.2f26736903fca402c0a012cff2925c41.jpg,CARDBOARD
train,train,cardboard279_jpg.rf.b66d1cd47fcf0ed28861b91cc96cb225.jpg,CARDBOARD
train,train,cardboard282_jpg.rf.452d1b6ee2bad6b35ec0e04cd38b9517.jpg,CARDBOARD
train,train,cardboard283_jpg.rf.469146a8e888f2d1907016154706be3d.jpg,CARDBOARD
train,train,cardboard284_jpg.rf.e6865ff262d4cd5641cb45fc9e76ed6e.jpg,CARDBOARD
train,train,cardboard285_jpg.rf.d500cf5e0eeded4cb133a33dc4620668.jpg,CARDBOARD
train,train,cardboard286_jpg.rf.5bd0f96ec8f53cc3898ed2b82b3ff63b.jpg,CARDBOARD
train,train,cardboard287_jpg.rf.94e08cac518cb09db347bc13b7f6e537.jpg,CARDBOARD
train,train,cardboard289_jpg.rf.2cd4684eda45173b9aa74430f7290b8d.jpg,CARDBOARD
train,train,cardboard28_jpg.rf.e125974f9da331cd6186bdf03ea2f3e0.jpg,CARDBOARD
train,train,cardboard290_jpg.rf.02dc4d041cee3c0891c0c7a7b6ba10e0.jpg,CARDBOARD
train,train,cardboard294_jpg.rf.1e7ee695a91726683e7bb485196c4dd7.jpg,CARDBOARD
train,train,cardboard296_jpg.rf.b57010e7de85fae4230d10a9ba92c63a.jpg,CARDBOARD
train,train,cardboard298_jpg.rf.f35ea7704d9e8366cc4aa7dd9e28000a.jpg,CARDBOARD
train,train,cardboard299_jpg.rf.2084c8c479b8acfd08ceed6ee02a85d2.jpg,CARDBOARD
train,train,cardboard302_jpg.rf.04f8b90751aa0f442e338e5939a1147e.jpg,CARDBOARD
train,train,cardboard304_jpg.rf.0752615c3207be10aefb106da9b0761a.jpg,CARDBOARD
train,train,cardboard305_jpg.rf.ce2e4dda6a831e865bf6bb8ff0200ce9.jpg,CARDBOARD
train,train,cardboard306_jpg.rf.0d56c0177f4ffa182efc913427adf6b4.jpg,CARDBOARD
train,train,cardboard307_jpg.rf.3023624704e2d32e1bd76765ce03c234.jpg,CARDBOARD
train,train,cardboard308_jpg.rf.060e8a386606a7f4c67d348dfcd5d1ac.jpg,CARDBOARD
train,valid,cardboard309_jpg.rf.862fd2fcea331ba57d845e564447a11a.jpg,CARDBOARD
train,valid,cardboard30_jpg.rf.fa50b8e58805572f62bf5644f776bfea.jpg,CARDBOARD
train,train,cardboard311_jpg.rf.98e1b02b9718cce17237d610b4954650.jpg,CARDBOARD
train,valid,cardboard315_jpg.rf.908fa52f31a2810694c0861b7e6bdee6.jpg,CARDBOARD
train,valid,cardboard316_jpg.rf.e9f8680398b19b7c383475742a36aa9e.jpg,CARDBOARD
train,valid,cardboard317_jpg.rf.745c5df34e851f305bbcfdfc02098a59.jpg,CARDBOARD
train,train,cardboard318_jpg.rf.15b69dbc918eb3733f44c4e465a23082.jpg,CARDBOARD
train,valid,cardboard319_jpg.rf.70a044346b2324c7f1642e18d8f61d64.jpg,CARDBOARD
train,train,cardboard31_jpg.rf.18aed9217e746cd0b939a7bbdea43b74.jpg,CARDBOARD
train,train,cardboard322_jpg.rf.1a6a789bf7543d56e42cd02e387ced5c.jpg,CARDBOARD
train,train,cardboard323_jpg.rf.8c3ab549289f7f59648624323c7ef672.jpg,CARDBOARD
train,valid,cardboard325_jpg.rf.2d115f55f8643a1bef0609fc853d4142.jpg,CARDBOARD
train,train,cardboard328_jpg.rf.65ffff48ecf4d97650af6091409cf658.jpg,CARDBOARD
train,train,cardboard330_jpg.rf.bdf3b83f7b5ba50d6ba4d843f7d7fccf.jpg,CARDBOARD
train,valid,cardboard331_jpg.rf.ac180ffb5f4de5a8324b1f5deed43da7.jpg,CARDBOARD
train,train,cardboard332_jpg.rf.9734f572fca94a4d8bd4881e38bf1eab.jpg,CARDBOARD
train,train,cardboard336_jpg.rf.93e009ea880669c59c1f48fa05da3350.jpg,CARDBOARD
train,train,cardboard339_jpg.rf.e108860b07dc05a178400b53589571a1.jpg,CARDBOARD
train,valid,cardboard33_jpg.rf.48878b8a69f6f1b1ae0ef37c48359627.jpg,CARDBOARD
train,train,cardboard341_jpg.rf.5192eacad41fa06878b6560dc8b471c8.jpg,CARDBOARD
train,train,cardboard342_jpg.rf.bfd83e78b9dd0f849766f741fa0110e3.jpg,CARDBOARD
train,valid,cardboard345_jpg.rf.bc3aff30c41e35571fb45973fb27addb.jpg,CARDBOARD
train,valid,cardboard346_jpg.rf.b623d59b46749687135fd5970e1f495a.jpg,CARDBOARD
train,train,cardboard347_jpg.rf.694a12e324a649d67eea009debe8798f.jpg,CARDBOARD
train,train,cardboard348_jpg.rf.be740a57aa19f2a84c6e6df7f93ea345.jpg,CARDBOARD
train,train,cardboard349_jpg.rf.f7f1d751c0d51f70bb492381fdcd6c39.jpg,CARDBOARD
train,train,cardboard34_jpg.rf.e8b34bfe16a7e5073dc4e7bb7dae58ab.jpg,CARDBOARD
train,valid,cardboard351_jpg.rf.2f01694401c732858d22a151038ac843.jpg,CARDBOARD
train,train,cardboard353_jpg.rf.30195fef450c9a6710b32a273734f095.jpg,CARDBOARD
train,train,cardboard354_jpg.rf.05e2002a2c7d17b6fae0f0c148c94372.jpg,CARDBOARD
train,train,cardboard355_jpg.rf.60c951371400114edcedb52cde11dabb.jpg,CARDBOARD
train,train,cardboard358_jpg.rf.95cdc0e719015f350e9a2a9d05f426f3.jpg,CARDBOARD
train,train,cardboard359_jpg.rf.554d353ede6ad16eae2e7b4924f5c327.jpg,CARDBOARD
train,valid,cardboard360_jpg.rf.e2b08fa2c31267d74662b46755b4ae6e.jpg,CARDBOARD
train,train,cardboard361_jpg.rf.8012cc41f680f173ccdd9c6d0b471341.jpg,CARDBOARD
train,train,cardboard362_jpg.rf.3247610fc9e21f4d2e2fe5b65ed8916b.jpg,CARDBOARD
train,train,cardboard364_jpg.rf.f035d10fe4b1e47906016628a526143d.jpg,CARDBOARD
train,train,cardboard366_jpg.rf.fbbef93d8e155b772c1a2d067bcdaec3.jpg,CARDBOARD
train,train,cardboard368_jpg.rf.d2fb7f10e08051cc69fdcc08e1771119.jpg,CARDBOARD
train,train,cardboard369_jpg.rf.20f09a4faea7d62ccbefff40f2df5956.jpg,CARDBOARD
train,train,cardboard372_jpg.rf.a6145407ea2b52774a4e2e9b8d73341d.jpg,CARDBOARD
train,valid,cardboard373_jpg.rf.f69cdef0cc07a5ceb78212cf7777fc21.jpg,CARDBOARD
train,train,cardboard374_jpg.rf.d2ba3bc75267def721f9eb4f5a53f6f7.jpg,CARDBOARD
train,valid,cardboard375_jpg.rf.49d42530e7a02f69a88bc8cefe86b69c.jpg,CARDBOARD
train,valid,cardboard376_jpg.rf.4c39ebbf768ed5f5a8145df637ee20aa.jpg,CARDBOARD
train,train,cardboard379_jpg.rf.3eedae3d3d2fb274e793b91f018a62df.jpg,CARDBOARD
train,valid,cardboard381_jpg.rf.86ab369435685f77e25a0e3158f24fc7.jpg,CARDBOARD
train,train,cardboard383_jpg.rf.15b9221e9ec631990e84d6aa6ff13a29.jpg,CARDBOARD
train,train,cardboard385_jpg.rf.8a6e0c4252130137809fa73d8bd82695.jpg,CARDBOARD
train,train,cardboard386_jpg.rf.7d0f8cb50d8a298b92d48b39a046349a.jpg,CARDBOARD
train,train,cardboard387_jpg.rf.05a376f53683c5a72f06168da8e7e380.jpg,CARDBOARD
train,valid,cardboard390_jpg.rf.5e03ca2ec9e0f6e832d8ff720bef725f.jpg,CARDBOARD
train,train,cardboard391_jpg.rf.2a2825c842c76a82e98715b07dc355ef.jpg,CARDBOARD
train,valid,cardboard392_jpg.rf.25fbe4b3cc7cb26cacc0f765a98ecbd5.jpg,CARDBOARD
train,train,cardboard394_jpg.rf.cd7d672c93436a19221d61d6fe26a07a.jpg,CARDBOARD
train,train,cardboard395_jpg.rf.ab6e764062467d001a0a3362b75d527d.jpg,CARDBOARD
train,train,cardboard396_jpg.rf.6275248e8d40e781e8ea5e67bc22c9db.jpg,CARDBOARD
train,train,cardboard397_jpg.rf.5216534c83b20c4f18a917fc0ab95533.jpg,CARDBOARD
train,train,cardboard39_jpg.rf.da25a9ec476f0e086813c1799e678de7.jpg,CARDBOARD
train,valid,cardboard400_jpg.rf.8b440db60de564f206a0c0c09da6084c.jpg,CARDBOARD
train,train,cardboard402_jpg.rf.910e3fcdbd0d4402c635cd49d124a56f.jpg,CARDBOARD
train,train,cardboard403_jpg.rf.43ba5e3b283011d11f1b75861fabf753.jpg,CARDBOARD
train,train,cardboard406_jpg.rf.55727d415eebe4df748738fbc86c3629.jpg,CARDBOARD
train,train,cardboard407_jpg.rf.7402df1084009e7b39318e3fef13bef6.jpg,CARDBOARD
train,valid,cardboard408_jpg.rf.c6f6be63bf1bcc8104bad89c4da68721.jpg,CARDBOARD
train,train,cardboard410_jpg.rf.aed1ddd7cdb60cfc3337feec43bd65ec.jpg,CARDBOARD
train,valid,cardboard411_jpg.rf.fdc151650baa6ec3a2045356fff234f8.jpg,CARDBOARD
train,train,cardboard412_jpg.rf.1f97c2b9159c6da725cf8fa4d77ff5ac.jpg,CARDBOARD
train,train,cardboard414_jpg.rf.1d5f88701719c8f29fd6c3b0f5457413.jpg,CARDBOARD
train,valid,cardboard416_jpg.rf.2d99ef974e9727a84343e47761418da0.jpg,CARDBOARD
train,train,cardboard419_jpg.rf.1c771ee80f24c9900fa7c4e9a642cab4.jpg,CARDBOARD
train,valid,cardboard420_jpg.rf.55f0bd0f016c8192be2f5ab73ea7baa3.jpg,CARDBOARD
train,train,cardboard421_jpg.rf.c72c0b97dada8a2d06a1b3ba203b7529.jpg,CARDBOARD
train,valid,cardboard422_jpg.rf.145e61cd901ac9070b4aaee55affbc85.jpg,CARDBOARD
train,train,cardboard426_jpg.rf.00c66532166ffa22b567c894e03469da.jpg,CARDBOARD
train,train,cardboard428_jpg.rf.0084e451cf8c2cbd8bcdf1dfd796b06c.jpg,CARDBOARD
train,train,cardboard430_jpg.rf.5ed90625a335ed8be9ac926aa388a046.jpg,CARDBOARD
train,train,cardboard431_jpg.rf.81fe945604c13bdf1f3d19b1e81b963f.jpg,CARDBOARD
train,valid,cardboard433_jpg.rf.91a1c0a402718772bf2cac991162badd.jpg,CARDBOARD
train,valid,cardboard434_jpg.rf.2d8767b635aa4e92e3ab61b0464e948b.jpg,CARDBOARD
train,train,cardboard436_jpg.rf.c2785ad6c196c199cc0338f26533704f.jpg,CARDBOARD
train,train,cardboard438_jpg.rf.a6475f6c715605897cd7a9cfe944d847.jpg,CARDBOARD
train,train,cardboard439_jpg.rf.fe4df5800051415eab573fb2c9c06da6.jpg,CARDBOARD
train,valid,cardboard440_jpg.rf.ddb2d43005bfb9cbd0f1cb0b2c7bf62b.jpg,CARDBOARD
train,train,cardboard442_jpg.rf.a316f85a031314fcbb04af7d7d4fd8f9.jpg,CARDBOARD
train,train,cardboard445_jpg.rf.c76eceeb02096c0922c2434a3269f11f.jpg,CARDBOARD
train,valid,cardboard448_jpg.rf.3048bb39702601624227cece371470d8.jpg,CARDBOARD
train,train,cardboard449_jpg.rf.1a7ff38d0ac7ff2324a267005061459a.jpg,CARDBOARD
train,train,cardboard451_jpg.rf.5165ac224f4ab4bc442d49eedfc51b06.jpg,CARDBOARD
train,train,cardboard455_jpg.rf.2c6b92fdc165d22880940db25da73df7.jpg,CARDBOARD
train,train,cardboard457_jpg.rf.974e5f15054ba1d7904d0244fb3c4534.jpg,CARDBOARD
train,train,cardboard458_jpg.rf.50860e3ba9dab62f7ef62e6a4081f9d2.jpg,CARDBOARD
train,train,cardboard45_jpg.rf.1304460e50824c544d8cf41fa8dc0468.jpg,CARDBOARD
train,valid,cardboard460_jpg.rf.32b2cf82b0fcd0f338c160ae4f365272.jpg,CARDBOARD
train,train,cardboard461_jpg.rf.dfd5fad202ab6da844aa7c79816e6215.jpg,CARDBOARD
train,train,cardboard462_jpg.rf.6661f607ea2ec7c99fd9756a30565e93.jpg,CARDBOARD
train,train,cardboard463_jpg.rf.b9e8115abaea22888d4884d59f2a6e45.jpg,CARDBOARD
train,valid,cardboard465_jpg.rf.f293e44ebaa12ed296ad5c4d057b7880.jpg,CARDBOARD
train,train,cardboard470_jpg.rf.9943c1852b8568f5daa459999c17ad87.jpg,CARDBOARD
train,train,cardboard472_jpg.rf.ff3365b41ad2ef86a7417d0f89d72c3f.jpg,CARDBOARD
train,train,cardboard474_jpg.rf.318f595a93ffad6f5ad183df4c0488cf.jpg,CARDBOARD
train,train,cardboard477_jpg.rf.85e4d198ad1096b2f068c721405bdcfc.jpg,CARDBOARD
train,valid,cardboard479_jpg.rf.a3013cd135b479d6d7b1f90707c106b6.jpg,CARDBOARD
train,train,cardboard47_jpg.rf.c82c0e1f70fc857b67b31bd9223293a7.jpg,CARDBOARD
train,valid,cardboard480_jpg.rf.180a6f7f757333e4592c39006d5699d5.jpg,CARDBOARD
train,valid,cardboard485_jpg.rf.05c58ad88ed4a92a81557041935fb4c8.jpg,CARDBOARD
train,valid,cardboard486_jpg.rf.208d9a4b743d1bb937a4ffebbd818e79.jpg,CARDBOARD
train,train,cardboard487_jpg.rf.e7956edb95443e1ca1200f2ea934666a.jpg,CARDBOARD
train,train,cardboard488_jpg.rf.20667578cd8b1255b9be360424dc321e.jpg,CARDBOARD
train,train,cardboard490_jpg.rf.91b22b993dab6616038910de32cfd85d.jpg,CARDBOARD
train,valid,cardboard492_jpg.rf.93ed8aec32ed8f297ab7cc17d7713336.jpg,CARDBOARD
train,train,cardboard495_jpg.rf.646e0d49af0a6fba2afd61d84614beaa.jpg,CARDBOARD
train,valid,cardboard499_jpg.rf.98e2884d766432dd61db088ea510416a.jpg,CARDBOARD
train,train,cardboard501_jpg.rf.55df075c5b2fb6b1d6746c614e4d1396.jpg,CARDBOARD
train,train,cardboard502_jpg.rf.b3d1dccc06140aa10fd4bd9fb1c65333.jpg,CARDBOARD
train,train,cardboard506_jpg.rf.4212763f8683c89fe8d4895cc6a634c3.jpg,CARDBOARD
train,train,cardboard507_jpg.rf.6c3297d19eef9a6eb34816dd4b1c9ba3.jpg,CARDBOARD
train,train,cardboard508_jpg.rf.07132930f3d89d4ceebd565e3932dc1a.jpg,CARDBOARD
train,valid,cardboard509_jpg.rf.3effaa30f7731f809b82fdc87d46dc47.jpg,CARDBOARD
train,train,cardboard511_jpg.rf.201ba50ff66e960dab0ad181dbea0f45.jpg,CARDBOARD
train,train,cardboard512_jpg.rf.30ceae9fc8f83e08df1beaf8ce1732a2.jpg,CARDBOARD
train,train,cardboard514_jpg.rf.455028d1341bf6e99e88cdfaf29cac18.jpg,CARDBOARD
train,train,cardboard516_jpg.rf.856834b9d67472a23d65659bdb4672fd.jpg,CARDBOARD
train,valid,cardboard518_jpg.rf.838b4659c5d1efcbc69134d475aa00fa.jpg,CARDBOARD
train,valid,cardboard521_jpg.rf.88e2f91fac2bf31be9f4a4beb73d8754.jpg,CARDBOARD
train,train,cardboard52_jpg.rf.ce92ceb84de0856692e7156c9495e1dc.jpg,CARDBOARD
train,train,cardboard533_jpg.rf.1a088f0f32e51b9eccdebd792c8dbc77.jpg,CARDBOARD
train,train,cardboard536_jpg.rf.03a49178ea79f09f2a517bcf68aac844.jpg,CARDBOARD
train,train,cardboard538_jpg.rf.84884335430abfebdd526bf07e8cdac3.jpg,CARDBOARD
train,train,cardboard539_jpg.rf.ccc31add5d9871db043ba2e5d2c05a56.jpg,CARDBOARD
train,train,cardboard543_jpg.rf.49015b043fbcef24ecb45b575fd8ec55.jpg,CARDBOARD
train,train,cardboard546_jpg.rf.3d8f8193f776821d6d9c3777ee6ba129.jpg,CARDBOARD
train,train,cardboard552_jpg.rf.d9886ab7e68e73f75cc3070c854d97ac.jpg,CARDBOARD
train,train,cardboard553_jpg.rf.217f9a4cd30629cb40f9b2e9ef58e18c.jpg,CARDBOARD
train,train,cardboard555_jpg.rf.7dbac2637b956c5d42916c8a99d36d1f.jpg,CARDBOARD
train,train,cardboard557_jpg.rf.a5729eb2ae96d4aaf8ab85c96be8abdc.jpg,CARDBOARD
train,valid,cardboard559_jpg.rf.a413ffab3a640df1b3ece9d5429b366c.jpg,CARDBOARD
train,valid,cardboard561_jpg.rf.9cecda38899492bb746ab6e9ae17b49e.jpg,CARDBOARD
train,valid,cardboard564_jpg.rf.0625bf7cf4b818535754cd48e0ac1570.jpg,CARDBOARD
train,train,cardboard572_jpg.rf.ad5245c055906995598c96af93cc7bd1.jpg,CARDBOARD
train,train,cardboard573_jpg.rf.fb2656a5684a324899f8993e8437627d.jpg,CARDBOARD
train,valid,cardboard577_jpg.rf.3e75557c156749044953f724422529c9.jpg,CARDBOARD
train,train,cardboard580_jpg.rf.77430ba63bd4e4a20128bdc3112670cd.jpg,CARDBOARD
train,train,cardboard584_jpg.rf.c740b17078c3cb7c41f9db9ccdd0fa86.jpg,CARDBOARD
train,train,cardboard585_jpg.rf.2b52a9c612d2dddbd2ef6e6d4195a951.jpg,CARDBOARD
train,train,cardboard586_jpg.rf.dbf38f0ae870b3d97b17aa3915861af2.jpg,CARDBOARD
train,train,cardboard587_jpg.rf.124877ee8820bc7aadc418f3e59ff456.jpg,CARDBOARD
train,train,cardboard589_jpg.rf.db3925a66438713c15e77df70b07d0d7.jpg,CARDBOARD
train,train,cardboard58_jpg.rf.2b6f48bec3e2dc606b17bb45afa87b17.jpg,CARDBOARD
train,valid,cardboard590_jpg.rf.916abb762b433a3a05d32cbac7438db2.jpg,CARDBOARD
train,valid,cardboard591_jpg.rf.cae56567c44aa0ccb0e06a0311a50402.jpg,CARDBOARD
train,train,cardboard593_jpg.rf.55cc3cbbf9a2bd07f9f3be408c3b50f0.jpg,CARDBOARD
train,train,cardboard594_jpg.rf.bc6fa482cffb592cfc1309a065fc8f7f.jpg,CARDBOARD
train,train,cardboard595_jpg.rf.4308818d0297cd4a8687361d77bc7810.jpg,CARDBOARD
train,train,cardboard596_jpg.rf.2d7bac4bbbc98e02f75fae7e9949c8ac.jpg,CARDBOARD
train,train,cardboard597_jpg.rf.3f79c72623e04952a041442a3479cef6.jpg,CARDBOARD
train,train,cardboard598_jpg.rf.4c0334cd58ac6d7985c6003988fb4083.jpg,CARDBOARD
train,valid,cardboard599_jpg.rf.a7ccc9adc7a3a8287494a0ffbe158d68.jpg,CARDBOARD
train,train,cardboard59_jpg.rf.7004b5014b697dc0ed2d81081863766b.jpg,CARDBOARD
train,train,cardboard5_jpg.rf.2793aea22cdf069f1c36a76995c1a314.jpg,CARDBOARD
train,train,cardboard600_jpg.rf.56defd0952993da0f424953974e2653e.jpg,CARDBOARD
train,train,cardboard601_jpg.rf.d86878b818e05dca62f06342e48252ae.jpg,CARDBOARD
train,train,cardboard603_jpg.rf.842409ce091cd07b13a454e0c92331ce.jpg,CARDBOARD
train,train,cardboard604_jpg.rf.9db83890cfcc82498d891708d805dee3.jpg,CARDBOARD
train,valid,cardboard606_jpg.rf.2ae691c189d936d196b38b8f977bfd94.jpg,CARDBOARD
train,valid,cardboard609_jpg.rf.5c126c0fa857e9bfae1558228f84cc85.jpg,CARDBOARD
train,train,cardboard610_jpg.rf.dba5314a67645ef66796363eb1f5a6b2.jpg,CARDBOARD
train,valid,cardboard611_jpg.rf.c14ae5d4fdf954dfbd14dbc86d260660.jpg,CARDBOARD
train,valid,cardboard614_jpg.rf.80be415940c4fb93ffc67a33c219a00f.jpg,CARDBOARD
train,train,cardboard616_jpg.rf.c48b76ef69accc2e4c4fa18acd2131cd.jpg,CARDBOARD
train,train,cardboard619_jpg.rf.6c9ccd34290bd5f0ef89c68dd625111b.jpg,CARDBOARD
train,valid,cardboard61_jpg.rf.ddd688eb4e6bef49dd115cd050e7ea2c.jpg,CARDBOARD
train,valid,cardboard620_jpg.rf.6f6e8aff549a4eb6027c09e75716b0b6.jpg,CARDBOARD
train,valid,cardboard621_jpg.rf.4aca7cffb91cc6b6dbaf60787a8bc791.jpg,CARDBOARD
train,train,cardboard623_jpg.rf.87dbf650b355fe06adc6b71fa7e4a45f.jpg,CARDBOARD
train,train,cardboard624_jpg.rf.e3b324ee499d5f425f8f8f4f87c64a63.jpg,CARDBOARD
train,train,cardboard625_jpg.rf.f5b692babb110b87e915e09031e2e389.jpg,CARDBOARD
train,train,cardboard626_jpg.rf.48dcacfb6cdb263a9f604fe523459643.jpg,CARDBOARD
train,valid,cardboard627_jpg.rf.2115d3492f95bfbacd245a1b0c93c266.jpg,CARDBOARD
train,valid,cardboard628_jpg.rf.d39038cd2ccff2d21065174efe037df5.jpg,CARDBOARD
train,valid,cardboard629_jpg.rf.7c10d343ed9c8706d85b8ac07d842478.jpg,CARDBOARD
train,train,cardboard632_jpg.rf.57f52afa4c5f2248b98a882f4e313f43.jpg,CARDBOARD
train,train,cardboard636_jpg.rf.018b471dc6d324cf2a9fedc31b15ab10.jpg,CARDBOARD
train,valid,cardboard637_jpg.rf.8140ea948ba4632cd0d51efff3edacf1.jpg,CARDBOARD
train,valid,cardboard639_jpg.rf.5e07aa4dde68a80e19ff794aac6b0645.jpg,CARDBOARD
train,train,cardboard640_jpg.rf.03cdb968e1485c70ae1d920f68a0ca95.jpg,CARDBOARD
train,valid,cardboard641_jpg.rf.bca967875fc59a97e9632ecc2b246845.jpg,CARDBOARD
train,valid,cardboard642_jpg.rf.d7a0a7935fb9ca20d7655c3d3bb9eec0.jpg,CARDBOARD
train,train,cardboard644_jpg.rf.06037753390640fa517e787a516020dd.jpg,CARDBOARD
train,train,cardboard646_jpg.rf.32fb8040e79ae820a3b2a293ea3f36be.jpg,CARDBOARD
train,train,cardboard647_jpg.rf.003379657b9f27b7f33810e40951a40e.jpg,CARDBOARD
train,valid,cardboard648_jpg.rf.f0c091e9220ccb148157d4f9533d5284.jpg,CARDBOARD
train,train,cardboard649_jpg.rf.efcd692965239826e7d524e6f6ba22ee.jpg,CARDBOARD
train,train,cardboard650_jpg.rf.a57f1ba3e820adc53d981f225cf6ec29.jpg,CARDBOARD
train,train,cardboard652_jpg.rf.e02b6388f27ee815acb4a712ed59345b.jpg,CARDBOARD
train,train,cardboard654_jpg.rf.027952e4631db18668a95f36c459d16e.jpg,CARDBOARD
train,train,cardboard655_jpg.rf.0af26cc2105b83d16641ce608a594099.jpg,CARDBOARD
train,valid,cardboard657_jpg.rf.436a0992728a0cda133bacfa3ddd007e.jpg,CARDBOARD
train,train,cardboard660_jpg.rf.9afd09efd810bf3716424a53e42bb344.jpg,CARDBOARD
train,train,cardboard663_jpg.rf.7cf806e21f4c616fc446236fb78df6c1.jpg,CARDBOARD
train,train,cardboard664_jpg.rf.72ff028ddfa099d1c2d6f396d727b7f4.jpg,CARDBOARD
train,valid,cardboard665_jpg.rf.b230234d769b10fe01853e331b3fbfb1.jpg,CARDBOARD
train,train,cardboard667_jpg.rf.99c346885e4fdedb30c53e7fbfa5f904.jpg,CARDBOARD
train,train,cardboard668_jpg.rf.49c68a2487fe1bb4f752bb7b4f96e22f.jpg,CARDBOARD
train,valid,cardboard669_jpg.rf.38b15e4bbeaae1f2b830e1893ea32f1d.jpg,CARDBOARD
train,train,cardboard670_jpg.rf.a1d8dce8a6e2591c28f0a06d7b49d610.jpg,CARDBOARD
train,train,cardboard672_jpg.rf.eb5332df37e02b9c31c4449756ed1a63.jpg,CARDBOARD
train,valid,cardboard674_jpg.rf.04637513be65d3fee79ab5757d3c35f4.jpg,CARDBOARD
train,valid,cardboard675_jpg.rf.a8e6b0676c353cee13fe9ed030b609cc.jpg,CARDBOARD
train,train,cardboard676_jpg.rf.81602b010a8043f1038e546fe16ebe35.jpg,CARDBOARD
train,train,cardboard677_jpg.rf.c8c70e064bb86236f953dd840a54541a.jpg,CARDBOARD
train,train,cardboard678_jpg.rf.f8cc52d0d86aec196f0bb7626bd3adfd.jpg,CARDBOARD
train,train,cardboard679_jpg.rf.69e301f976ab49bb4eb43272d2290e72.jpg,CARDBOARD
train,train,cardboard681_jpg.rf.c4905e34011506f6b4051545b8d5244e.jpg,CARDBOARD
train,train,cardboard682_jpg.rf.329d6bdb58d43f073c466d4030945804.jpg,CARDBOARD
train,train,cardboard685_jpg.rf.c290c8fbd9836eba7240d61565295cde.jpg,CARDBOARD
train,valid,cardboard686_jpg.rf.3f67e0f61a6b5ab4a3dbeb7d7023362b.jpg,CARDBOARD
train,train,cardboard688_jpg.rf.438e91e2ff2e95b2b38fba876760b644.jpg,CARDBOARD
train,train,cardboard691_jpg.rf.254be4f3a89308d6d0e7bb46b19674fd.jpg,CARDBOARD
train,valid,cardboard692_jpg.rf.5d18c13d6ad6caae654ee5222515f1d0.jpg,CARDBOARD
train,train,cardboard693_jpg.rf.77d87deb5ee4e53b4b696db3c7e41556.jpg,CARDBOARD
train,train,cardboard695_jpg.rf.c75eb5db152b46738e0bb317518f9049.jpg,CARDBOARD
train,train,cardboard696_jpg.rf.67fa98468c42efdd1307a541b2947f38.jpg,CARDBOARD
train,train,cardboard699_jpg.rf.d818298c2409bfb5c39f38b6be605fc5.jpg,CARDBOARD
train,train,cardboard700_jpg.rf.2348a957fe04e321e531abee67f77588.jpg,CARDBOARD
train,valid,cardboard701_jpg.rf.28783fbea819df09f7ff6eedc9b5f60a.jpg,CARDBOARD
train,valid,cardboard703_jpg.rf.2e8583dc96d7cea223a3c5c0754791a7.jpg,CARDBOARD
train,train,cardboard704_jpg.rf.34d95c052346cc633da1ce51567cd52f.jpg,CARDBOARD
train,valid,cardboard707_jpg.rf.472492fd281629ac2fb80f9f980a4a21.jpg,CARDBOARD
train,valid,cardboard709_jpg.rf.9c6675d2ba653cadfedd13ea996a367d.jpg,CARDBOARD
train,valid,cardboard710_jpg.rf.c11fea0169ab7697516bcd11db27b625.jpg,CARDBOARD
train,train,cardboard711_jpg.rf.d0a5c858959b13e9467fa2b1a2a9ccc9.jpg,CARDBOARD
train,valid,cardboard712_jpg.rf.6e1412df5d90861f34573ac949fa1acb.jpg,CARDBOARD
train,train,cardboard715_jpg.rf.665b3a2b5ec784c6b30be8d1c0547e1d.jpg,CARDBOARD
train,train,cardboard716_jpg.rf.aab9f9d7be54b54d82eeddee9aeb867f.jpg,CARDBOARD
train,valid,cardboard719_jpg.rf.73171bf354f493a4239cea8875413221.jpg,CARDBOARD
train,valid,cardboard720_jpg.rf.62cc8cd3e2aad77197f23fcedede7648.jpg,CARDBOARD
train,train,cardboard721_jpg.rf.e7199025f90e2a5ba7874089346c2c86.jpg,CARDBOARD
train,valid,cardboard722_jpg.rf.497a0b7546d861012936a3aa25db6982.jpg,CARDBOARD
train,train,cardboard723_jpg.rf.0a0f6922b52ab6440207868d0e211fa8.jpg,CARDBOARD
train,train,cardboard724_jpg.rf.44409bb6d6e1fd9f8fdf78df9df027d7.jpg,CARDBOARD
train,train,cardboard725_jpg.rf.734967c7c76b4899456acd037200b8c1.jpg,CARDBOARD
train,valid,cardboard726_jpg.rf.3fd6ea9e08f8cf63a92de7e519e00fd1.jpg,CARDBOARD
train,valid,cardboard727_jpg.rf.ea09ac2b1509751aca422eaff08e8451.jpg,CARDBOARD
train,valid,cardboard728_jpg.rf.345597436005af12019c78cfd2a09aef.jpg,CARDBOARD
train,valid,cardboard729_jpg.rf.6b4cf3ac0411d05b368c6db450f3f84b.jpg,CARDBOARD
train,valid,cardboard732_jpg.rf.b6897043f6f9c9ecb80809adf41aa6bb.jpg,CARDBOARD
train,train,cardboard733_jpg.rf.2b5b007950da217343aab7e9695261cb.jpg,CARDBOARD
train,train,cardboard734_jpg.rf.dd7773b6c502f48716025ffa08b4b7e3.jpg,CARDBOARD
train,train,cardboard737_jpg.rf.aa1262a12034ea67447b31fb2e145147.jpg,CARDBOARD
train,train,cardboard739_jpg.rf.5e001a695b176efd9bc8bd402a6f037e.jpg,CARDBOARD
train,train,cardboard740_jpg.rf.f50869a681c24d4ddf4f576a28b33e1b.jpg,CARDBOARD
train,train,cardboard741_jpg.rf.503ae45e536f30900ea10507bfbefc87.jpg,CARDBOARD
train,train,cardboard742_jpg.rf.2af9d7a44d2f3d44ade578d55d22160c.jpg,CARDBOARD
train,train,cardboard745_jpg.rf.f0548d16113d6f6a478abf9bcb530cdc.jpg,CARDBOARD
train,train,cardboard748_jpg.rf.6c7ac74c0a0e050393739ba73f7b0472.jpg,CARDBOARD
train,valid,cardboard750_jpg.rf.d9c70cdf864d4cee084e52c5f4d7a683.jpg,CARDBOARD
train,valid,cardboard751_jpg.rf.cba3a062d4e451827fb4e52288252ae6.jpg,CARDBOARD
train,valid,cardboard752_jpg.rf.8f56f7f1634c17fdcd0a633bfeab02bd.jpg,CARDBOARD
train,valid,cardboard753_jpg.rf.7207c13ea13b3d561000e6785f3cb313.jpg,CARDBOARD
train,valid,cardboard758_jpg.rf.9b0ee6be519bce81abee7007be4164ae.jpg,CARDBOARD
train,train,cardboard761_jpg.rf.2d0331441e7d34af94d81ff99b8d9549.jpg,CARDBOARD
train,train,cardboard762_jpg.rf.4147d9033448e225bad19ec6267f3968.jpg,CARDBOARD
train,train,cardboard765_jpg.rf.72585acfb87e24852859115abf3d1def.jpg,CARDBOARD
train,valid,cardboard768_jpg.rf.c75888eea0240d1cad410147856ba31b.jpg,CARDBOARD
train,valid,cardboard769_jpg.rf.d3e6141aabdf0b5fe7984bd7fffadaac.jpg,CARDBOARD
train,train,cardboard770_jpg.rf.55341cbca02fd911e7de2a546b76f5f5.jpg,CARDBOARD
train,train,cardboard772_jpg.rf.7dd46c1f7395e50832c9755a5994a473.jpg,CARDBOARD
train,train,cardboard773_jpg.rf.b6d88259ab4e9a849b5aa6a2c7ab2842.jpg,CARDBOARD
train,train,cardboard774_jpg.rf.05881307e0a06b4d5852f3d1e6351e1e.jpg,CARDBOARD
train,train,cardboard775_jpg.rf.312d183857b3f245bb9c0ec2291a02a8.jpg,CARDBOARD
train,train,cardboard777_jpg.rf.9955b3dfdcb6020bd208826b74f00cd2.jpg,CARDBOARD
train,train,cardboard778_jpg.rf.4402624f9c58114b621a88f7b27128fe.jpg,CARDBOARD
train,train,cardboard779_jpg.rf.7bc41ae91e0e9963c295f49e33fa9adf.jpg,CARDBOARD
train,valid,cardboard77_jpg.rf.6b8f11406a3ba99111a2808f090438a4.jpg,CARDBOARD
train,train,cardboard781_jpg.rf.de3fd7e978a277ae6e12f267bba628ab.jpg,CARDBOARD
train,train,cardboard784_jpg.rf.ba059488742443c91c723dcd649169dd.jpg,CARDBOARD
train,train,cardboard786_jpg.rf.92cab8b6dc31f1ba4175abe32b9aba33.jpg,CARDBOARD
train,valid,cardboard787_jpg.rf.cb39df7674a9f324303fe4f044f4c69a.jpg,CARDBOARD
train,train,cardboard788_jpg.rf.9c6c05d7ba9f2723e7ad53a398eb0790.jpg,CARDBOARD
train,train,cardboard790_jpg.rf.f74b49ad2f3725151a246b540e0bf638.jpg,CARDBOARD
train,train,cardboard792_jpg.rf.59d2a31ba3b08c7e992ab70aacb8aeec.jpg,CARDBOARD
train,train,cardboard797_jpg.rf.5af4f719389079191f590e9bbe5eeb63.jpg,CARDBOARD
train,train,cardboard798_jpg.rf.1c85db41a6df317ebbe55c431e38b190.jpg,CARDBOARD
train,valid,cardboard806_jpg.rf.8194e4ba1aabd394b5268eec9d5f964a.jpg,CARDBOARD
train,train,cardboard808_jpg.rf.8506b70a08471f390253a3f7222caa8d.jpg,CARDBOARD
train,train,cardboard80_jpg.rf.4f874f697bf251a6c3441661a76c1302.jpg,CARDBOARD
train,valid,cardboard810_jpg.rf.521df5d24ae5391cf7d72c6c631e67bf.jpg,CARDBOARD
train,train,cardboard811_jpg.rf.97128e2d8ce676ffa7e6567f62dc0956.jpg,CARDBOARD
train,train,cardboard812_jpg.rf.9ab0ba7ee6b1eb8875ed82dab00e0b60.jpg,CARDBOARD
train,train,cardboard813_jpg.rf.169460a8f1ed6433890d1ea3c6d762b2.jpg,CARDBOARD
train,train,cardboard816_jpg.rf.618346c25273a4c6bd4a780ac1e7bcbe.jpg,CARDBOARD
train,train,cardboard817_jpg.rf.854086889985e0b5f3eae0faaeb72cc1.jpg,CARDBOARD
train,train,cardboard818_jpg.rf.b1d75998bba4de40f4bd2e9a0e113936.jpg,CARDBOARD
train,train,cardboard820_jpg.rf.09b01468932df74ed2acc3958f0e35be.jpg,CARDBOARD
train,train,cardboard821_jpg.rf.df855bad8a640631d0ec969e955e77a6.jpg,CARDBOARD
train,valid,cardboard824_jpg.rf.b97a523af024c6841bfdb8a08b345d59.jpg,CARDBOARD
train,valid,cardboard826_jpg.rf.da987d1db6a66b81377805ba5157101b.jpg,CARDBOARD
train,train,cardboard827_jpg.rf.395059cdcffb8336b098e7fd5f84fd80.jpg,CARDBOARD
train,valid,cardboard829_jpg.rf.405568363d50e4c6ef1ef55ce150b378.jpg,CARDBOARD
train,train,cardboard830_jpg.rf.b441a691c4dd321430a2f2eb7ca1c249.jpg,CARDBOARD
train,valid,cardboard834_jpg.rf.c9e8621796f83c95d592b760d15f909c.jpg,CARDBOARD
train,train,cardboard835_jpg.rf.15847bce48fe67a0d8a84ce60846bed7.jpg,CARDBOARD
train,train,cardboard836_jpg.rf.abd4ea96bdeb57df3421656f35dca4fc.jpg,CARDBOARD
train,train,cardboard837_jpg.rf.569f374ca0e68e5308a2aebf927e3755.jpg,CARDBOARD
train,valid,cardboard840_jpg.rf.cb699ab7195ff3fc85aa942b93279fe5.jpg,CARDBOARD
train,train,cardboard841_jpg.rf.07251b801b1311c7ee21cedc9f94c349.jpg,CARDBOARD
train,train,cardboard842_jpg.rf.ec9de1c67fabc8074d5af15e22aa6b88.jpg,CARDBOARD
train,train,cardboard844_jpg.rf.f37be1252ba9ff370b2f6ba22bf510d6.jpg,CARDBOARD
train,valid,cardboard846_jpg.rf.c0beef48499271f0251958d21c279e89.jpg,CARDBOARD
train,valid,cardboard847_jpg.rf.6dc31dc2203134005538fff0c506b477.jpg,CARDBOARD
train,train,cardboard849_jpg.rf.8156ec4c6e975f4a9d32be364f3471f7.jpg,CARDBOARD
train,train,cardboard84_jpg.rf.7f83ab85a4887bcb5733dfadb578d990.jpg,CARDBOARD
train,train,cardboard850_jpg.rf.7a4041ce686a2e3a237f0ea0cb9876f6.jpg,CARDBOARD
train,train,cardboard851_jpg.rf.6c0dc868eeed6c327500d318e56295fe.jpg,CARDBOARD
train,train,cardboard852_jpg.rf.7dc394376e503b64d60f75392d216a2a.jpg,CARDBOARD
train,valid,cardboard854_jpg.rf.0db7ca4816e8b15e0818ea61f4b2da75.jpg,CARDBOARD
train,valid,cardboard855_jpg.rf.33f07da09a3c50ba6433d32f17b768cf.jpg,CARDBOARD
train,train,cardboard858_jpg.rf.6fddfb486e3a6a7b3652a9c71a8b793c.jpg,CARDBOARD
train,train,cardboard861_jpg.rf.fbe869d3e52aac1f59848b88456a4fba.jpg,CARDBOARD
train,train,cardboard862_jpg.rf.7cf812d221951db1a4104175388d09e9.jpg,CARDBOARD
train,train,cardboard863_jpg.rf.80c6755050cada98ebd07484b4643da8.jpg,CARDBOARD
train,valid,cardboard866_jpg.rf.f86430836cda38977609307470b914f2.jpg,CARDBOARD
train,train,cardboard867_jpg.rf.efff1274b741653ed0afc10e031e7c5c.jpg,CARDBOARD
train,valid,cardboard868_jpg.rf.7b35fbf7fc41a51bd848e6753fa0ef5e.jpg,CARDBOARD
train,train,cardboard869_jpg.rf.c4cda1630d334e3c3f5aaf24d0d279d2.jpg,CARDBOARD
train,train,cardboard870_jpg.rf.90292b8a70d57c16966891415662add3.jpg,CARDBOARD
train,train,cardboard872_jpg.rf.a401a084ddfa8ae05c3568778de8c6eb.jpg,CARDBOARD
train,valid,cardboard873_jpg.rf.f1db54716eb149e12d4eb668c47ebad9.jpg,CARDBOARD
train,train,cardboard874_jpg.rf.b18dbc5bfd6f44aa75d5dd2e46458f83.jpg,CARDBOARD
train,train,cardboard876_jpg.rf.ded31eefcfb91e9c68d35b220150c04b.jpg,CARDBOARD
train,train,cardboard880_jpg.rf.e79b2ea6c43aac7077acc2ccbb1dea7a.jpg,CARDBOARD
train,train,cardboard881_jpg.rf.fadb43c149ae7a4b950853e5dfccf7ca.jpg,CARDBOARD
train,train,cardboard882_jpg.rf.c1456386426f6e1dce199d22051a883d.jpg,CARDBOARD
train,train,cardboard885_jpg.rf.e87700db38aa74eecde7b75a8f94a74d.jpg,CARDBOARD
train,train,cardboard887_jpg.rf.373989765c3a093ede6b486d744ab454.jpg,CARDBOARD
train,valid,cardboard888_jpg.rf.ecafccee15b7fed456b2aa44246d5186.jpg,CARDBOARD
train,train,cardboard889_jpg.rf.91e30cd1cceadebc473a63fffc9b3bb1.jpg,CARDBOARD
train,train,cardboard88_jpg.rf.50cf4e5a3223b083f8d9917169333a8b.jpg,CARDBOARD
train,train,cardboard890_jpg.rf.b249537fba7d7baf62c792aeceb7fcfb.jpg,CARDBOARD
train,train,cardboard891_jpg.rf.e595853431f93ab1a7a39dbea063e4bc.jpg,CARDBOARD
train,train,cardboard894_jpg.rf.a3bea5cce40a8e4f39db905dc1b74b01.jpg,CARDBOARD
train,train,cardboard895_jpg.rf.9fe0d5e9a4d71705fa33323a01dcc534.jpg,CARDBOARD
train,train,cardboard896_jpg.rf.6b06349f0fba4819203b23df9784dd9b.jpg,CARDBOARD
train,train,cardboard898_jpg.rf.2e1c5354386ffdb44e625a92bd0a2627.jpg,CARDBOARD
train,train,cardboard899_jpg.rf.fe2f6891919db58afc427698c0935f9c.jpg,CARDBOARD
train,train,cardboard8_jpg.rf.5b22d094f0113b489084c02e86bbef51.jpg,CARDBOARD
train,train,cardboard900_jpg.rf.7f128eb7791b67d568ecd6bf98e275c7.jpg,CARDBOARD
train,train,cardboard902_jpg.rf.b46c692a524d01ed0a50d5d7d80e2213.jpg,CARDBOARD
train,valid,cardboard903_png.rf.b86bd9cefa115200dff726547e0a7384.jpg,CARDBOARD
train,train,cardboard911_jpg.rf.e001f930ee69bc833ca9c468c548cee7.jpg,CARDBOARD
train,valid,cardboard916_jpg.rf.104a1fbf2288798df01d9f7fca49f8ea.jpg,CARDBOARD
train,train,cardboard923_jpg.rf.16967a8fb8356ebfca1994190969ac87.jpg,CARDBOARD
train,train,cardboard927_jpg.rf.6ac6b32a8e2d8bbf723c2dca12b50bc2.jpg,CARDBOARD
train,valid,cardboard92_jpg.rf.672e9ee07e3a305d57091959db67ea04.jpg,CARDBOARD
train,train,cardboard947_jpg.rf.3c99054974071e97d29d6485ddc1f719.jpg,CARDBOARD
train,train,cardboard959_jpg.rf.e12f0e06e6c93e7f29091ea284c7aa29.jpg,CARDBOARD
train,train,cardboard95_jpg.rf.fd7fcd1b88b9580f11a05eab1b670e05.jpg,CARDBOARD
train,train,cardboard960_jpg.rf.f2f77b1eb1b3fa3ea53731564bb37034.jpg,CARDBOARD
train,train,cardboard971_jpg.rf.1939d93d642cee570566b6be959252a7.jpg,CARDBOARD
train,valid,cardboard972_jpg.rf.8e41b35c421b3e0b5d94d036ab083b63.jpg,CARDBOARD
train,train,cardboard982_jpg.rf.3845d4fbbc2fa16f9d3929f9812f1b7d.jpg,CARDBOARD
train,valid,cardboard983_jpg.rf.5643acb8e67cfefc6c263dc10a511f45.jpg,CARDBOARD
train,train,cardboard986_jpg.rf.847de2b168c3f1e1f230b6073c64aa26.jpg,CARDBOARD
train,train,cardboard998_jpg.rf.ad1e21621de8e511419f2b1c937dd887.jpg,CARDBOARD
train,valid,glass1001_jpg.rf.74047804bb228fbbd26ab84f854c33ec.jpg,GLASS
train,train,glass1002_jpg.rf.a78277a37dc02ab1cec1e75ba846ced5.jpg,GLASS
train,train,glass1003_jpg.rf.5699b9199e1e018fcb2cda166fa438a1.jpg,GLASS
train,train,glass1006_jpg.rf.8ec3a16e3adf9d11c240b20896bfad51.jpg,GLASS
train,valid,glass1007_jpg.rf.bc1394be5effdf937193552ef803c6bb.jpg,GLASS
train,valid,glass100_jpg.rf.27341611855d28b022a3d5d72b47be4f.jpg,GLASS
train,valid,glass1010_jpg.rf.0830c6b8912d864d46339bf0c2961547.jpg,GLASS
train,valid,glass1011_jpg.rf.5d70a85c5eb74e239425672fd44978dc.jpg,GLASS
train,train,glass1012_jpg.rf.f00040b41d49cc9a7eaf4862a5639ebf.jpg,GLASS
train,train,glass1013_jpg.rf.13310080579d695ad3c351618a33fb5b.jpg,GLASS
train,train,glass1015_jpg.rf.959a4e667a5bcae8bb8c274fa0c2ac6b.jpg,GLASS
train,train,glass1016_jpg.rf.37602dc541b29629c9a9e94386c3bc43.jpg,GLASS
train,train,glass1019_jpg.rf.d64cf72b16d9bc6b605010724eeb75e1.jpg,GLASS
train,train,glass101_jpg.rf.b811294116d90c8be4d0177fef175d8e.jpg,GLASS
train,train,glass1020_jpg.rf.e301803b5146f7516b6baf4d12b2b60a.jpg,GLASS
train,train,glass1022_jpg.rf.47f323291334031c128c74369dbe1752.jpg,GLASS
train,train,glass1025_jpg.rf.ea7059c7f7d942bcf6ded27c390bef29.jpg,GLASS
train,valid,glass1026_jpg.rf.6ca3acc258c07cded6fd69b8298f298f.jpg,GLASS
train,train,glass1027_jpg.rf.7758a9a4304396a1d723a98284cdb8ae.jpg,GLASS
train,train,glass1028_jpg.rf.3951e92aaeaef11faa3600bd23734903.jpg,GLASS
train,train,glass1029_jpg.rf.838792ff22fe90495ee067c079363c02.jpg,GLASS
train,train,glass1030_jpg.rf.1d2c4928cdbfd6da8ee85abeaf20b8f0.jpg,GLASS
train,train,glass1031_jpg.rf.f8201dea401dad81edf09a4b49500ff8.jpg,GLASS
train,valid,glass1032_jpg.rf.85b3e0138a113520f5a164ba98592f8d.jpg,GLASS
train,train,glass1034_jpg.rf.6105a542251e68203e3f1e9f5fa34f01.jpg,GLASS
train,valid,glass1035_jpg.rf.fec8196fdf467aba07b3e4956bf45876.jpg,GLASS
train,train,glass1037_jpg.rf.915dbe98a0e2d4b9bcfaf5a973666fad.jpg,GLASS
train,train,glass1039_jpg.rf.e3c961a7c0374906e308f195a01e5c26.jpg,GLASS
train,train,glass103_jpg.rf.2bb5d58bd8332b7338b66077fafe6560.jpg,GLASS
train,valid,glass1040_jpg.rf.ba9d2bf4e0c50b95c3dde374a96ede9e.jpg,GLASS
train,train,glass1041_jpg.rf.f4d567e4921efa47475f8eaee6297e13.jpg,GLASS
train,valid,glass1043_jpg.rf.7c266abab727bfb3bfec47269bd04144.jpg,GLASS
train,train,glass1047_jpg.rf.b756cc8fcb337eadf2f0c76df676d8f6.jpg,GLASS
train,train,glass1049_jpg.rf.9c5133d36b659dcdb7a4103420c0c0da.jpg,GLASS
train,train,glass104_jpg.rf.2a65e07d87f1a3b2c83073f0ef31d344.jpg,GLASS
train,valid,glass1050_jpg.rf.ff5bbdd4ec1a92c1a60424740e6c676d.jpg,GLASS
train,valid,glass1052_jpg.rf.8dc909131a663fca4bdc6c9f73bf435a.jpg,GLASS
train,valid,glass1053_jpg.rf.c8fed7721963a54f92d7cd11bf2aae84.jpg,GLASS
train,train,glass1055_jpg.rf.a667b06cdd1f49c37f606e7822405e01.jpg,GLASS
train,train,glass1056_jpg.rf.c73b9f53594a462a630350fc42e033bb.jpg,GLASS
train,train,glass1058_jpg.rf.509b4a405211711e493d197fb0d86e45.jpg,GLASS
train,valid,glass1059_jpg.rf.88fa4f1d9b87ff8baf4aeb26c38ca49b.jpg,GLASS
train,train,glass105_jpg.rf.e3b2e097331febec143af43556263274.jpg,GLASS
train,train,glass1060_jpg.rf.376e0c90f28fcb6624a7e5405e772734.jpg,GLASS
train,train,glass1063_jpg.rf.12b04d407c0754ba26d56b0eed229243.jpg,GLASS
train,train,glass1064_jpg.rf.b7827f16f58d8d402f6fe030fc8f7c01.jpg,GLASS
train,train,glass1065_jpg.rf.bb3f6db8aff371ae9a0aba7e4e438536.jpg,GLASS
train,train,glass1066_jpg.rf.f8fc1b0541b3ef8a98000ab8220de959.jpg,GLASS
train,train,glass1067_jpg.rf.3a4c90a71e6af5f5218645b4906808fd.jpg,GLASS
train,train,glass1068_jpg.rf.b219e1e8b40ee6988513ec0c2f2586dd.jpg,GLASS
train,train,glass1069_jpg.rf.49884ae3e4c25ff087f97a320143578d.jpg,GLASS
train,train,glass1071_jpg.rf.392fc1582313313e5cd09dd78e2c17f3.jpg,GLASS
train,train,glass1072_jpg.rf.81f85c0210cadcc68ee01e93ecaf7aa0.jpg,GLASS
train,train,glass1073_jpg.rf.92d4421b25ada9f6d23b8bf8ea0a6a7d.jpg,GLASS
train,train,glass1074_jpg.rf.31258a749da20aee4bccc708307171f7.jpg,GLASS
train,train,glass1075_jpg.rf.12580145ac99d72d272f7a7ff28712d5.jpg,GLASS
train,train,glass1076_jpg.rf.8b232f85a4c4cfe8ad84d2ceeeefc33e.jpg,GLASS
train,train,glass1077_jpg.rf.81f0d143dbea9bb7a9fbfa7ed81f1b4e.jpg,GLASS
train,valid,glass1078_jpg.rf.9003be7b6fc468ab7f488be700c894d0.jpg,GLASS
train,valid,glass1079_jpg.rf.482c98c5048c67074dcfbb995f1f37af.jpg,GLASS
train,train,glass107_jpg.rf.ecef82ffe7988a1d1204785c714bfd16.jpg,GLASS
train,train,glass1080_jpg.rf.623de607880059d7aef7359311032932.jpg,GLASS
train,train,glass1082_jpg.rf.8b791abab86932865cad1137bc59a4ce.jpg,GLASS
train,train,glass1083_jpg.rf.a139d1c359a66d0ecc1fe6a0a105f97b.jpg,GLASS
train,valid,glass1084_jpg.rf.aeab472c34d8b8bd008fd041d7c4ec3d.jpg,GLASS
train,train,glass1085_jpg.rf.04d071df9b685040d0dbcec1a13fbf70.jpg,GLASS
train,valid,glass1086_jpg.rf.07f6dd4a6f0fc90ded03b5a00a976291.jpg,GLASS
train,train,glass1087_jpg.rf.fa07cba82d098a89de5e7ac81640de1f.jpg,GLASS
train,train,glass1088_jpg.rf.3a82aee9e3fc78c7848aaca88abe42a7.jpg,GLASS
train,valid,glass108_jpg.rf.93eb50d1499b58aa731300ca9bc67909.jpg,GLASS
train,train,glass1090_jpg.rf.34120d0b05702a944b9e5bc44f767896.jpg,GLASS
train,train,glass1093_jpg.rf.0ed4f459676fac67f266c09cc716d832.jpg,GLASS
train,valid,glass1094_jpg.rf.26b62ac80f5040225abe4db7576675d0.jpg,GLASS
train,train,glass1095_jpg.rf.d5d96f11d8d282c8c10dd182f122ad64.jpg,GLASS
train,train,glass1096_jpg.rf.417de5991e19d887c8c6c0130de46348.jpg,GLASS
train,train,glass1097_jpg.rf.f8011461c10b920ba4c9646da62750bc.jpg,GLASS
train,train,glass1098_jpg.rf.29527f3b682a609f4ab7604492efc6dd.jpg,GLASS
train,train,glass1099_jpg.rf.3d6e05bed0983e57722b75e2b214ab1c.jpg,GLASS
train,train,glass10_jpg.rf.45ccc61999e03bcabd05103905710f39.jpg,GLASS
train,valid,glass1100_jpg.rf.36d73404b7ec30517e74125d8592ae6e.jpg,GLASS
train,valid,glass1101_jpg.rf.23fc25f2dcbe19b801597b25d7e158fa.jpg,GLASS
train,valid,glass1102_jpg.rf.19478e8481af90667245b73cd9bc65b0.jpg,GLASS
train,valid,glass1103_jpg.rf.07dcb10c85e6b9463c93aa5ded1a7f96.jpg,GLASS
train,valid,glass1106_jpg.rf.f5304fbb19fa374723f6a3cffb33cf95.jpg,GLASS
train,train,glass1108_jpg.rf.035450b349c2d7dff2ee6ad36b3352b1.jpg,GLASS
train,train,glass110_jpg.rf.ae29ddb1f19af78d86958ae5dc60d8dc.jpg,GLASS
train,train,glass1110_jpg.rf.4bd39c2440886c1e8b6451fb838028cd.jpg,GLASS
train,train,glass1111_jpg.rf.3b6fe1eba3376f70f2c3109d113cf355.jpg,GLASS
train,train,glass1112_jpg.rf.98ec59c656dedd6f95e755a8c1e846d3.jpg,GLASS
train,train,glass1113_jpg.rf.dae6ead51e87ffc553401a7a648d8973.jpg,GLASS
train,train,glass1115_jpg.rf.11a171120d4a2c0e68fd8e387c3d2022.jpg,GLASS
train,train,glass1117_jpg.rf.17cd6d64ebecb94fd59e26c1ea47e566.jpg,GLASS
train,train,glass1119_jpg.rf.37dd0cb3fdf626e2565225498d2fc01a.jpg,GLASS
train,valid,glass111_jpg.rf.d0ea0e21954f55b672c57459b126cacb.jpg,GLASS
train,train,glass1123_jpg.rf.f21f6ba684776d28a635e0f70205d046.jpg,GLASS
train,train,glass1125_jpg.rf.92fb2d7060dee720e028d4adaa938c99.jpg,GLASS
train,train,glass1126_jpg.rf.3ac38a2c812c7dd2d0f129d66e674922.jpg,GLASS
train,train,glass1127_jpg.rf.fab0dcbde5cd9dfae27d94c53974503f.jpg,GLASS
train,train,glass1128_jpg.rf.7837865a7cc1a350242f36bb1433299f.jpg,GLASS
train,train,glass1130_jpg.rf.55df77743e574f163fb821cb794773db.jpg,GLASS
train,train,glass1132_jpg.rf.e5e9298917494a8116bf2009a8443f7a.jpg,GLASS
train,valid,glass1133_jpg.rf.0c7f3abbd2d681bc06c2751b72554795.jpg,GLASS
train,train,glass1134_jpg.rf.4de3aacdde7fbad7daf3a7cbab293c66.jpg,GLASS
train,train,glass1135_jpg.rf.4e2e96c50d474a24b0aa924cb92fa136.jpg,GLASS
train,train,glass1136_jpg.rf.27f3b0f33ffd82eeacd6b04693b299c7.jpg,GLASS
train,train,glass1137_jpg.rf.068ce3c945c949019c4f350046063486.jpg,GLASS
train,train,glass1138_jpg.rf.b3e1d44fc42d8d2b5b0794eaa64dba4e.jpg,GLASS
train,valid,glass1139_jpg.rf.cdbf4ac2aa49be0543a3195f7dc5d2cb.jpg,GLASS
train,train,glass1140_jpg.rf.cf8a9299f2249f9f7693cf0bfe697da5.jpg,GLASS
train,train,glass1142_jpg.rf.0afaed1e0bb1cc40c13ba3d33b48b792.jpg,GLASS
train,valid,glass1143_jpg.rf.42d6504e1bdf91f06e626a342baceac7.jpg,GLASS
train,valid,glass1144_jpg.rf.51c58994388f6a8fa257163135813adb.jpg,GLASS
train,train,glass1145_jpg.rf.1d484e1038b25dbf800678283a9cf209.jpg,GLASS
train,train,glass1146_jpg.rf.bb467ecc3e029807ea09e768e988e2b2.jpg,GLASS
train,train,glass1147_jpg.rf.732148c88cca88565e6253c7434f826c.jpg,GLASS
train,valid,glass1148_jpg.rf.f910796a2ed346fafb40e518342eb3e9.jpg,GLASS
train,train,glass114_jpg.rf.163a42589c9db913ba4d9bdc1d6433bb.jpg,GLASS
train,valid,glass1151_jpg.rf.7fd8d6567a57ccdaa020a1ac30219c39.jpg,GLASS
train,valid,glass1152_jpg.rf.26fbbb2c234239c968658e61545f8edd.jpg,GLASS
train,valid,glass1153_jpg.rf.f60d0f5864d4dbf827327ff992b04cb4.jpg,GLASS
train,train,glass1154_jpg.rf.617ba5ffe895a679ba73cc9d387e78ca.jpg,GLASS
train,train,glass1155_jpg.rf.9ef266f922a48d052971b16d7f9def7a.jpg,GLASS
train,valid,glass1156_jpg.rf.9e9c29e493c6fc589dda0029568e2eb7.jpg,GLASS
train,train,glass1157_jpg.rf.677309eaa42b042c9c481d0aa27cbf33.jpg,GLASS
train,train,glass1158_jpg.rf.f860ac3696f0235ae770213feb9f055e.jpg,GLASS
train,train,glass115_jpg.rf.e3236c1c8015d1798b9559e04ec1349d.jpg,GLASS
train,train,glass1160_jpg.rf.66fc6a56b8c9cea75d5b66c755a3696c.jpg,GLASS
train,train,glass1161_jpg.rf.0e6e96ab9ed5e35472a95045603ce44c.jpg,GLASS
train,train,glass1162_jpg.rf.63cc94e9eac7f3d69092d76c8b893647.jpg,GLASS
train,train,glass1165_jpg.rf.665eb540bb79f077dbfe6b1652a69974.jpg,GLASS
train,train,glass1167_jpg.rf.5307e9cadb8d93b3c66c0664a1213292.jpg,GLASS
train,valid,glass1169_jpg.rf.625ee2bceaa7b710c5a227dd1c5a1b44.jpg,GLASS
train,train,glass116_jpg.rf.8dbbf4817fb8b38e40c699d57d4ad1ed.jpg,GLASS
train,train,glass1170_jpg.rf.bfd320cf5e0378d3b93646a905070e0f.jpg,GLASS
train,valid,glass1172_jpg.rf.973b99794e5f9f3609c42b26bd9172e7.jpg,GLASS
train,train,glass1173_jpg.rf.11177a94ce6039ff1004e61ed2ca23af.jpg,GLASS
train,train,glass1174_jpg.rf.f03c59cec1ff152f08eac36f6156d36b.jpg,GLASS
train,train,glass1175_jpg.rf.9145f19389ec99851a0807b7d6f2913a.jpg,GLASS
train,valid,glass1176_jpg.rf.a5f1b0257079ef1de5c2f439de8d5797.jpg,GLASS
train,train,glass1177_jpg.rf.40702d59effb4e91cead9a0f0fe1675a.jpg,GLASS
train,train,glass1179_jpg.rf.9810f0dc75de16a72cc76d81974e6c2e.jpg,GLASS
train,train,glass117_jpg.rf.b0f8dad8106bdea76dc28548680f352b.jpg,GLASS
train,valid,glass1180_jpg.rf.9af61d29cbca15160d4c457f192f888f.jpg,GLASS
train,train,glass1181_jpg.rf.f85d703402c820405bfa1f825317dc03.jpg,GLASS
train,valid,glass1184_jpg.rf.1371e55cce9da659b0efbae23cf53b7a.jpg,GLASS
train,valid,glass1189_jpg.rf.d1ad4194606f322b747ac1839e61357b.jpg,GLASS
train,train,glass118_jpg.rf.803dec77cfa55591897681dab21fed28.jpg,GLASS
train,valid,glass1192_jpg.rf.e4a155be814695439b25e99eeab2ac62.jpg,GLASS
train,train,glass1193_jpg.rf.e7e6b05fd1470344c45fbdc42ad0df25.jpg,GLASS
train,valid,glass1194_jpg.rf.c437bf89aab50def2034f517adcee2ae.jpg,GLASS
train,valid,glass1195_jpg.rf.58f7bb645bca7de6ca8fd79e6eb99cfd.jpg,GLASS
train,valid,glass1196_jpg.rf.ece127a50bbb7939fe2c8a93799d452c.jpg,GLASS
train,train,glass1199_jpg.rf.147f8209531f9a28f637c1364280c062.jpg,GLASS
train,valid,glass119_jpg.rf.4fb664a6b6ba0329c06d20538a7c7bb1.jpg,GLASS
train,train,glass11_jpg.rf.26900a3ccb008f827b15845fbc8c4c4d.jpg,GLASS
train,train,glass1201_jpg.rf.a9f65a82a23a5a1e675ac4f710374d35.jpg,GLASS
train,train,glass1202_jpg.rf.36ae291b6f8e54f9b0b0624125d474b4.jpg,GLASS
train,valid,glass1203_jpg.rf.6231796657027ecb91c76494dd3474ad.jpg,GLASS
train,valid,glass1205_jpg.rf.2f590315e1f05c387e047534ac14ca96.jpg,GLASS
train,train,glass1206_jpg.rf.7c7e85a5b9a063bbd6049f5ed1b863ad.jpg,GLASS
train,valid,glass1207_jpg.rf.99f61277fb962c5194d7177997fd893d.jpg,GLASS
train,train,glass1209_jpg.rf.2275b5174538ab1887386b6c14f7b497.jpg,GLASS
train,train,glass1210_jpg.rf.3df18180e9d9b2c4028e305fe2c2ab24.jpg,GLASS
train,train,glass1211_jpg.rf.ac47a963c7bf746411e8e173ee2d385a.jpg,GLASS
train,train,glass1212_jpg.rf.3642f0c4af46f5c0d9b33ea85e08e682.jpg,GLASS
train,train,glass1213_jpg.rf.50c36901fe83fd4239620861576a3873.jpg,GLASS
train,train,glass1214_jpg.rf.c547aade6725a481a014a46dc65a7889.jpg,GLASS
train,train,glass1215_jpg.rf.4cfbfe985a5900db6453edc8562beee7.jpg,GLASS
train,train,glass1216_jpg.rf.093b4b84875753a99bdf8702a10c054b.jpg,GLASS
train,train,glass1218_jpg.rf.653dedfddaaf530a97c3891054091c66.jpg,GLASS
train,train,glass121_jpg.rf.3836d00c2e1c793c76a07bdda33a6b0e.jpg,GLASS
train,valid,glass1221_jpg.rf.1ac99f15758eb6a162a2a3b8d9d45008.jpg,GLASS
train,train,glass1223_jpg.rf.bead27ce1251a8a70fc906368db1a720.jpg,GLASS
train,valid,glass1224_jpg.rf.d4445fc975181df0f2af880ef3947b4d.jpg,GLASS
train,valid,glass1225_jpg.rf.5923277e032351819c00354690604cae.jpg,GLASS
train,valid,glass1227_jpg.rf.bc958c34082ae8731bd4b4b76c877d65.jpg,GLASS
train,train,glass1228_jpg.rf.b1c66293bb2531c4970d5c9baed0ab0f.jpg,GLASS
train,train,glass1230_jpg.rf.426ba4f2ba31cbb945261b4a8e37e3f4.jpg,GLASS
train,train,glass1232_jpg.rf.607ce516e69c0aa8086bfd2347467713.jpg,GLASS
train,valid,glass1233_jpg.rf.a094afa866b23bb1a814e5f62440631b.jpg,GLASS
train,train,glass1234_jpg.rf.eefc9936447eec15d194665b3adcdd7c.jpg,GLASS
train,train,glass1235_jpg.rf.f0136009669ca504af2f694980f3eb1f.jpg,GLASS
train,train,glass1236_jpg.rf.92dde4054acc306c3d1f05c6d38367cc.jpg,GLASS
train,train,glass1238_jpg.rf.5e131d32b37792868da093381e226eca.jpg,GLASS
train,train,glass1239_jpg.rf.bba0575204abf83ebc54dcb11a11c3a4.jpg,GLASS
train,train,glass123_jpg.rf.06bd2d389f429cd65fafd0606ca87425.jpg,GLASS
train,train,glass1241_jpg.rf.a40cdac3c20da45736acaeae6190293c.jpg,GLASS
train,train,glass1242_jpg.rf.5776df062c756a2ebdea19f288fc3d3f.jpg,GLASS
train,valid,glass1244_jpg.rf.4c131ea86a20a86cfb48b447bd280064.jpg,GLASS
train,valid,glass1246_jpg.rf.63a5069553ba69bc6bf70d16397e5fc5.jpg,GLASS
train,train,glass1247_jpg.rf.a399b08715f3531a47b122e78d611a66.jpg,GLASS
train,train,glass1252_jpg.rf.6dee46645b39e5c3e639a1dde4ae03b8.jpg,GLASS
train,train,glass1253_jpg.rf.1ce006225017a5e6ab7625a278639d5a.jpg,GLASS
train,train,glass1254_jpg.rf.3d8e3dacd31e8edc4ce54b1af8dd6def.jpg,GLASS
train,train,glass1255_jpg.rf.46d77877a9f4a1e35af5fa9a58939d2e.jpg,GLASS
train,train,glass1256_jpg.rf.907939464f229c7f02f35fccaf659774.jpg,GLASS
train,train,glass1258_jpg.rf.7d6a46a82e341439526e7418e1a5b70c.jpg,GLASS
train,valid,glass1259_jpg.rf.1201a28a73aae5bb55e36ed695f530bd.jpg,GLASS
train,train,glass1261_jpg.rf.00e8e571cfaddc8e466fcff4f4577571.jpg,GLASS
train,valid,glass1262_jpg.rf.c1e90d863f16169443c29bdadc10615c.jpg,GLASS
train,train,glass1263_jpg.rf.75bfc121995d62f1cb591fa0d363d90c.jpg,GLASS
train,valid,glass1264_jpg.rf.1f5d01763ee216e690ae63acf145e931.jpg,GLASS
train,train,glass1265_jpg.rf.66a9b3f332a8699726d5f1106160ca98.jpg,GLASS
train,train,glass1266_jpg.rf.e793775a03cf82bca88bbbd9b4500de1.jpg,GLASS
train,valid,glass1267_jpg.rf.46157ebf69e0763b91c74c801cb1c5a5.jpg,GLASS
train,train,glass1268_jpg.rf.246e34e59d55cfb25f27df71d556c73a.jpg,GLASS
train,train,glass1269_jpg.rf.2be6d698cfb3fbc04b1a5296ecd69b85.jpg,GLASS
train,train,glass126_jpg.rf.3c79df0044aab1337213414239b3a452.jpg,GLASS
train,train,glass1271_jpg.rf.a0e73be6b2e8e27bbd275c55a4ef4a94.jpg,GLASS
train,train,glass1272_jpg.rf.c0f691b23de34ee395a7fa5e2d31b7cf.jpg,GLASS
train,train,glass1273_jpg.rf.d1306e2c3697182b9b7187bd6eea1365.jpg,GLASS
train,valid,glass1274_jpg.rf.ccd5c8e6af86bfd9ceaf415d3cf7b4e4.jpg,GLASS
train,train,glass1280_jpg.rf.992147028c498471c9bf3f397df48e9f.jpg,GLASS
train,train,glass1281_jpg.rf.5351f2c81e5a1b31c603a9f9f5913417.jpg,GLASS
train,train,glass1282_jpg.rf.5442ff3bca19072d1fc05edd9908c31a.jpg,GLASS
train,valid,glass1283_jpg.rf.868fd69c063d93cd6f647158b8f99ff0.jpg,GLASS
train,train,glass1284_jpg.rf.7a1fbc5ea9e6b1636c40a2bbd44f9105.jpg,GLASS
train,train,glass1285_jpg.rf.577d4dd58b64b6e85481840476ed6218.jpg,GLASS
train,valid,glass1287_jpg.rf.37912a5a8a4f5d179614022dec62ba1d.jpg,GLASS
train,train,glass1288_jpg.rf.a24163d9bd3b45e22b6c7a29c200ef34.jpg,GLASS
train,train,glass1292_jpg.rf.0f7ed29de3360869e40a4e1adbe1844f.jpg,GLASS
train,valid,glass1297_jpg.rf.4dfaa22f59f0040a2eedd4b2a6e811c4.jpg,GLASS
train,valid,glass1299_jpg.rf.670c934dd20a8d8111e923aa5a16035c.jpg,GLASS
train,train,glass129_jpg.rf.78d20f46df4bdc05b033301154d6ff0c.jpg,GLASS
train,valid,glass12_jpg.rf.e82d23aa9d9a08de006a052c1aacfcaf.jpg,GLASS
train,train,glass1300_jpg.rf.7443b552887a368e417dfa505d181eb5.jpg,GLASS
train,train,glass1307_jpg.rf.04f1d1ae755566eb8245b4aee0cb34b3.jpg,GLASS
train,train,glass1308_jpg.rf.a6d7583020b9d616e0a440784eaf2395.jpg,GLASS
train,train,glass1309_jpg.rf.c86ccd8bad8884756ce226083582d06e.jpg,GLASS
train,valid,glass130_jpg.rf.e7099dceb247ae57f9673bd9cf7048a4.jpg,GLASS
train,valid,glass1310_jpg.rf.fd7768b8ceb38f7b8ff0afa407f67cc9.jpg,GLASS
train,train,glass1313_jpg.rf.b28ced7731935995146e00df90ad25ce.jpg,GLASS
train,train,glass1315_jpg.rf.b401454de248562b51b64c14e5d060af.jpg,GLASS
train,train,glass1316_jpg.rf.c945b454e183059ca22e1a64c3a5cae9.jpg,GLASS
train,train,glass1317_jpg.rf.5d565ed0fca4839aea87b268f8adc358.jpg,GLASS
train,train,glass1318_jpg.rf.9f8efb52b1448eb1d2fe5d7cf415fbd0.jpg,GLASS
train,valid,glass1319_jpg.rf.03f8aab69b5e287c1e7844dc45c9e6e9.jpg,GLASS
train,valid,glass131_jpg.rf.e160fe0e9ddb98f734a7af0959bd3eec.jpg,GLASS
train,train,glass1321_jpg.rf.58f7ed9ee847be436633e2dd4eae05d9.jpg,GLASS
train,valid,glass1324_jpg.rf.f5f92c1dfb199648c960bf06a54f51c5.jpg,GLASS
train,valid,glass1326_jpg.rf.ca17253c8efc57a4a1caa2148955c1d9.jpg,GLASS
train,train,glass1327_jpg.rf.9c2b51672f986f947a68d920d3542459.jpg,GLASS
train,train,glass1328_jpg.rf.b02ee8f7c92822c0cfb6f0bc6368cd04.jpg,GLASS
train,train,glass132_jpg.rf.080e2b43adec81a4e58c4e92de750579.jpg,GLASS
train,train,glass1330_jpg.rf.2cbbcf2bab0f40ebd8a8e5a0fbff6262.jpg,GLASS
train,train,glass1331_jpg.rf.a668e1882ed312ab5be9f14d686e7add.jpg,GLASS
train,valid,glass1332_jpg.rf.1c2e975266f55c9cd4d9e270e627e80a.jpg,GLASS
train,valid,glass1333_jpg.rf.827167e0c5551bd45d67561993ca3921.jpg,GLASS
train,valid,glass1334_jpg.rf.948238b4cd6db6679905bee78b732e44.jpg,GLASS
train,valid,glass1338_jpg.rf.94633a631e1bff715f5919db5b3ea59e.jpg,GLASS
train,train,glass1340_jpg.rf.5a540a1c1ff3d84c8d858f9c13001f2e.jpg,GLASS
train,train,glass1342_jpg.rf.cd087a565fb81ed3fdd9a6187b6b071a.jpg,GLASS
train,train,glass1343_jpg.rf.329a706d751903d7e14ffc6f4c0dadaf.jpg,GLASS
train,train,glass1344_jpg.rf.f41c31e1a31f8793443f0e1c02e5df7b.jpg,GLASS
train,train,glass1345_jpg.rf.c0242cabcf11c2ee6e9aea5ace9729a0.jpg,GLASS
train,train,glass1347_jpg.rf.e06050354947e45ea57566bb19bf14d8.jpg,GLASS
train,train,glass1348_jpg.rf.4285c476b28d1f518564702d6c6976a2.jpg,GLASS
train,valid,glass1349_jpg.rf.f10413810ec3ed616e3c5aca9f1f6424.jpg,GLASS
train,train,glass134_jpg.rf.9672f450d52114c501cc253d86429c21.jpg,GLASS
train,valid,glass1350_jpg.rf.2bd9c8760c016094de9e950c212398fe.jpg,GLASS
train,valid,glass1353_jpg.rf.8d483c778f7ff5233fef2613d26969fd.jpg,GLASS
train,valid,glass1354_jpg.rf.6d4630794fbb7ed7a6f772f1c6758b93.jpg,GLASS
train,valid,glass1358_jpg.rf.973f0542d259cb9aa9a9bda5bbd62d4e.jpg,GLASS
train,train,glass1359_jpg.rf.eae363baaf9849a3e490b648ac1f1b0e.jpg,GLASS
train,valid,glass135_jpg.rf.78f062b185fe54821fe2058beef579a0.jpg,GLASS
train,valid,glass1362_jpg.rf.8e95ef6e6490a65d37aedc98825f34a4.jpg,GLASS
train,train,glass1363_jpg.rf.dd8e7d63d1183ba6646e7b4a89382441.jpg,GLASS
train,train,glass1364_jpg.rf.6a14408bc401b0b0814d6d1ba87128cc.jpg,GLASS
train,valid,glass1365_jpg.rf.78299eb49e67fdd773ad82e2681bdcc4.jpg,GLASS
train,train,glass1366_jpg.rf.085773899ea00b73afd132081638c0a9.jpg,GLASS
train,valid,glass1367_jpg.rf.b23d0d5351ab44b0afbffb5ca8147920.jpg,GLASS
train,train,glass1368_jpg.rf.4cbb357b8081d9d8bdf19ee71458ae02.jpg,GLASS
train,train,glass1369_jpg.rf.0d8cb06d8694cc927f6c53fc47080e34.jpg,GLASS
train,train,glass1374_jpg.rf.d23e9e1d1a852883c969dff519bc2650.jpg,GLASS
train,train,glass1375_jpg.rf.71f1ff7ca9e5a56784aa1baa63c725aa.jpg,GLASS
train,train,glass1376_jpg.rf.1ad3db96cf0939a71ec1965b799e2c9d.jpg,GLASS
train,valid,glass1379_jpg.rf.8d357bd9f821f02278114ec8a217e282.jpg,GLASS
train,train,glass1380_jpg.rf.ef9154bdeb72df6f6c23a1c9ba177b83.jpg,GLASS
train,valid,glass1381_jpg.rf.903de28503b56a62b9b43cb653aa7983.jpg,GLASS
train,train,glass1384_jpg.rf.ec7e1a12245c2af30ef5b77c8f4e0a96.jpg,GLASS
train,train,glass1385_jpg.rf.3ec23ba6eca3a35b28b6367c2847649c.jpg,GLASS
train,train,glass1386_jpg.rf.8bacbcac1d84337b0f42e102752d510e.jpg,GLASS
train,valid,glass1388_jpg.rf.6e1ce39e6e8e733488ea28d56167c181.jpg,GLASS
train,train,glass1389_jpg.rf.9849e219ea916283a30c13d16d816f71.jpg,GLASS
train,train,glass138_jpg.rf.497db7986df9734463bf174b087fbb65.jpg,GLASS
train,train,glass1390_jpg.rf.2058c40b1c46ab24a720171d30635bd4.jpg,GLASS
train,train,glass1391_jpg.rf.35b11b41349e522ef94c4390c83fbdd0.jpg,GLASS
train,train,glass1392_jpg.rf.2c908267571e316cb33b15300bcb245a.jpg,GLASS
train,train,glass1394_jpg.rf.456b9c0cac18b25e955b9d29b6378e09.jpg,GLASS
train,valid,glass1395_jpg.rf.e77ab30a3641960128004de8b0d5d360.jpg,GLASS
train,train,glass1396_jpg.rf.761e5c73a33f1e6da98af2d3879fa56e.jpg,GLASS
train,valid,glass1397_jpg.rf.a6fb3c410d6a43049350720501903f71.jpg,GLASS
train,train,glass1398_jpg.rf.961cf9f8064b2f97762cea922e501995.jpg,GLASS
train,train,glass1399_jpg.rf.337b811ed3abfcd03585a61099c55789.jpg,GLASS
train,valid,glass139_jpg.rf.5ee99ab12e2237d8635b43479c1c6d3a.jpg,GLASS
train,valid,glass13_jpg.rf.42ac56f6fb3f89e977a1abde367e20a3.jpg,GLASS
train,train,glass1400_jpg.rf.78af28ed4d3e4630e1d0fb75ed378461.jpg,GLASS
train,train,glass1402_jpg.rf.65f7abdcc55de6b0fcfa111e54bf60c5.jpg,GLASS
train,train,glass1403_jpg.rf.fdd5d31ab271c976352aad412e9c29bd.jpg,GLASS
train,train,glass1404_jpg.rf.c6421639baebdf76a2f9bd29c720aaf1.jpg,GLASS
train,valid,glass1406_jpg.rf.c2c3baebb61a40d5c6f959dd5772a4c4.jpg,GLASS
train,train,glass1407_jpg.rf.82083d40e8d32b075124f1e39b1458ad.jpg,GLASS
train,train,glass1408_jpg.rf.4502583d993afb654cbe42d3f93a3e15.jpg,GLASS
train,valid,glass1409_jpg.rf.efd0764115c2e7aa6005691daae92c13.jpg,GLASS
train,train,glass140_jpg.rf.28a5ac6392726d9851980ef5f7995f86.jpg,GLASS
train,train,glass1410_jpg.rf.bd4556f8eb3fd9e576e99d3b3ae5270b.jpg,GLASS
train,valid,glass1414_jpg.rf.9314c9e06453e87bb0a3d4ea215a6c2f.jpg,GLASS
train,train,glass1415_jpg.rf.81284ea1f410f49eef14338f57dac966.jpg,GLASS
train,train,glass141_jpg.rf.1298df195bcc1ba43b26930e41245051.jpg,GLASS
train,train,glass1421_jpg.rf.c5890923dc8e931b34f6cf4cf360d2f9.jpg,GLASS
train,train,glass1422_jpg.rf.684e2acbe4c64275f9f80f7b853bb9d0.jpg,GLASS
train,valid,glass1424_jpg.rf.33c87e183216af7ec715a341d864fb79.jpg,GLASS
train,train,glass1425_jpg.rf.61cb9c8aae655cd08a90605224e76a7f.jpg,GLASS
train,train,glass1426_jpg.rf.b0337e1a3ad23b9f8117b2c3a928ff23.jpg,GLASS
train,train,glass1427_jpg.rf.3b3ef25b73ee87d806c6b4be8764d6d9.jpg,GLASS
train,train,glass1428_jpg.rf.d66f6301a22a8cf7f60c3fa5c17750ea.jpg,GLASS
train,train,glass1429_jpg.rf.733a1abad7d772631a43b487831be0c5.jpg,GLASS
train,train,glass142_jpg.rf.dc3f62bf1a853161680a3172f5d753ab.jpg,GLASS
train,valid,glass1430_jpg.rf.8d381eeb2cec0ac5c80174e5c4d0ae35.jpg,GLASS
train,train,glass1432_jpg.rf.ecc39a82e814647b52d27ebc147fccea.jpg,GLASS
train,train,glass1433_jpg.rf.397267e5c56bafebf86118d86621120c.jpg,GLASS
train,valid,glass1434_jpg.rf.7d2940fd3e9995c1df6f20ac4fa1a821.jpg,GLASS
train,train,glass1435_jpg.rf.d541383815cb7565b4300322d1a61579.jpg,GLASS
train,train,glass1438_jpg.rf.a15ad28b092212cc1cb0b1d6e662314c.jpg,GLASS
train,train,glass143_jpg.rf.eab0ecfe0dc440b248856f77c0119ef6.jpg,GLASS
train,train,glass1440_jpg.rf.2c7809181137da3e59190ad7782a7cef.jpg,GLASS
train,train,glass1441_jpg.rf.4a1696fb4444a43f82443f397a6b559e.jpg,GLASS
train,train,glass1442_jpg.rf.3d21c655dcc670c83f26e3d517592bc3.jpg,GLASS
train,train,glass1443_jpg.rf.5586ecc00fa11db7a12e9d2cde79120c.jpg,GLASS
train,valid,glass1445_jpg.rf.12df9a4971829d11fd7194b8f156ddfa.jpg,GLASS
train,train,glass1446_jpg.rf.a25ab7c81b95d39ed412d2440ca1f4de.jpg,GLASS
train,train,glass1450_jpg.rf.110194c4ecde3ca1df908dfcdad67a6e.jpg,GLASS
train,valid,glass1451_jpg.rf.2559ac8deff99e80c89c3cc868cc734a.jpg,GLASS
train,train,glass1452_jpg.rf.1693b9cb26e513afcf29c260b49a1a76.jpg,GLASS
train,train,glass1453_jpg.rf.bbd88523855251618f18006c8ba44c3b.jpg,GLASS
train,train,glass1454_jpg.rf.2406efaa7204fc9815aeac0617eab97f.jpg,GLASS
train,train,glass1455_jpg.rf.81c9f74a7b87e0c2ad01800bf6d39b86.jpg,GLASS
train,valid,glass1456_jpg.rf.82993a0e81228639f4f46ae4a5bc0808.jpg,GLASS
train,train,glass1457_jpg.rf.d13bc638c659229f1c27bcd0b84326d4.jpg,GLASS
train,valid,glass1458_jpg.rf.7a36d68b2101e10e1e8761d492d2705b.jpg,GLASS
train,train,glass1459_jpg.rf.8436e898659d55b89cab0a3002e8984c.jpg,GLASS
train,train,glass145_jpg.rf.8fdc6d2603e974a3a6c5f56092e545c6.jpg,GLASS
train,train,glass1460_jpg.rf.7858fe904737d20ab5f68cac522a549c.jpg,GLASS
train,valid,glass1462_jpg.rf.5ecaf97c6ac3845b9e84a8d5777f7c5b.jpg,GLASS
train,train,glass1463_jpg.rf.3fe03e2f9f1140fe5c735f74b4082b0e.jpg,GLASS
train,train,glass1464_jpg.rf.ccf1cefa4a968ef224a9dba56496a377.jpg,GLASS
train,valid,glass1465_jpg.rf.630ad1979cd428cf8bd0b40ef500e375.jpg,GLASS
train,train,glass1466_jpg.rf.2f5e6d544820b147b635aa4b3ba0eb5e.jpg,GLASS
train,valid,glass1467_jpg.rf.d2f0a3ed76205c01fc26c555680ddc81.jpg,GLASS
train,train,glass1468_jpg.rf.2e1dba84f6a6c5f36094597c1ea3fb19.jpg,GLASS
train,train,glass1470_jpg.rf.545b17b9b7e664d9be1f7738df2f716e.jpg,GLASS
train,train,glass1472_jpg.rf.e603363558c3320e5f54cd993618e20e.jpg,GLASS
train,valid,glass1474_jpg.rf.321d6a18fee2bda5c1bb83871e59ba4d.jpg,GLASS
train,train,glass1475_jpg.rf.834ef9f3b65bfee80e22ee5648499e05.jpg,GLASS
train,valid,glass1477_jpg.rf.e642cb2d02f6f6420299737ecd816e44.jpg,GLASS
train,valid,glass1478_jpg.rf.a67b37f2ed2923a5b9ea5879ca6e6aba.jpg,GLASS
train,train,glass1479_jpg.rf.910cbf07dc8cb050659adfcf87e0eb34.jpg,GLASS
train,valid,glass147_jpg.rf.c561ab0d04b92113b544fc251db83c81.jpg,GLASS
train,train,glass1481_jpg.rf.e651973a394543dbc23152745ec7e7d1.jpg,GLASS
train,train,glass1483_jpg.rf.6e25971516e66168db34d7ed796a0544.jpg,GLASS
train,train,glass1485_jpg.rf.2e814f3e89141f5a4a8faa6a1dde2ad7.jpg,GLASS
train,train,glass1486_jpg.rf.73b37fb9223e617f14b86ceda50d49d2.jpg,GLASS
train,train,glass1487_jpg.rf.7341b4b2c288b6c67269196e8c9eabe0.jpg,GLASS
train,valid,glass1488_jpg.rf.0ee653f966759da8809ada7d3d1c9b62.jpg,GLASS
train,valid,glass1489_jpg.rf.9a7a484a02046dd310cf72fb82d11a19.jpg,GLASS
train,train,glass148_jpg.rf.c4be7a20378c9e5f5ff35068dcb103c0.jpg,GLASS
train,train,glass1491_jpg.rf.c1967a91be6823d48d8af20ee594471d.jpg,GLASS
train,train,glass1492_jpg.rf.1f90011aba644c37e5c0071cd9763deb.jpg,GLASS
train,train,glass1493_jpg.rf.b1989162e3d022dee0d2de3e526d0621.jpg,GLASS
train,valid,glass1494_jpg.rf.c9d0f431ad44100572d055ab08312a24.jpg,GLASS
train,train,glass1495_jpg.rf.f74d125bc4a1fb89963cf623ffda6fa0.jpg,GLASS
train,train,glass1496_jpg.rf.3f1aaadc8168d32fb037618971219585.jpg,GLASS
train,valid,glass1497_jpg.rf.1070d71beced9b2b6933dfc7bb301aab.jpg,GLASS
train,train,glass1498_jpg.rf.14f486d0d24be929601bf2b31402e65b.jpg,GLASS
train,train,glass14_jpg.rf.b584aca144a9d3697d8943d1ac0dcd0e.jpg,GLASS
train,train,glass1500_jpg.rf.fb9d9986bf8f01e4f275c9c19fc00c3c.jpg,GLASS
train,train,glass1501_jpg.rf.d5fcd410c8f770083cbec0c68f7060a5.jpg,GLASS
train,train,glass1502_jpg.rf.62862aab11b86af75c65dd8552ff4818.jpg,GLASS
train,train,glass1503_jpg.rf.ca2e848ae8bba9f845e5b999b0bf3f4a.jpg,GLASS
train,train,glass1504_jpg.rf.1150f441b97fa61d3db55475cb5ced7a.jpg,GLASS
train,train,glass1507_jpg.rf.4754273d9ffdfbec6fa3470cdc7c537e.jpg,GLASS
train,train,glass1510_jpg.rf.5ae616c3f1af3e3c355e15d9e39715a8.jpg,GLASS
train,valid,glass1512_jpg.rf.b8e5acbd7cf9b466163188478b12a5f2.jpg,GLASS
train,valid,glass1514_jpg.rf.f0136a266953c32594ae69384e7c95a0.jpg,GLASS
train,train,glass1515_jpg.rf.eb9ab479d2ff63d8767690a98796520e.jpg,GLASS
train,valid,glass1517_jpg.rf.6582d97a830335a8b3fcdce64de03f18.jpg,GLASS
train,valid,glass1518_jpg.rf.43ba4cf40bbe6dcfc93f284a432f508f.jpg,GLASS
train,train,glass151_jpg.rf.c48a6e4751d756c30ff124607cf18bd6.jpg,GLASS
train,train,glass1521_jpg.rf.d4d63b34e9d9c4874b002b1ffd1984ef.jpg,GLASS
train,train,glass1523_jpg.rf.4bd215e603e9237b01ac80a94f938248.jpg,GLASS
train,train,glass1525_jpg.rf.b015eadab1614ab626acbe7042fda225.jpg,GLASS
train,train,glass1527_jpg.rf.7a40a09a6b7d065c51b24068982e27c9.jpg,GLASS
train,train,glass1528_jpg.rf.fdcabaed1a0f90c43d1ac6cc5c5a9f47.jpg,GLASS
train,train,glass152_jpg.rf.0e0ac58352db87f96620fac1971589de.jpg,GLASS
train,train,glass1530_jpg.rf.d1e4833044c4755706a88ef99b2aa009.jpg,GLASS
train,valid,glass1531_jpg.rf.39e8f46247ea973424a503c4e37251d8.jpg,GLASS
train,train,glass1532_jpg.rf.bbaeab886d54f14c4cda6387efb19a40.jpg,GLASS
train,train,glass1533_jpg.rf.cdf0fda1f3b3db17aa9da4fbb73c15fb.jpg,GLASS
train,valid,glass1534_jpg.rf.6677f552526dec0baf6fb8e88d85f529.jpg,GLASS
train,valid,glass1535_jpg.rf.c748cb2a1c47d6a3f27671c84de51d1e.jpg,GLASS
train,train,glass1536_jpg.rf.74430823d0c28863f60a64f016cf846c.jpg,GLASS
train,train,glass1537_jpg.rf.5e96942caefc5e0eeb142c265712543b.jpg,GLASS
train,train,glass1538_jpg.rf.22596e0f2ff7c3be8205d3486374db81.jpg,GLASS
train,train,glass1539_jpg.rf.a255336053fc1f5e7d5f83f9e2ef1bcc.jpg,GLASS
train,train,glass153_jpg.rf.1e26782f7f0c6ab018c1bb388b4ae0ab.jpg,GLASS
train,train,glass1540_jpg.rf.043d922c8d8dc63c9a22a74b3f8d239f.jpg,GLASS
train,train,glass1542_jpg.rf.d3090a8f29cb132473b70913f7f9ed0e.jpg,GLASS
train,train,glass1543_jpg.rf.27eed28b68f26f997f5805b386b4b3c9.jpg,GLASS
train,train,glass1544_jpg.rf.246a16f57571ff3e90d29e129c049f20.jpg,GLASS
train,train,glass1547_jpg.rf.064e2a928ffeb106feea1873f847a3df.jpg,GLASS
train,valid,glass1548_jpg.rf.247f8cbc27945894f54bcda11cdd31bd.jpg,GLASS
train,train,glass1549_jpg.rf.15c61f08ac7b7a634937bccc26cc898f.jpg,GLASS
train,valid,glass154_jpg.rf.928abc503875994d85f0da147ac53d54.jpg,GLASS
train,train,glass1552_jpg.rf.bc354122e56709e5d8dd8eb61ca30d25.jpg,GLASS
train,valid,glass1553_jpg.rf.8caddd015c97e9464b550aac54d413d4.jpg,GLASS
train,valid,glass1556_jpg.rf.c890341347123ef5c7917c2cd239746c.jpg,GLASS
train,valid,glass1557_jpg.rf.f5cc0e494f55a2e28320da9dcf1dc33b.jpg,GLASS
train,train,glass1559_jpg.rf.4dcd74629f84237f5f645159ba9904be.jpg,GLASS
train,valid,glass1560_jpg.rf.3b6a1484b02a0efbdb02d743989e3506.jpg,GLASS
train,valid,glass1563_jpg.rf.435cef9cfca2ece44db8bfabcdf4f0b9.jpg,GLASS
train,train,glass1564_jpg.rf.a3fc61ddce3941f5e7610311e71e645c.jpg,GLASS
train,valid,glass1565_jpg.rf.79c94c9f8fcfb37a69a00a973c71bd63.jpg,GLASS
train,train,glass1566_jpg.rf.86cb283c80548c666691217dc2c9d328.jpg,GLASS
train,valid,glass1567_jpg.rf.14efe3ce1b2d31883babda71f2c0282c.jpg,GLASS
train,valid,glass156_jpg.rf.1fd8c71b30bac1e45d3b4c8b11a7e9bb.jpg,GLASS
train,train,glass1570_jpg.rf.af15be1c378a9a4ad4fe66c8bccfe370.jpg,GLASS
train,train,glass1572_jpg.rf.fef6b34d70df2964851a3f4a2e1fc2ba.jpg,GLASS
train,train,glass1573_jpg.rf.f5bd589d45d3cb004c673a463a79b691.jpg,GLASS
train,train,glass1574_jpg.rf.6a958da7fd8f6eb7d11b13c5c8e6ecbf.jpg,GLASS
train,valid,glass1575_jpg.rf.d0ba53cd1ea21458328d02438a61f3eb.jpg,GLASS
train,train,glass1576_jpg.rf.29c01bdfff8bf10d7a0ce74419fa074a.jpg,GLASS
train,train,glass1577_jpg.rf.f7e5676a9712dcff28e13552e4c69155.jpg,GLASS
train,train,glass1579_jpg.rf.3914e8eb28204387bb1bbfb36c6c78eb.jpg,GLASS
train,valid,glass157_jpg.rf.92ab81058df7b8f79407823e3b490eb9.jpg,GLASS
train,valid,glass1580_jpg.rf.713bf8d207248a2b477354b257af87d6.jpg,GLASS
train,train,glass1582_jpg.rf.28c3992d1a4c0746fd6cad4e304495a4.jpg,GLASS
train,train,glass1583_jpg.rf.29fe35b688d87890cbdc565ace8f16d2.jpg,GLASS
train,valid,glass1587_jpg.rf.d4690712be0ff08d145be9cc5f7ba9c8.jpg,GLASS
train,train,glass1589_jpg.rf.b6f00082ba8dcc8218ebd1bab05484ad.jpg,GLASS
train,train,glass158_jpg.rf.ed9f28e187d3e7600c4e4b360de63b54.jpg,GLASS
train,valid,glass1590_jpg.rf.0c239dfd1835e4d2ab3506fe1a9abbd1.jpg,GLASS
train,valid,glass1591_jpg.rf.d7bddac405b5b6499c167e2109c976e6.jpg,GLASS
train,train,glass1592_jpg.rf.5973720827f33e0ec20e1c8fa9b993c3.jpg,GLASS
train,train,glass1595_jpg.rf.7fdf7201d5a95d2ef17296298109deb3.jpg,GLASS
train,train,glass1596_jpg.rf.340f3706aa18a1e0528f831ae8704b29.jpg,GLASS
train,valid,glass1598_jpg.rf.c64d9b02d6833adde6c9fe19faeb4ef6.jpg,GLASS
train,train,glass159_jpg.rf.8c3838a91860d073e7d717f791bac403.jpg,GLASS
train,train,glass15_jpg.rf.015f142ac483f8db59ae3e449d4be845.jpg,GLASS
train,train,glass1600_jpg.rf.b26826f30f3eded2996f2ebea6a7e040.jpg,GLASS
train,train,glass1601_jpg.rf.9c76faa470d3e60a6c86132b68f80b11.jpg,GLASS
train,valid,glass1602_jpg.rf.a81877584c576b6225228dbf91e3faef.jpg,GLASS
train,valid,glass1605_jpg.rf.a1f550dea0b293bb73af6f4a9fc81ff6.jpg,GLASS
train,valid,glass1606_jpg.rf.40dd57c77779d335496ffbb3b3b80038.jpg,GLASS
train,valid,glass1607_jpg.rf.85152d8e17a8dee036b1420d893c6d57.jpg,GLASS
train,train,glass1608_jpg.rf.b5e7796875023e43e05e9151cae7d176.jpg,GLASS
train,train,glass1609_jpg.rf.f7e96c24222a1074489c0504bf16189b.jpg,GLASS
train,train,glass160_jpg.rf.0953b23bc0daf5d69149493fd55e9004.jpg,GLASS
train,valid,glass1611_jpg.rf.164fcdd4682c6d9573ad5bd4c77b69d3.jpg,GLASS
train,valid,glass1612_jpg.rf.b648a22f317e6267f864eeb33b1e2777.jpg,GLASS
train,valid,glass1613_jpg.rf.6ff8d89df30ee1005f15dbe13a617e50.jpg,GLASS
train,valid,glass1614_jpg.rf.c87ba5e4073d7469d40d7c263ba74423.jpg,GLASS
train,valid,glass1616_jpg.rf.d2a8b2859b84d67f7eca1a77335a721a.jpg,GLASS
train,train,glass1617_jpg.rf.3e6abe635a5684e17b65fd61029f1e84.jpg,GLASS
train,valid,glass1619_jpg.rf.53657c0e6e3ddd1aabb52ec7cfdf2313.jpg,GLASS
train,train,glass161_jpg.rf.d1b837f2ff1b81b442ad3b6329a22360.jpg,GLASS
train,valid,glass1621_jpg.rf.9709fdf11825a59700a48954f13c5d8b.jpg,GLASS
train,train,glass1622_jpg.rf.cc77195badf42ae1ff0270f14307e5fd.jpg,GLASS
train,train,glass1625_jpg.rf.fdeaca9074324de16f7cf86dcb6fb032.jpg,GLASS
train,train,glass1626_jpg.rf.9a2d088f18930b4e449648d2b0c08088.jpg,GLASS
train,train,glass1627_jpg.rf.10944fc58b3acb53fd329466d2f63473.jpg,GLASS
train,train,glass1628_jpg.rf.7e76d999506a3e230d170063494c2945.jpg,GLASS
train,train,glass1629_jpg.rf.ee50c799d2e26d4430940ac69d48fd8f.jpg,GLASS
train,train,glass162_jpg.rf.fc00fa09ab10ff10d65bc0c47a01d8a0.jpg,GLASS
train,train,glass1630_jpg.rf.dcccbc63de2de2ff9af11ef773b15e4b.jpg,GLASS
train,train,glass1631_jpg.rf.b58e78b3ceefa15c81cb1100a7c6aa2e.jpg,GLASS
train,train,glass1632_jpg.rf.4be3f5e745d8de2b8f8e60cd7bff6478.jpg,GLASS
train,train,glass1633_jpg.rf.be31ca8251904e829430660f6d75e907.jpg,GLASS
train,train,glass1636_jpg.rf.392cbfa98138b140e287ee1a79d573cf.jpg,GLASS
train,train,glass1637_jpg.rf.524f80c22b3b80bce9c93404eb6455df.jpg,GLASS
train,train,glass1638_jpg.rf.1655852e835177bf4234f167e27207da.jpg,GLASS
train,train,glass1639_jpg.rf.3c4e034a0c69bf0573bf330370cc62e7.jpg,GLASS
train,valid,glass1641_jpg.rf.31581093c5abaf13e48e659e5f2a3139.jpg,GLASS
train,train,glass1643_jpg.rf.f33496dd788dec328813a4c24d018720.jpg,GLASS
train,valid,glass1644_jpg.rf.5853fe6c71eebc517c6724cbaa922d5d.jpg,GLASS
train,valid,glass1645_jpg.rf.1265cadddb902131b51a30705a4a74d7.jpg,GLASS
train,train,glass1648_jpg.rf.93d2c555e0341c3e84d5f7c78fa8d1e6.jpg,GLASS
train,train,glass164_jpg.rf.5664f271c8dc2e0aba7e879582b9e35d.jpg,GLASS
train,valid,glass1650_jpg.rf.dbed2233b146c47368261b0ee5f4de4a.jpg,GLASS
train,train,glass1651_jpg.rf.998cb30b67d8cd1018688f215a0e65ee.jpg,GLASS
train,train,glass1652_jpg.rf.65cf218816d1c475b175fdb2a299aabc.jpg,GLASS
train,train,glass1654_jpg.rf.3c450610b8abde0964dc3cfac354fe30.jpg,GLASS
train,train,glass1655_jpg.rf.2a460c9a70120d6ee2cd5f5fde3f8353.jpg,GLASS
train,train,glass1656_jpg.rf.ae8087bbc5555321d08a8aac986d7967.jpg,GLASS
train,train,glass1657_jpg.rf.e792f286bc622b1a83e1d981517af5d8.jpg,GLASS
train,train,glass1658_jpg.rf.086cae6872fcefd0bfa5b6530f4d30dd.jpg,GLASS
train,train,glass1659_jpg.rf.f17b13d37161968db6d0c3911efa862c.jpg,GLASS
train,train,glass1661_jpg.rf.14300ca48f199def444dae0fff0fd851.jpg,GLASS
train,train,glass1662_jpg.rf.8181c502c9b26c1f31522f3ef66dc60c.jpg,GLASS
train,train,glass1663_jpg.rf.a9f3d2cc4a33da908debd9dd7dba2e14.jpg,GLASS
train,train,glass1664_jpg.rf.3ae267ed1ceaa955708bef143e25e265.jpg,GLASS
train,train,glass1665_jpg.rf.5242a14d2aabb0241f79b9fa91f6bfd2.jpg,GLASS
train,train,glass1666_jpg.rf.3d9409b03ba0f0f6e65e877e0265568c.jpg,GLASS
train,valid,glass1668_jpg.rf.a424782b0af7c7a6950bccb7467612ee.jpg,GLASS
train,train,glass1671_jpg.rf.39382ffff2d291ab12172b1bbef59677.jpg,GLASS
train,train,glass1672_jpg.rf.b9c2c6e99710110e5abb5393957dabc2.jpg,GLASS
train,valid,glass1673_jpg.rf.04b592d8fa282615d748835322567054.jpg,GLASS
train,train,glass1674_jpg.rf.3a3a84873eb85370fa2a5ad27df6d9e1.jpg,GLASS
train,train,glass1675_jpg.rf.f5b618a585353e2358ee856088240e68.jpg,GLASS
train,valid,glass1676_jpg.rf.465be6be7ff04d76e8d311aadc62e7da.jpg,GLASS
train,valid,glass1677_jpg.rf.e2d1d77cb467af04d938c62967d51e7c.jpg,GLASS
train,train,glass1678_jpg.rf.8e9137f15acb3d1a335af4b7646b0df1.jpg,GLASS
train,valid,glass1679_jpg.rf.33dc144ef1034e42c3a6171e37a4d565.jpg,GLASS
train,valid,glass167_jpg.rf.6719d38fa13a91e58a43ac43bba3f9a8.jpg,GLASS
train,train,glass1680_jpg.rf.1e1f0f7e1e83465135cde718ae912879.jpg,GLASS
train,valid,glass1681_jpg.rf.09f487065404204fbd57b4be5d87321b.jpg,GLASS
train,train,glass1682_jpg.rf.8adcf3b04a0d1f7ffb22589da1a36df2.jpg,GLASS
train,train,glass1683_jpg.rf.580f530d8d9c99e79e5f3e3c8a26a2fa.jpg,GLASS
train,valid,glass1684_jpg.rf.d38611593809ef96d3b5b3f35005013c.jpg,GLASS
train,train,glass1685_jpg.rf.8cb4de3a896900a9f1cbf13b4ffe15d6.jpg,GLASS
train,valid,glass1687_jpg.rf.41a5db3877a4beb1d8066889e8360269.jpg,GLASS
train,train,glass1688_jpg.rf.628adfedaa9a2982a8596e0e8be2ddae.jpg,GLASS
train,train,glass168_jpg.rf.bfc15a4795083047efd852a82516cffe.jpg,GLASS
train,train,glass1690_jpg.rf.4bc79045c069ece71c94ce89255d4c62.jpg,GLASS
train,valid,glass1691_jpg.rf.b3be2a6ee50a8fd38fdf60e676421bf9.jpg,GLASS
train,valid,glass1692_jpg.rf.f42da6e2af93d2e95aa39cc3b03be4e7.jpg,GLASS
train,train,glass1695_jpg.rf.0867ddefe141c36d867efa60e3606cd7.jpg,GLASS
train,valid,glass1698_jpg.rf.2bf0422ff85c0d474aad19cca0d78eee.jpg,GLASS
train,train,glass1699_jpg.rf.7a851f90893c9b4be0ddda83fc18dcac.jpg,GLASS
train,valid,glass169_jpg.rf.1044bfc8152fdc177722fd6b982dcd24.jpg,GLASS
train,valid,glass16_jpg.rf.38609cea1ccb4b5dce6bfd0fab7eabed.jpg,GLASS
train,valid,glass1701_jpg.rf.06b8474bb97d0634b396634f747fd367.jpg,GLASS
train,valid,glass1702_jpg.rf.b7b25cf642fe9fd100137a379352e994.jpg,GLASS
train,valid,glass1703_jpg.rf.9a4bd03f3b8acf2acab7aa2a900c2a95.jpg,GLASS
train,train,glass1705_jpg.rf.9becccbc4684f7252e558108d5f8f85f.jpg,GLASS
train,valid,glass1708_jpg.rf.b7b473c231cd144bc1dbfb6d3746315f.jpg,GLASS
train,train,glass1709_jpg.rf.b38d60f8c2a66a982e11e75056b17fad.jpg,GLASS
train,valid,glass170_jpg.rf.5a56ab1284b1c280c9877eeef6e46af3.jpg,GLASS
train,train,glass1710_jpg.rf.8dcc8d3dc8ccdfa07816974253fe3441.jpg,GLASS
train,train,glass1711_jpg.rf.340147b45900e7b3c02d0de76d2dcee9.jpg,GLASS
train,valid,glass1714_jpg.rf.dca3539b9a13665e82f5f39bd7e92041.jpg,GLASS
train,train,glass1715_jpg.rf.1ae77c240e8600a80d02251de77283e1.jpg,GLASS
train,valid,glass1716_jpg.rf.a10ee52a73ce9e44f87ed52e02615c58.jpg,GLASS
train,train,glass1717_jpg.rf.1f8aa235f9529ce85b0db508ccf7eaf7.jpg,GLASS
train,valid,glass1718_jpg.rf.9385aaabc3cc7cd07dd2caabf7642c9b.jpg,GLASS
train,train,glass1719_jpg.rf.666558bbfa389b1035eba8581379a8c9.jpg,GLASS
train,valid,glass171_jpg.rf.5b3d72b29e7b1bc6e601bb04a5bae0f5.jpg,GLASS
train,train,glass1721_jpg.rf.2f082b5747efbf227ea433c69739efa3.jpg,GLASS
train,valid,glass1722_jpg.rf.bf9d9446cf91db3ef1a7d2d2c5549555.jpg,GLASS
train,train,glass1723_jpg.rf.8178a895d81876d5edfcd6284356b022.jpg,GLASS
train,valid,glass1724_jpg.rf.6f45e4722d35e83d2a08a1d583ab1d6d.jpg,GLASS
train,train,glass1725_jpg.rf.2b2631ee46ea779f4fc4d7a189a7d214.jpg,GLASS
train,train,glass1726_jpg.rf.1406e463681b61661e185d9f0aa43e89.jpg,GLASS
train,train,glass1728_jpg.rf.52fd08e1f715427aec1eaa1c37147f94.jpg,GLASS
train,train,glass1729_jpg.rf.ba8ef52c51ff44211651d4d4a900865a.jpg,GLASS
train,valid,glass172_jpg.rf.1a666acac393af6c6e646085734056b5.jpg,GLASS
train,train,glass1731_jpg.rf.5b4247cfd5ce57fefed440bd3581b1b0.jpg,GLASS
train,valid,glass1732_jpg.rf.a732e3b36e7411c68d935f6ecfad1e7b.jpg,GLASS
train,train,glass1733_jpg.rf.a8304f0e0a08c8c777fb719c55a708c5.jpg,GLASS
train,train,glass1734_jpg.rf.4bd7200103a200353c32a6a2af2715f2.jpg,GLASS
train,valid,glass1739_jpg.rf.3b4a301df38bd929fc376150b30c7b8c.jpg,GLASS
train,train,glass1740_jpg.rf.37c13ff1a595712abae3a6297bac6197.jpg,GLASS
train,train,glass1743_jpg.rf.386f202fe224a7bb2f2223cdb504d540.jpg,GLASS
train,train,glass1744_jpg.rf.068efccb50acf7c6ee07c9acde5e160a.jpg,GLASS
train,valid,glass1748_jpg.rf.358c1d471f86504aef10c5affc78afbe.jpg,GLASS
train,train,glass1749_jpg.rf.62c86023b7a9da4a469213d6f7867ed8.jpg,GLASS
train,train,glass1750_jpg.rf.16d0a36c3fd167efaca04a349acfd393.jpg,GLASS
train,train,glass1751_jpg.rf.f38e7d3f8bc558426e320f99ed196c6e.jpg,GLASS
train,train,glass1753_jpg.rf.821f65890cb3b30dd9d10631eb06f353.jpg,GLASS
train,train,glass1754_jpg.rf.cdca5998cfa7f8cf87991607741acbbd.jpg,GLASS
train,train,glass1755_jpg.rf.1e6f5fecef59d27d517957599e96b7ef.jpg,GLASS
train,train,glass1758_jpg.rf.92a0dbe79e5b27640334b4c40fddebbb.jpg,GLASS
train,valid,glass1759_jpg.rf.114a9ce16094c558954de8e9efb5bff3.jpg,GLASS
train,valid,glass175_jpg.rf.77261c1599541c70f428214896f22b3a.jpg,GLASS
train,valid,glass1760_jpg.rf.4391759a50ca696ce20157fab9d65d7e.jpg,GLASS
train,train,glass1761_jpg.rf.925f5053215ef5ad8463f81491476ab2.jpg,GLASS
train,train,glass1764_jpg.rf.18e6dfdf11d36bf25872f594811caca5.jpg,GLASS
train,valid,glass1765_jpg.rf.51ead3ece65bbdba1fd3f7654011f5a8.jpg,GLASS
train,train,glass1766_jpg.rf.e35c2d0195007a5cc45b66923e13631b.jpg,GLASS
train,valid,glass1773_jpg.rf.dc54666527f3d74c58362802619fcfd4.jpg,GLASS
train,train,glass1775_jpg.rf.c371ab5e52945c7e3e215c99a1673b02.jpg,GLASS
train,valid,glass1778_jpg.rf.daba8cb27d7ebd25d66f1882e3601d0e.jpg,GLASS
train,valid,glass1779_jpg.rf.032df63a2a3721030ec69dbee35d524e.jpg,GLASS
train,valid,glass177_jpg.rf.6132dfc4f441cda01ed5470cc64fc2db.jpg,GLASS
train,valid,glass1780_jpg.rf.5527f55392c5f2bae5728487a77a58f9.jpg,GLASS
train,train,glass1782_jpg.rf.faa06318d62bf1ee5bdca5fb7d499ddf.jpg,GLASS
train,train,glass1783_jpg.rf.8fd2af3f7f0a4e166d0a3e887f1ab42f.jpg,GLASS
train,valid,glass1785_jpg.rf.2fec37ef0cf89ea27b841adb00200f7e.jpg,GLASS
train,train,glass1787_jpg.rf.8c5107b6e3f1ca4e768191edc506a25b.jpg,GLASS
train,valid,glass1788_jpg.rf.1b1917828cd5936180b4b13276ed1324.jpg,GLASS
train,valid,glass1789_jpg.rf.a44ea9b149007f203629cd125cd0fde5.jpg,GLASS
train,train,glass178_jpg.rf.2485a1744ee30440e031753c2d049320.jpg,GLASS
train,valid,glass1791_jpg.rf.1b6885310f9cc71bce9e3f206ab04677.jpg,GLASS
train,train,glass1792_jpg.rf.0eb85e65921037c868bf2b72b0f7616a.jpg,GLASS
train,train,glass1793_jpg.rf.3cb9f6a57e73c5583d902aa905220806.jpg,GLASS
train,valid,glass1794_jpg.rf.29fd357aabcd661a5e1fd1d806602613.jpg,GLASS
train,train,glass1795_jpg.rf.30fd620baad51d257e6a69493c7b58a5.jpg,GLASS
train,valid,glass1796_jpg.rf.54ac11fe0b2b0eef7a5006834a1fbed2.jpg,GLASS
train,train,glass1797_jpg.rf.b8745eb15feb8870e77ce4cc63a15035.jpg,GLASS
train,valid,glass1798_jpg.rf.2eb1d476b235f41d9243baf9022ce73a.jpg,GLASS
train,train,glass179_jpg.rf.d58cf41490cc8e76862bb28ea58cfaff.jpg,GLASS
train,train,glass17_jpg.rf.f7e338f83a084c14e9224dd39dea0f67.jpg,GLASS
train,train,glass1803_jpg.rf.c90c86cfdf74165d991e9b48addafe33.jpg,GLASS
train,train,glass1804_jpg.rf.ad5e9c2754381cf2cee8c528bacf89f6.jpg,GLASS
train,train,glass1806_jpg.rf.ff56713b670808ff2ac83468495bdbd2.jpg,GLASS
train,valid,glass1807_jpg.rf.755f1991e03abf5f2dc65d8b3b361169.jpg,GLASS
train,train,glass1808_jpg.rf.e06ce4e75885b8992654c29752f0c463.jpg,GLASS
train,train,glass1809_jpg.rf.2e2bef8bc93bbb4552cfb83dbefdcee8.jpg,GLASS
train,train,glass1810_jpg.rf.9516c396b8a6a5262d1d3089d178bc0d.jpg,GLASS
train,valid,glass1811_jpg.rf.0a1c95fe7319e86544dc24e0bc0fcf05.jpg,GLASS
train,train,glass1812_jpg.rf.232a5bdde391770a521e52f313977d83.jpg,GLASS
train,train,glass1813_jpg.rf.aff1eedf5d1de6631a72f0656c0609f7.jpg,GLASS
train,valid,glass1814_jpg.rf.9ca6c62587fad465545ab2548985b74f.jpg,GLASS
train,train,glass1815_jpg.rf.3618182bc854431858de57c8c50d086e.jpg,GLASS
train,train,glass1816_jpg.rf.8ecba7e77107ccc928a1e37c02287a3f.jpg,GLASS
train,train,glass181_jpg.rf.3a83aea6ca7f59d0eb466d85ddda4fdb.jpg,GLASS
train,valid,glass1820_jpg.rf.dea2de7afbf49bbe412c93d9562c3fb4.jpg,GLASS
train,train,glass1821_jpg.rf.b255a9374a55808fcaca1c01c567a83e.jpg,GLASS
train,train,glass1823_jpg.rf.fb9d7786d1a758cee06b9853ce4f30e2.jpg,GLASS
train,train,glass1825_jpg.rf.20670082684ded251a4cf56359880d81.jpg,GLASS
train,train,glass1826_jpg.rf.3212319bdc957dfa14ea098d2f3e63dc.jpg,GLASS
train,train,glass1828_jpg.rf.56c5cce4e93aff4919b36611e414425c.jpg,GLASS
train,train,glass182_jpg.rf.3ffa7633e37cfe5b5e5fc5130e45e575.jpg,GLASS
train,train,glass1830_jpg.rf.57ee038730bc33f60af8b7385e27c8b0.jpg,GLASS
train,valid,glass1831_jpg.rf.afdafbaa7e0cc39e606bf19c34d122cb.jpg,GLASS
train,train,glass1832_jpg.rf.e3a14ce89e4fbb05faa12dff2f858284.jpg,GLASS
train,valid,glass1835_jpg.rf.2dc2b1dbf150abfa35b4066a5166b5d3.jpg,GLASS
train,train,glass1836_jpg.rf.91cfef94a9262eee1d30405a89e4c0d2.jpg,GLASS
train,train,glass1837_jpg.rf.af72e098dd011ea80cc28239e7697ce3.jpg,GLASS
train,train,glass1839_jpg.rf.1fbad577d9b66b6a0e0c838e4b3fbb83.jpg,GLASS
train,valid,glass183_jpg.rf.da72f1ad00d02308f13bf5d1592decbb.jpg,GLASS
train,train,glass1840_jpg.rf.f4c20936aaef073f2e0263ec014e0762.jpg,GLASS
train,train,glass1841_jpg.rf.073095946cecadb3084dcde557cad3ce.jpg,GLASS
train,train,glass1842_jpg.rf.deb083c4d4bb5a86987bf08095b6975a.jpg,GLASS
train,train,glass1843_jpg.rf.3328d46d77190ef4d712a1ed67000366.jpg,GLASS
train,train,glass1845_jpg.rf.240d0696d3ba55ee943d19d49acd5725.jpg,GLASS
train,train,glass1846_jpg.rf.c6a3e63dbd3fc8eb4682811b430f0c98.jpg,GLASS
train,valid,glass1847_jpg.rf.850c8f86dd03f4a5174c70b43525f13f.jpg,GLASS
train,train,glass1849_jpg.rf.7b81254d8845d07c4aa0c307f97e3f0b.jpg,GLASS
train,valid,glass184_jpg.rf.31dcf20f4fad9d76a9f7a4dafec012ef.jpg,GLASS
train,train,glass1855_jpg.rf.5171ad346a15ce46f10a298c42e6ae24.jpg,GLASS
train,valid,glass1856_jpg.rf.7fd958682c76bb80b26e96dd16c4443b.jpg,GLASS
train,train,glass1857_jpg.rf.a6ff36177bd3f8cb545fec409e38a2ce.jpg,GLASS
train,train,glass1858_jpg.rf.8d4a7b9bbca88b5dabcc456b45685fd3.jpg,GLASS
train,valid,glass1859_jpg.rf.96fb93036057fc9ae2c1a5fe8d5737c7.jpg,GLASS
train,train,glass185_jpg.rf.95bd1536973e64aaf55f889f431d89d9.jpg,GLASS
train,train,glass1860_jpg.rf.25b2dae3a5258dc74e12a9b2ecc0140a.jpg,GLASS
train,valid,glass1861_jpg.rf.8c76287fdd3289854c849bd17115e3ce.jpg,GLASS
train,valid,glass1862_jpg.rf.b62593639b1915dd6ca80633c1d339bf.jpg,GLASS
train,train,glass1863_jpg.rf.0665d682ae5cc58db54ba65c1a3ff277.jpg,GLASS
train,train,glass1864_jpg.rf.fb454350ef25932fcdb6e6df13595842.jpg,GLASS
train,train,glass1865_jpg.rf.82fd3a54b8225227098811eb98eece80.jpg,GLASS
train,valid,glass1866_jpg.rf.e7ff73f55da1ecfee3709b34e50a88cb.jpg,GLASS
train,train,glass1867_jpg.rf.53ae29f44fef3a1496057e5c7f3453d0.jpg,GLASS
train,train,glass1869_jpg.rf.9f3334a13080d6f7c4ceae44697dc7db.jpg,GLASS
train,train,glass1870_jpg.rf.671468bcc37dbec18f9b9a323f10fc96.jpg,GLASS
train,train,glass1872_jpg.rf.395b474fbeb38d275358bcb00897bc8c.jpg,GLASS
train,train,glass1873_jpg.rf.93e8daaa44ff6332ba0105f7b5452d95.jpg,GLASS
train,train,glass1874_jpg.rf.1da7ab34f1f5d5110e4aa2bd4f7dcb16.jpg,GLASS
train,train,glass1875_jpg.rf.093decce74dd2fc3da932fe93fa6608c.jpg,GLASS
train,valid,glass1877_jpg.rf.8995eff5aa8bdf0bd6b7849e2d5ad819.jpg,GLASS
train,valid,glass1878_jpg.rf.078df0414e42228d22503742f60fa7a5.jpg,GLASS
train,train,glass1880_jpg.rf.62f22a7dfb5b544d3640ddfbd00de9de.jpg,GLASS
train,train,glass1884_jpg.rf.9c3ef664cd673798d34c8425477ee92c.jpg,GLASS
train,train,glass1885_jpg.rf.161ad7a52b55aced420605ce32a79176.jpg,GLASS
train,train,glass1886_jpg.rf.18335087c4789005ff33c5c46e9a39d4.jpg,GLASS
train,train,glass1887_jpg.rf.63a6e586b4bba50cfd186f4719488966.jpg,GLASS
train,train,glass188_jpg.rf.600800cdf14a043a01973988cc2bc230.jpg,GLASS
train,train,glass1891_jpg.rf.d88eeb1408c39cd25f0f805d28aed575.jpg,GLASS
train,train,glass1893_jpg.rf.49560e316b544a4a60e6023e4c031b31.jpg,GLASS
train,valid,glass1894_jpg.rf.7ddf3bd0ab5bf8cf2d7ba969165fce76.jpg,GLASS
train,valid,glass1895_jpg.rf.174336a534a8d24a6eb9e46e7f21275e.jpg,GLASS
train,valid,glass1896_jpg.rf.080fed47a337ad1a4cda412881e00a3b.jpg,GLASS
train,valid,glass1897_jpg.rf.542834b704930cd29bea6aeade31a0fb.jpg,GLASS
train,train,glass1899_jpg.rf.1bbe00b6756807ee6fc174cf033398ee.jpg,GLASS
train,train,glass1902_jpg.rf.f391c89c670cbc11d8aacec3a411cf9f.jpg,GLASS
train,valid,glass1903_jpg.rf.cc912fe888cb674b2565e7af44c57c82.jpg,GLASS
train,train,glass1907_jpg.rf.dbefc1f71691f25cbbd2e59e9d1a0f3f.jpg,GLASS
train,train,glass1908_jpg.rf.94eb1ea096f7e9c7ac127788dc48253c.jpg,GLASS
train,train,glass1909_jpg.rf.c5dbe85eda6b0ff51f94562425f88b69.jpg,GLASS
train,train,glass190_jpg.rf.af065afa72b4e04aa572358df69db2d6.jpg,GLASS
train,train,glass1910_jpg.rf.fc024d1fa3e7e094477a4b7cd38d8e0d.jpg,GLASS
train,train,glass1911_jpg.rf.09cf543ca5e97d469cb8246edee3e38e.jpg,GLASS
train,train,glass1913_jpg.rf.411a0b1e5ec53d6d7b04af90c0a4633b.jpg,GLASS
train,train,glass1915_jpg.rf.e6b4d105829c9573c1f82a62316b4ccf.jpg,GLASS
train,train,glass1916_jpg.rf.7957e56db8080cc3994b2ea93eb7d481.jpg,GLASS
train,train,glass1918_jpg.rf.be38f9295fdbef7341ed387ea7e43380.jpg,GLASS
train,train,glass1919_jpg.rf.110dccc1a7098d145058d2772ec289cf.jpg,GLASS
train,train,glass191_jpg.rf.882777be25db5faa9abbfbe9fcb24b72.jpg,GLASS
train,valid,glass1920_jpg.rf.cb1e0c13784748af16c088c466feeb38.jpg,GLASS
train,valid,glass1921_jpg.rf.23b04156d988829dfc6d10340f8e8e9a.jpg,GLASS
train,train,glass1923_jpg.rf.8d8757cc4a2d1a672097ad9d19c3d9c7.jpg,GLASS
train,train,glass1924_jpg.rf.7fa82db83303a598f7ff71dce2697479.jpg,GLASS
train,valid,glass1925_jpg.rf.b5c161d540de1a15f03cfbd7272cbebb.jpg,GLASS
train,train,glass1926_jpg.rf.f22c419f9e17a7c79cee239a61bd177a.jpg,GLASS
train,valid,glass1927_jpg.rf.0d8aee31a6fd58bea418f270d14d566a.jpg,GLASS
train,train,glass1928_jpg.rf.0bed4339938ef4caeb5538a66471f318.jpg,GLASS
train,train,glass192_jpg.rf.933ec57d5e78e77178049ad2d2364927.jpg,GLASS
train,train,glass1932_jpg.rf.64e7cc9595d16b78756c69f7634c9180.jpg,GLASS
train,train,glass1935_jpg.rf.2db83f068a83b9ebeaefe8789f95ae31.jpg,GLASS
train,valid,glass1936_jpg.rf.7cf6d1633e7ef098d09531760b5ef192.jpg,GLASS
train,train,glass1937_jpg.rf.c5963c4b2145c2fc0c5fe920d1159b6e.jpg,GLASS
train,train,glass1938_jpg.rf.6e2d2e7fbd0ebacb468af34a66e0e9a6.jpg,GLASS
train,train,glass1939_jpg.rf.47016b4c70dc2431fe5021be09d12394.jpg,GLASS
train,train,glass1940_jpg.rf.cb9480284c54fd2bf59e9efd60d69831.jpg,GLASS
train,valid,glass1941_jpg.rf.9698a232b897c05b9503db7aed47a05c.jpg,GLASS
train,train,glass1943_jpg.rf.83b1fb01b2a3853d80284e5fbb1d0feb.jpg,GLASS
train,train,glass1945_jpg.rf.97b91a2229061e1c08a995ef70642d0a.jpg,GLASS
train,train,glass1946_jpg.rf.b70b5bb85b3bc9c2fb396244743c6668.jpg,GLASS
train,train,glass1949_jpg.rf.be07d057eb45b6dac87d19c9074692d0.jpg,GLASS
train,train,glass194_jpg.rf.8fb239ae90bdf216797b9173909880de.jpg,GLASS
train,train,glass1952_jpg.rf.e3fc6d85a8b3c157ff7a78e90eee1473.jpg,GLASS
train,valid,glass1955_jpg.rf.199dfe370a784c0bcbec983ce1b65153.jpg,GLASS
train,train,glass1957_jpg.rf.bcbe7a5574c24010a095b8041cdc4abe.jpg,GLASS
train,valid,glass1958_jpg.rf.b9f88e81a5195f1364ddd7c11072e8ad.jpg,GLASS
train,train,glass195_jpg.rf.bdca7062a14dcb74f3361996661eaa39.jpg,GLASS
train,train,glass1965_jpg.rf.594a183edffb8daf0288327ddddbdfc3.jpg,GLASS
train,train,glass1968_jpg.rf.d5256826a3a512932d306d877bf6d426.jpg,GLASS
train,train,glass196_jpg.rf.c0fc90d9dcaa9c3400f30ef96bcfb5ff.jpg,GLASS
train,train,glass1971_jpg.rf.f5746110ae413938e655c93dd5a0a0fa.jpg,GLASS
train,train,glass1972_jpg.rf.5a5713113a225686827ccf09e3ef9d6a.jpg,GLASS
train,train,glass1974_jpg.rf.71cacb789c1717a45038f9907f42d291.jpg,GLASS
train,valid,glass1979_jpg.rf.d81069709513add86e87bb91e692fb7d.jpg,GLASS
train,valid,glass197_jpg.rf.1b880a61f6569a7a12befd8ec23c66aa.jpg,GLASS
train,train,glass1980_jpg.rf.d40b44f4178df7d08ec3c20b4ae4fb5b.jpg,GLASS
train,train,glass1982_jpg.rf.6479a7d50fe64af59984469acb4fca71.jpg,GLASS
train,valid,glass1986_jpg.rf.3bb850bddf88c920c2687668d0874211.jpg,GLASS
train,valid,glass1989_jpg.rf.7e00effe5e6b0b70cc714814d4d7ed80.jpg,GLASS
train,train,glass198_jpg.rf.ac829cb2a7681b2c54e221a404db7178.jpg,GLASS
train,valid,glass1990_jpg.rf.77880ee773555f0f0d00e3bc42ce3f35.jpg,GLASS
train,train,glass1998_jpg.rf.71b4d863ef802730ba4e89537b45943c.jpg,GLASS
train,train,glass1999_jpg.rf.4ee347180f3fdc34014005a0f8fce421.jpg,GLASS
train,train,glass199_jpg.rf.d0705d96915d7f650883bbaee82bbc30.jpg,GLASS
train,train,glass19_jpg.rf.15071a6fde352116179db274f7f88ded.jpg,GLASS
train,valid,glass2000_jpg.rf.6e3bfa8dd40cb55f94c5e4b4cc1c1422.jpg,GLASS
train,train,glass2001_jpg.rf.cc9de67ccc0ab44d94fa8e689a95abd2.jpg,GLASS
train,train,glass2003_jpg.rf.546b64ffc95c7664493e6a55d74382d0.jpg,GLASS
train,train,glass2005_jpg.rf.87185be9fcdf1848b013bb07d73a84b1.jpg,GLASS
train,train,glass200_jpg.rf.f1aed900f5d693efe26094e398a5045a.jpg,GLASS
train,train,glass2012_jpg.rf.1f48354cf01c2249ea763506a25ca22b.jpg,GLASS
train,train,glass2013_jpg.rf.ee3d21de6a1c5eaa7706e4ba4bee1c27.jpg,GLASS
train,valid,glass2014_jpg.rf.f70e8ceadefcace24d9509ee5aadcfa1.jpg,GLASS
train,train,glass2016_jpg.rf.c2bb0165fa2563b39771efe71287b514.jpg,GLASS
train,train,glass201_jpg.rf.f902b50eacbc2a203fd5b532682678eb.jpg,GLASS
train,train,glass2021_jpg.rf.306f845e85debab670fffe8aad8c982d.jpg,GLASS
train,train,glass2028_jpg.rf.7204544107baa0f9828c8f4ceec22c45.jpg,GLASS
train,train,glass202_jpg.rf.fa0dbcdfe469afd65463b05156c90e81.jpg,GLASS
train,train,glass2030_jpg.rf.76e193b463aca4c35725d4525a175d0b.jpg,GLASS
train,valid,glass2034_jpg.rf.fd0ec971acb5c570662842a97203b995.jpg,GLASS
train,train,glass2035_jpg.rf.212fba0550d56840f37d8216db914fde.jpg,GLASS
train,train,glass203_jpg.rf.029c21b6d4cd84b7671f468b07f8c2e3.jpg,GLASS
train,train,glass2046_jpg.rf.a92ace5651ef6348a84c2dfea84d4a39.jpg,GLASS
train,train,glass204_jpg.rf.e09fa0a04c91ab72f5f1e3d9f89356c1.jpg,GLASS
train,valid,glass2050_jpg.rf.0e4dc99b32bdfe45960236b2bbc6104e.jpg,GLASS
train,train,glass2057_jpg.rf.46237d5ea5e857b6062650b142d5bfe6.jpg,GLASS
train,train,glass2058_jpg.rf.9edc534a720be7e73faa60bc1c29daf0.jpg,GLASS
train,valid,glass2059_jpg.rf.272cadc28b6db9d6862a820e1bfbaeae.jpg,GLASS
train,valid,glass205_jpg.rf.bee0b39113ee04e99a6b271533e20256.jpg,GLASS
train,valid,glass2061_jpg.rf.3b954073b1c73bfb409d08061da7c38f.jpg,GLASS
train,valid,glass2066_jpg.rf.108cae95048f8ceb787f6453f244015a.jpg,GLASS
train,train,glass2068_jpg.rf.ce1c7cfbd7741796ac37cf0b969b76bb.jpg,GLASS
train,valid,glass206_jpg.rf.6d78ff33810a4a767b985ad1afd2f917.jpg,GLASS
train,train,glass2071_jpg.rf.38e3db621ad4e6c0baba17b3ded24bc9.jpg,GLASS
train,valid,glass2074_jpg.rf.1ffca465fe998a518088c8276ec9dc89.jpg,GLASS
train,valid,glass2075_jpg.rf.ee76f236bc929e0b6cfe00769bdf3b28.jpg,GLASS
train,valid,glass2076_jpg.rf.6d8518922e2ea3109f70fa136686b2e5.jpg,GLASS
train,train,glass2079_jpg.rf.4dd7e67a64846a05e9a3bc9acc17d66a.jpg,GLASS
train,valid,glass2089_jpg.rf.57a2f24c4290de00727078658b5577ce.jpg,GLASS
train,valid,glass208_jpg.rf.0e1210e768859b9d0078dafce2fb55ea.jpg,GLASS
train,valid,glass2090_jpg.rf.a854376deb7cbabbab32d771509cb561.jpg,GLASS
train,train,glass2091_jpg.rf.763cdd9e4ad3ac6519ac793a412be6f8.jpg,GLASS
train,train,glass2092_jpg.rf.dbbedb3100fafb41489142b1c85df81b.jpg,GLASS
train,train,glass2095_jpg.rf.7a42ec1d0f51c5717352de54421ee685.jpg,GLASS
train,valid,glass209_jpg.rf.aad68b47730d846ae9005ace9a9c5312.jpg,GLASS
train,valid,glass20_jpg.rf.91a326442d51f8a0d1787e54beef1c28.jpg,GLASS
train,train,glass2104_jpg.rf.a01ca63b942ac1c8eebf6d25e0d93a07.jpg,GLASS
train,train,glass2105_jpg.rf.f003521cbb79f05b8837ac4fad8baed1.jpg,GLASS
train,train,glass2106_jpg.rf.c8e73686d7f6535b47fa81422fb770db.jpg,GLASS
train,train,glass2108_jpg.rf.aadb2bfe3be342fcd7eab06826befbef.jpg,GLASS
train,train,glass210_jpg.rf.fed3a32e56230613e4f7e75218c2a6be.jpg,GLASS
train,train,glass2113_jpg.rf.99d1bc32113d8d9b56bfc2b827db8be2.jpg,GLASS
train,train,glass2116_jpg.rf.25d92a6465539dc87033e146af96412c.jpg,GLASS
train,train,glass2117_jpg.rf.6936eee3d4e9a4223222e489d256533d.jpg,GLASS
train,train,glass2119_jpg.rf.5fdffb66e36e919a12770fe54e0e51ee.jpg,GLASS
train,train,glass211_jpg.rf.401cd4a23205cb21e8e195d2eb4dc573.jpg,GLASS
train,train,glass2121_jpg.rf.071b5f87c0f737b1d5f25c0186e372cb.jpg,GLASS
train,train,glass2122_jpg.rf.6202d6ef5bca4b1c3673e52d96ecc7f8.jpg,GLASS
train,valid,glass2123_jpg.rf.ba9b1e016966a50a0584210cfb7fd685.jpg,GLASS
train,valid,glass2124_jpg.rf.6f453cb76ebd97a8899cc32a54f8a324.jpg,GLASS
train,train,glass2126_jpg.rf.73d85c14ed91082ff175e8cd19ee12c1.jpg,GLASS
train,train,glass212_jpg.rf.0f91233e5afc52d4a352f4ed310465db.jpg,GLASS
train,train,glass2134_jpg.rf.76823fefa3c04e21adf15df1851b9ae3.jpg,GLASS
train,valid,glass2135_jpg.rf.45b7d3416be1df69e6cb533242066b07.jpg,GLASS
train,train,glass213_jpg.rf.b1ecc49285e45fda05e4906a70f4af57.jpg,GLASS
train,train,glass2143_jpg.rf.d95d876f427efa93c6e04df06dd9af60.jpg,GLASS
train,valid,glass2144_jpg.rf.4835b687af9460a659814666430e38a4.jpg,GLASS
train,valid,glass2147_jpg.rf.e1f3ec27de00ea85e4c5aa67d0fe31b9.jpg,GLASS
train,train,glass2148_jpg.rf.51ca57af4a60e38c77b078ee98b53fe1.jpg,GLASS
train,train,glass2152_jpg.rf.204d419642693024ec138dbdce30c5a4.jpg,GLASS
train,valid,glass2153_jpg.rf.3e083e0506cff9b6519dd87da58736b1.jpg,GLASS
train,train,glass2154_jpg.rf.97b1ef578f98b144c1394b877a9bf7be.jpg,GLASS
train,train,glass2156_jpg.rf.bec80d664bdeb8bb5bc970d55db69029.jpg,GLASS
train,train,glass2157_jpg.rf.0c25c9dfac0b1c30b52d9cf7412d39a7.jpg,GLASS
train,train,glass2159_jpg.rf.78c733c562c2eab69a21df5b37a94b97.jpg,GLASS
train,train,glass215_jpg.rf.348d57873fb7c24045f5e9aa65336e21.jpg,GLASS
train,valid,glass2160_jpg.rf.394fcad7d20f675d5ebdaa6ac581adca.jpg,GLASS
train,train,glass2161_jpg.rf.dec708b73c477b7c0ef7ae1c57b1802b.jpg,GLASS
train,train,glass2165_jpg.rf.563a103b9b2127d3db8fb96f22bdc0b0.jpg,GLASS
train,train,glass2169_jpg.rf.bd7ace4e7b324eaa0311ee335ef0c99b.jpg,GLASS
train,train,glass216_jpg.rf.2b82441be4ace9ddba7e1b379f040b1b.jpg,GLASS
train,train,glass2175_jpg.rf.7bdfd5bf63714edc094e633a6b04bfb0.jpg,GLASS
train,valid,glass217_jpg.rf.91ae79eefa7fa1e334f86d1e22b36248.jpg,GLASS
train,train,glass2182_jpg.rf.cb1f3034327a71557b62711f8833df2a.jpg,GLASS
train,valid,glass2183_jpg.rf.793d44a1835e84967d33a581d1ce3bd2.jpg,GLASS
train,valid,glass2184_jpg.rf.9593df2c2754bf7f3c2fb48082055556.jpg,GLASS
train,train,glass2186_jpg.rf.ae30cba86c796f5202b1cf1539905d37.jpg,GLASS
train,train,glass218_jpg.rf.58b808184d685449569de9b34ca739d2.jpg,GLASS
train,valid,glass2190_jpg.rf.9b1d3ebf198bd684baf42a4c6df717ce.jpg,GLASS
train,train,glass2191_jpg.rf.5ae2d6fe72790faa4e2f8e3cf45edeb0.jpg,GLASS
train,valid,glass2194_jpg.rf.14d4a0420077e1bab294195cf8678148.jpg,GLASS
train,train,glass2195_jpg.rf.bcf412caff6315acf6b8c62cf26f3c9e.jpg,GLASS
train,train,glass2196_jpg.rf.d24fb659c747af80afed8b37783eb9d3.jpg,GLASS
train,valid,glass2198_jpg.rf.5b363d29eb25902ff71709d1786fd510.jpg,GLASS
train,valid,glass219_jpg.rf.4491ab47d3cbd4949d1a36c56853fa9a.jpg,GLASS
train,train,glass21_jpg.rf.26d11ec0b40656fbfc159226055b3b9f.jpg,GLASS
train,valid,glass2201_jpg.rf.27a3d9207b916ccbc070ba1832831762.jpg,GLASS
train,train,glass2202_jpg.rf.b768906b16da00d2b2af4b981acebd7b.jpg,GLASS
train,valid,glass220_jpg.rf.15ac2998e1f53375071cdfe3065c9f81.jpg,GLASS
train,train,glass2210_jpg.rf.0303f47bd8eb8f98811284c29aeb987f.jpg,GLASS
train,train,glass2213_jpg.rf.23cf3d1578b0f479e38e6aea4064ad80.jpg,GLASS
train,valid,glass2215_jpg.rf.2f6e56548214c2f633bf6216898fda1d.jpg,GLASS
train,train,glass221_jpg.rf.b3d0bd862dba4d138e281134624d44e3.jpg,GLASS
train,train,glass2221_jpg.rf.7ed6d09d9c522045be43910f9886e0dc.jpg,GLASS
train,train,glass2222_jpg.rf.68372b04b423540e09c9fab2414d733c.jpg,GLASS
train,train,glass2223_jpg.rf.ee37c5c6a19ab4ea0594311421339761.jpg,GLASS
train,train,glass2224_jpg.rf.045e545566a4263222144a23765bf6df.jpg,GLASS
train,train,glass2228_jpg.rf.46f9d77d5a5181be803b7e8ea3e11d13.jpg,GLASS
train,valid,glass222_jpg.rf.a6685aa507e3b4d2e4114cf55e518c4e.jpg,GLASS
train,valid,glass2233_jpg.rf.2db9fb5fbd05625422e4daa0afc44930.jpg,GLASS
train,train,glass2235_jpg.rf.0e989b5e4aaf09ec0938e4b9779cc80c.jpg,GLASS
train,train,glass2236_jpg.rf.daae052a92e32b94136eef314647d78c.jpg,GLASS
train,train,glass2237_jpg.rf.0f003fff9285b739b732dace084729f2.jpg,GLASS
train,train,glass2238_jpg.rf.1a506c7e8727da728ac0f69bf46843b3.jpg,GLASS
train,train,glass223_jpg.rf.9c9aba543feb5d50476e1555a95eb936.jpg,GLASS
train,valid,glass2247_jpg.rf.bfeb38039dc5135599a201ea4fff85a6.jpg,GLASS
train,valid,glass2249_jpg.rf.48839cb35df8ffccd8887010d581a7e6.jpg,GLASS
train,valid,glass224_jpg.rf.9226927aa7b548edf596546bc4ce038c.jpg,GLASS
train,valid,glass2250_jpg.rf.08d02aa75e368c8bd6ceceeb393610a7.jpg,GLASS
train,train,glass2251_jpg.rf.703b4370c6b7667e3661d682c56c3b89.jpg,GLASS
train,train,glass2253_jpg.rf.60d17164474a5266a3034985051da339.jpg,GLASS
train,train,glass2255_jpg.rf.a240f6133044b3162112f0d6616e63a6.jpg,GLASS
train,train,glass2256_jpg.rf.acd3fc4b551526dacc32becbc041a79f.jpg,GLASS
train,train,glass2257_jpg.rf.9aa730984835c1985c0e3eced4dba658.jpg,GLASS
train,valid,glass2258_jpg.rf.eb636e533a47b2c8ab198468a24a9a36.jpg,GLASS
train,train,glass2259_jpg.rf.6c0253d0bd1fba860c60d7d07d1428d9.jpg,GLASS
train,valid,glass2260_jpg.rf.c8a4a9f407a45d1b66057a73650ffa49.jpg,GLASS
train,train,glass2262_jpg.rf.81a6550a48cbaed9aa6307f932975105.jpg,GLASS
train,train,glass2263_jpg.rf.e5d925717b7744237ff145ef16f6ab5c.jpg,GLASS
train,train,glass2264_jpg.rf.272bd03eff779be0ddad50f031b8c9e2.jpg,GLASS
train,train,glass2265_jpg.rf.5b25ff30470b816c59e24f2ed15abf75.jpg,GLASS
train,train,glass2268_jpg.rf.9af70870a353094338ebf16ffd626be6.jpg,GLASS
train,train,glass2269_jpg.rf.4d46c78a096bbe2b28c97930c8d8fae8.jpg,GLASS
train,train,glass226_jpg.rf.cfe0866f651f1717ae7922a75f1bdbff.jpg,GLASS
train,train,glass2270_jpg.rf.be600719d6d385f535a38872b61615b2.jpg,GLASS
train,train,glass2273_jpg.rf.e9f67457dd4f2295ee2b138783eadb07.jpg,GLASS
train,valid,glass2274_jpg.rf.d24d227c3f1f0d10d3344e279904ac10.jpg,GLASS
train,train,glass2276_jpg.rf.c17c52041aeacc03ea4911073ba99314.jpg,GLASS
train,valid,glass2277_jpg.rf.4cad27215d27f5110e7b3a90371e333a.jpg,GLASS
train,valid,glass2278_jpg.rf.0924eba2b4a9e10f050e2c5cc9f0a6dd.jpg,GLASS
train,train,glass2279_jpg.rf.8652a1ba98d78f8696f77f3fdd9c371e.jpg,GLASS
train,valid,glass227_jpg.rf.35cc3ffae842947def6aa097bda0dbae.jpg,GLASS
train,train,glass2280_jpg.rf.0c136fc1e6c24612cfb7582899c99ff3.jpg,GLASS
train,train,glass2281_jpg.rf.48a782790d313e7f1d1709419273ff52.jpg,GLASS
train,train,glass2283_jpg.rf.4130dbccb56e59a806239955f000d150.jpg,GLASS
train,train,glass2284_jpg.rf.8eec5ae8a97822ac97a213be50aebd1c.jpg,GLASS
train,valid,glass2287_jpg.rf.a3749cef443ef194fedea74195a2968f.jpg,GLASS
train,train,glass2288_jpg.rf.c981a6cd0ce531a5988ddc6ef2614ca1.jpg,GLASS
train,valid,glass2289_jpg.rf.37c79456d63b7f97480d2d6d8f989596.jpg,GLASS
train,valid,glass228_jpg.rf.d5ad0550abebe600e5860272614618c7.jpg,GLASS
train,train,glass2290_jpg.rf.fcc30341952d06e41da08f0c988ae1c7.jpg,GLASS
train,train,glass2291_jpg.rf.af2e728022f488338adc227c50d6dee2.jpg,GLASS
train,valid,glass2293_jpg.rf.ab986bd1937d540a0c7a95635f032037.jpg,GLASS
train,train,glass2295_jpg.rf.9b76c2291b53453936e1c255c6ee1a03.jpg,GLASS
train,train,glass2296_jpg.rf.b38a3d0f32e69ae643ffa28008add57e.jpg,GLASS
train,valid,glass2298_jpg.rf.d3999977ef8687a22d1e089f7dcf095b.jpg,GLASS
train,train,glass2306_jpg.rf.b6d360f528e6d90aeadcbdb736745920.jpg,GLASS
train,train,glass2307_jpg.rf.04141aab733a856b69210acacb2215ae.jpg,GLASS
train,valid,glass230_jpg.rf.6bfd3a0ef2d8df1e29423247134afead.jpg,GLASS
train,train,glass2314_jpg.rf.09d2982348e38de382dac53bc7464378.jpg,GLASS
train,train,glass2318_jpg.rf.950e0e8f019adcdfcb4dc184b1f4fe1b.jpg,GLASS
train,train,glass231_jpg.rf.908658ae2d46c1538e4323217ad9d7b6.jpg,GLASS
train,train,glass2320_jpg.rf.1304f1a5bb7a0314b0d43c73bcef11f3.jpg,GLASS
train,train,glass2324_jpg.rf.78cbd4864e2684093fdf3f73b1c5646a.jpg,GLASS
train,valid,glass2325_jpg.rf.20b4681254304ffa63629bb05e2bd57a.jpg,GLASS
train,train,glass232_jpg.rf.7587036283ac044603bbf2607fccc894.jpg,GLASS
train,valid,glass2332_jpg.rf.17e72547114dc255b1c071d486b05478.jpg,GLASS
train,train,glass2335_jpg.rf.97fe6896a7bc0b5f6dc86bb0d7d98108.jpg,GLASS
train,train,glass2338_jpg.rf.1775416f94039659ef27c6e4638b1dfe.jpg,GLASS
train,train,glass233_jpg.rf.a09727309a909c579af2c2aa3a17a032.jpg,GLASS
train,valid,glass2340_jpg.rf.d95d80d71c1e892d2adce6fa5915c090.jpg,GLASS
train,train,glass2346_jpg.rf.371b19137f22fece4427cc34587c12e1.jpg,GLASS
train,train,glass2347_jpg.rf.3ce77d9eb7cc2fd0a3b048b09d61c2f0.jpg,GLASS
train,train,glass234_jpg.rf.468727231e19953e1e29d986708c23ab.jpg,GLASS
train,valid,glass2354_jpg.rf.761eb93d86c6d955e76a86c0b43dc15f.jpg,GLASS
train,train,glass2356_jpg.rf.a6a3e341768a44dc34e48d0112110d8d.jpg,GLASS
train,train,glass2359_jpg.rf.98f383013bc81af0a4daaac942de2de8.jpg,GLASS
train,valid,glass235_jpg.rf.816d2deee9d06bed9b380b5a0eb3e3e6.jpg,GLASS
train,train,glass2361_jpg.rf.99ea347e0dcc9607cdb49d5decd12c74.jpg,GLASS
train,train,glass2364_jpg.rf.5a2f4868bb6cc4f15cb86e48e7f87910.jpg,GLASS
train,train,glass2372_jpg.rf.315f8dc8ce0c78adcafd271e0df96756.jpg,GLASS
train,train,glass2378_jpg.rf.137d1db0beb551e4ace31cba85416543.jpg,GLASS
train,train,glass2380_jpg.rf.398309b0c0132f8e956241e2bc501ce3.jpg,GLASS
train,train,glass2384_jpg.rf.4ba6ac3e553b33213bb30df4a7882851.jpg,GLASS
train,train,glass2385_jpg.rf.691e1d08a487237a04b78192b2774434.jpg,GLASS
train,train,glass2387_jpg.rf.e2efebf0c5ee555f3e02b89737b7199d.jpg,GLASS
train,valid,glass2388_jpg.rf.00b69acffd7376e6fdd70d34c8c638fe.jpg,GLASS
train,train,glass2391_jpg.rf.594eda4e0d478494e4fb111ad372ef94.jpg,GLASS
train,valid,glass2392_jpg.rf.ecdf98ae002759818410d26b3f8f1800.jpg,GLASS
train,train,glass2393_jpg.rf.9572a0534fd997085e5e9bc4b85b113c.jpg,GLASS
train,train,glass2395_jpg.rf.4533d14d023a23e7dcd4296d4800bf6c.jpg,GLASS
train,train,glass2396_jpg.rf.3511c6cfd67e9ecdb63bd08d5bb88f3d.jpg,GLASS
train,train,glass2397_jpg.rf.c4496569b0f37da265a9ddc37d40fdee.jpg,GLASS
train,train,glass2398_jpg.rf.83ef5fd7d950128592e718a0133a4e17.jpg,GLASS
train,train,glass2399_jpg.rf.e1a225e8e2df8c06fd0a697d13b0e022.jpg,GLASS
train,train,glass23_jpg.rf.e02ded75bb2f454b703dc63ee9c46aa6.jpg,GLASS
train,train,glass2400_jpg.rf.a19a7731f8cd73301e75a3bde0355f19.jpg,GLASS
train,train,glass2401_jpg.rf.fc0166707f1a8c378a6a9dd8537e6cb3.jpg,GLASS
train,train,glass2402_jpg.rf.e8e56eeee7c500d48d3b01b14b2105d2.jpg,GLASS
train,train,glass2403_jpg.rf.40c8f194af78cb644b0217e70238fc39.jpg,GLASS
train,train,glass2404_jpg.rf.b6c3a3e3a2abad83e850ddf20331a824.jpg,GLASS
train,valid,glass2407_jpg.rf.9b52717d14a7d25ef35ead5c232c01ba.jpg,GLASS
train,valid,glass2408_jpg.rf.7e4685068dcb4ac68de939ff9b47ac19.jpg,GLASS
train,train,glass240_jpg.rf.c51041bf985383d4c42308bcb978373d.jpg,GLASS
train,valid,glass2411_jpg.rf.1e2ea66c9f093f410982bf829cd181e0.jpg,GLASS
train,train,glass2412_jpg.rf.2ee19091e5b131541d14645083b9c90d.jpg,GLASS
train,valid,glass2414_jpg.rf.60d5731108394800fdc2d213ddbff53b.jpg,GLASS
train,train,glass2416_jpg.rf.c1a12b9701d5bc43fc5dd268211ca301.jpg,GLASS
train,train,glass2417_jpg.rf.1f7a3ee49b546ce385b7d7b412d4444d.jpg,GLASS
train,train,glass2418_jpg.rf.b5505ef9c1091bd061273eae010b1415.jpg,GLASS
train,valid,glass2419_jpg.rf.6572d9048cc8c87ee2c33a3723675618.jpg,GLASS
train,valid,glass241_jpg.rf.70ea6b05ace7ba90f0f24febc9fb7720.jpg,GLASS
train,train,glass2420_jpg.rf.37fac5da881f357782126fde3e94d45c.jpg,GLASS
train,train,glass2421_jpg.rf.3ac01d04caa4a01aa7d35dd6127a409d.jpg,GLASS
train,train,glass2422_jpg.rf.fedb7fdfe7836ffee18c94d96fd9ec32.jpg,GLASS
train,train,glass2423_jpg.rf.4fe8ae650dbc1bc7033dd701449b35b7.jpg,GLASS
train,train,glass2425_jpg.rf.8063dbc838cca2ca0ad42747393b1b26.jpg,GLASS
train,valid,glass2426_jpg.rf.9efb222f65f98be0c59cb1f3ccbf225a.jpg,GLASS
train,train,glass2429_jpg.rf.94e5f536fa0d4de47d592f2edacb4599.jpg,GLASS
train,valid,glass242_jpg.rf.0fcb19fc99f042de5fd878555fdf8dfb.jpg,GLASS
train,valid,glass2430_jpg.rf.aab91c2bbfd3532dda1d0f00bbb5a975.jpg,GLASS
train,train,glass2431_jpg.rf.7aedaede2ee213818d7288a46482a911.jpg,GLASS
train,train,glass2432_jpg.rf.1dc9c5c8d429ac9054db95243e3c2489.jpg,GLASS
train,valid,glass2433_jpg.rf.0886e8c3c6bb24250460fcea0aeb45ce.jpg,GLASS
train,train,glass2434_jpg.rf.402b4652d47a502f3949911f2a5dc016.jpg,GLASS
train,train,glass2435_jpg.rf.b3ddeef67fd905b96ae5e865653ce48f.jpg,GLASS
train,train,glass2436_jpg.rf.6b4f50bac21a972901361644450f09a8.jpg,GLASS
train,train,glass2438_jpg.rf.4bfdf61bb5d6955053ee81c344499f38.jpg,GLASS
train,valid,glass2439_jpg.rf.124e98f87d90ba1fdabdfdfa75ef45ca.jpg,GLASS
train,train,glass2440_jpg.rf.ee56f7f2b6f099ef9591e9b49ae9f8b6.jpg,GLASS
train,valid,glass2441_jpg.rf.09e0788106eeadc9cfb2921193bd5a0b.jpg,GLASS
train,train,glass2442_jpg.rf.19efc31264ff9b345d8e01ebfac3a8e8.jpg,GLASS
train,train,glass2444_jpg.rf.99687021c832651f993d3413e4ce7fcb.jpg,GLASS
train,valid,glass2445_jpg.rf.293d2f988ff9d4ab021c5a84429a3011.jpg,GLASS
train,train,glass2447_jpg.rf.9c44184e3e0aee95866d1d1dce7f94c1.jpg,GLASS
train,train,glass2448_jpg.rf.b0cba8de4e2146720433fa5b1e89d8db.jpg,GLASS
train,train,glass2449_jpg.rf.4a687bd2fc447991d74201fe30ba24b5.jpg,GLASS
train,train,glass244_jpg.rf.ca5fb8f73e4046cc124e7b0ca890feed.jpg,GLASS
train,train,glass2450_jpg.rf.ede13652c98e777430a353fff51b03ea.jpg,GLASS
train,valid,glass2452_jpg.rf.b4049e0d9e3ab25984ab8f34ce7568c6.jpg,GLASS
train,valid,glass2456_jpg.rf.54bb4a0bcec23bcfe6b11b8f3c096513.jpg,GLASS
train,train,glass2458_jpg.rf.6af58940469fed0bcc6d956507c810d4.jpg,GLASS
train,valid,glass2459_jpg.rf.4a8577cb891ba779d4989429f1644d15.jpg,GLASS
train,train,glass245_jpg.rf.8b368d603328473ea2a3012fbc115a63.jpg,GLASS
train,train,glass2460_jpg.rf.50e66a0f4c07a30973e5690abb67f27e.jpg,GLASS
train,valid,glass2461_jpg.rf.08bd8777eac5536644fe3d7651a63721.jpg,GLASS
train,valid,glass2463_jpg.rf.a9b15e34fc420adcbed655f5decbe6e7.jpg,GLASS
train,train,glass2465_jpg.rf.a1971431705a3352e42cdb245cd79fc3.jpg,GLASS
train,train,glass2467_jpg.rf.7b037e0ad80abde75e2dc226aec8538d.jpg,GLASS
train,train,glass2469_jpg.rf.f663cf1f86928ac08ef0f7e2c8b64042.jpg,GLASS
train,train,glass2470_jpg.rf.784df17b044e8799ea8aa9c3c1a0d046.jpg,GLASS
train,train,glass2472_jpg.rf.cd87c93be98c4ecd1a66275d7c18ebf2.jpg,GLASS
train,train,glass2473_jpg.rf.c2786c273a2701260c9089b93d14bf99.jpg,GLASS
train,train,glass2474_jpg.rf.05ed43996ddc5f86b7c95398916088fb.jpg,GLASS
train,valid,glass2476_jpg.rf.3593109c308c34ae2ffacc3f75b5bed2.jpg,GLASS
train,valid,glass2479_jpg.rf.1dca4ea338d72df2fb86bcf65422dd8a.jpg,GLASS
train,train,glass2480_jpg.rf.5e22db91cf8ca2336fba92c9a955da4b.jpg,GLASS
train,valid,glass2481_jpg.rf.fa22e03f01b470ea9bddb398a46f464e.jpg,GLASS
train,train,glass2484_jpg.rf.46020a612b0a1c4e4ee9cdbf9aa11688.jpg,GLASS
train,valid,glass2485_jpg.rf.ace2e7b20d61ac0d713145179039ae74.jpg,GLASS
train,train,glass2487_jpg.rf.1bf2e467ce99d28625e1fa66bca2b87e.jpg,GLASS
train,valid,glass2489_jpg.rf.ec82c2104aaa3ce61cc080c90cb44280.jpg,GLASS
train,train,glass248_jpg.rf.c8cd31d6d8dbcd073d15c0e364f4731d.jpg,GLASS
train,train,glass2490_jpg.rf.1323e906a29b50500c41b1bdd7bc026f.jpg,GLASS
train,train,glass2491_jpg.rf.7955648000be34c076d10f453312dd2e.jpg,GLASS
train,train,glass2492_jpg.rf.4e98aa31e0c4be76bb1783e4920c1a49.jpg,GLASS
train,train,glass2493_jpg.rf.75a19118384832076db040fe373c7d13.jpg,GLASS
train,valid,glass2494_jpg.rf.fa0aaad63004fd60e05c59c2669f509c.jpg,GLASS
train,valid,glass2495_jpg.rf.db4f084cd4e8ef3f31e64de48ba1009c.jpg,GLASS
train,train,glass2496_jpg.rf.ca17b76a5ac5e84126e2d85e428ab245.jpg,GLASS
train,train,glass2497_jpg.rf.62627d0453acadd260dcf2d8acff3a9d.jpg,GLASS
train,valid,glass2498_jpg.rf.57697a8d31febe0f87d32be640bf1477.jpg,GLASS
train,train,glass2499_jpg.rf.fc9606cfd51333c5f1b94fe35eccfbe7.jpg,GLASS
train,train,glass24_jpg.rf.ae1c44968fc70ed08f261302906bf05d.jpg,GLASS
train,valid,glass2502_jpg.rf.e0990b306707a1d065431aca662ed02e.jpg,GLASS
train,train,glass2505_jpg.rf.3bf5ccd2d64afe134e6cd52d6e9277c9.jpg,GLASS
train,valid,glass2507_jpg.rf.58633ec39ab3dcb851b62efe1c74ebc7.jpg,GLASS
train,train,glass2508_jpg.rf.f5669145b451f8b246d65786ee57e181.jpg,GLASS
train,train,glass2509_jpg.rf.816f4cf291d0fcdd870f66a1cb0f15ff.jpg,GLASS
train,train,glass250_jpg.rf.743cefeccf0c6ac6e789d13966a7bb49.jpg,GLASS
train,train,glass2510_jpg.rf.2e7b5a1e320355ec6549330680197017.jpg,GLASS
train,valid,glass2512_jpg.rf.02f9368c5c4e14df334f31de9798d19a.jpg,GLASS
train,valid,glass2513_jpg.rf.7b1d375939a251979f4245e3cebcaa2b.jpg,GLASS
train,train,glass2514_jpg.rf.b12bd6236f1e6ab1c71792056f9d469c.jpg,GLASS
train,train,glass2515_jpg.rf.1afa3c0a387a93de2b0e5730652aadf0.jpg,GLASS
train,train,glass2516_jpg.rf.175a724e3e26669c6e13d91f17e816c2.jpg,GLASS
train,train,glass2517_jpg.rf.fea71580156e1a15bf52960c32bdb168.jpg,GLASS
train,valid,glass251_jpg.rf.b368a65a58beb84c63542bcb3ed3c74c.jpg,GLASS
train,valid,glass2520_jpg.rf.d2fa0506c3502a7fe124d82867643d8b.jpg,GLASS
train,train,glass2521_jpg.rf.d95b72a1d7702219ce94ac2edaa61def.jpg,GLASS
train,valid,glass2524_jpg.rf.debbefc559dec389b037d142bf6ffd80.jpg,GLASS
train,train,glass2525_jpg.rf.0a99d6ae697086e844bfb3915df222c6.jpg,GLASS
train,train,glass2526_jpg.rf.c5fd9545ff01a1ca58a2812be63bb12a.jpg,GLASS
train,train,glass2528_jpg.rf.369ca2a02ebc5c0eb14940e0dc7c636b.jpg,GLASS
train,train,glass2529_jpg.rf.5710d4412963b8415a43fb4809c52651.jpg,GLASS
train,train,glass2530_jpg.rf.151c8adfd04defdf469e8ebb16e14df0.jpg,GLASS
train,train,glass2531_jpg.rf.26fc7f75b64813605a33aa06d12b0398.jpg,GLASS
train,valid,glass2532_jpg.rf.cf83eb99b7229b49e88fe0580f3d7c72.jpg,GLASS
train,valid,glass2533_jpg.rf.32fdcf524be50fef23fb315d5ec8e30a.jpg,GLASS
train,train,glass2534_jpg.rf.f3a9724b061c117bb95b274e1fc37af1.jpg,GLASS
train,valid,glass2536_jpg.rf.c4f332d000b47f7490f1f53b9e7f8fce.jpg,GLASS
train,valid,glass2537_jpg.rf.b85ab9a865ba7be8398d23920b4e061c.jpg,GLASS
train,train,glass2538_jpg.rf.394c826b874c9b0eac4c0c746d65a0b9.jpg,GLASS
train,train,glass2539_jpg.rf.e4abae1b284a9fed7d13c3a98f65acf0.jpg,GLASS
train,train,glass2540_jpg.rf.1111ccef161737d011dac9be903d4272.jpg,GLASS
train,valid,glass2542_jpg.rf.b3cce64e60360b51a6fd6cddbd0feb6c.jpg,GLASS
train,train,glass2543_jpg.rf.6acd1a8ded8c551587bad05ebafe3c60.jpg,GLASS
train,valid,glass2544_jpg.rf.ad5dab1d904430af0ca9c8c6c524440a.jpg,GLASS
train,train,glass2545_jpg.rf.3aa07cd08df8a6cc9cee8e75b22dbeba.jpg,GLASS
train,valid,glass2546_jpg.rf.30350d4c75d20cbd64c7bade8ae1a569.jpg,GLASS
train,valid,glass2547_jpg.rf.a1938032db83aaab502f913db35c723b.jpg,GLASS
train,valid,glass2548_jpg.rf.245faf2372701891b5633b56dfa53554.jpg,GLASS
train,valid,glass254_jpg.rf.40fc7fdc981ec79b21655342a9b01d5a.jpg,GLASS
train,valid,glass2551_jpg.rf.3326b7cd95b1ed61977d4845330d66e6.jpg,GLASS
train,train,glass2552_jpg.rf.a3988ed61237f3d99127637313a708f5.jpg,GLASS
train,train,glass2553_jpg.rf.4df9d2ad40bfbc9935c9ef270e4de39d.jpg,GLASS
train,valid,glass2554_jpg.rf.534500f76d7f303602cfe8ffe1c76046.jpg,GLASS
train,valid,glass2555_jpg.rf.9b7cde33e6c8d6d47ae85a2444cd19d1.jpg,GLASS
train,train,glass2557_jpg.rf.a371d2afeb25196cb2d19d46d4c2624d.jpg,GLASS
train,train,glass2559_jpg.rf.d3bb21642059820b519d31a6e209ef76.jpg,GLASS
train,train,glass255_jpg.rf.1778304ca9b788da93fa32b4f36035fa.jpg,GLASS
train,train,glass2560_jpg.rf.6a54c8730c43048751096678e5cdcb27.jpg,GLASS
train,train,glass2561_jpg.rf.9f7662fc4a3644dbe1cb79651040e921.jpg,GLASS
train,train,glass2562_jpg.rf.69f0e0849dc318f23b5b373e04635f99.jpg,GLASS
train,train,glass2563_jpg.rf.478ef9c8cc1270f81a7feb85fce87f46.jpg,GLASS
train,train,glass2564_jpg.rf.efd7a091e51d4e08ae3c13dcb86f118e.jpg,GLASS
train,train,glass2568_jpg.rf.352a646557c93a4870a99e52d85f81ea.jpg,GLASS
train,valid,glass2569_jpg.rf.6497786ea3abd6827f10f1699e9acb09.jpg,GLASS
train,train,glass2570_jpg.rf.70aa48385c058a4794bfff1771b0b51b.jpg,GLASS
train,train,glass2572_jpg.rf.7e791d7d48ad7513b437b042eecb3933.jpg,GLASS
train,valid,glass2573_jpg.rf.f071b4aa05b91212e94e8b4aea124402.jpg,GLASS
train,train,glass2574_jpg.rf.17c6853049f5aeb4de3985126089e59f.jpg,GLASS
train,train,glass2575_jpg.rf.28ce58431010bbee408a0db73b1683cd.jpg,GLASS
train,train,glass2577_jpg.rf.5aaa0089d26cd65d25d598a3978e98e7.jpg,GLASS
train,train,glass2578_jpg.rf.a5525a6aabcc974033b8bd33922a7b37.jpg,GLASS
train,train,glass2579_jpg.rf.21c0bd8d7756ef8736363dc2641d1264.jpg,GLASS
train,train,glass257_jpg.rf.8dfa71816b333764b900afbf41c7f3f6.jpg,GLASS
train,train,glass2580_jpg.rf.16bacfbfdabbb367175896108428719a.jpg,GLASS
train,valid,glass2581_jpg.rf.c66f652ee0330ae1bb83ee92d83a607e.jpg,GLASS
train,train,glass2582_jpg.rf.dfafd3e20d64ebba0705687cd53e571b.jpg,GLASS
train,train,glass2583_jpg.rf.da03a6995b75e333a41e159930b0119d.jpg,GLASS
train,train,glass2584_jpg.rf.a0daf2f9538a78056a01b80a409b176a.jpg,GLASS
train,train,glass2587_jpg.rf.24219cd60486844cb711ef7a155fac99.jpg,GLASS
train,train,glass2588_jpg.rf.ce25052b486efdbddd38e0654ac344d5.jpg,GLASS
train,valid,glass258_jpg.rf.767d45969847e87d337db468854a23a5.jpg,GLASS
train,valid,glass2590_jpg.rf.480d9592cea57e81e8335d15951eeee0.jpg,GLASS
train,train,glass2592_jpg.rf.ab136bc859a5270bef704b5f7cef6a08.jpg,GLASS
train,valid,glass2597_jpg.rf.7f116a6330f42684f7e1d6620b9a7066.jpg,GLASS
train,valid,glass2598_jpg.rf.3447f89ee20107f19631020e9e8ad939.jpg,GLASS
train,train,glass2599_jpg.rf.0e4845350246b6ffa6d153c85874f5ae.jpg,GLASS
train,valid,glass259_jpg.rf.f351ff03fba7a3bc8c742de9b6f122f1.jpg,GLASS
train,train,glass25_jpg.rf.89c7b74246c00542e5efcb6cac0f823b.jpg,GLASS
train,train,glass2601_jpg.rf.a63546ecca693d3e030938315dc450d4.jpg,GLASS
train,train,glass2607_jpg.rf.b91a4df8c0ca884356d61a30930dd0e1.jpg,GLASS
train,valid,glass2608_jpg.rf.af52d2ffe66ab44b1512970cf7401e74.jpg,GLASS
train,train,glass260_jpg.rf.795fd4cb8436b74fe42bb0dcd0b9d837.jpg,GLASS
train,train,glass2614_jpg.rf.e49d4c2a7e2429f40d8216fe2cb4296f.jpg,GLASS
train,valid,glass2619_jpg.rf.d7ab6f8e2a4a144a09d8bd4e2c83775f.jpg,GLASS
train,train,glass261_jpg.rf.f0c16f9cc60f48f28e6bfc6d2e718445.jpg,GLASS
train,train,glass2620_jpg.rf.18ae173be43635449e6cfd35b0fe3e67.jpg,GLASS
train,valid,glass2623_jpg.rf.3cd6f1fc84e509c19968d973acaaffc3.jpg,GLASS
train,train,glass2624_jpg.rf.0f3d9cb14ff942182e6f7f8ec1aa6f5d.jpg,GLASS
train,valid,glass262_jpg.rf.c19a7b57bce4a725f680d647ec822de3.jpg,GLASS
train,train,glass263_jpg.rf.86f0ec5401ef8ab1b00a1aa0f12ad3c4.jpg,GLASS
train,valid,glass2656_jpg.rf.780ec68a540c4759d0091af5f632a8e8.jpg,GLASS
train,train,glass2666_jpg.rf.60b1e7bf31c643b13b482f973a163648.jpg,GLASS
train,train,glass2671_jpg.rf.cd8a9f5bfb55b286ebb2ea643e98d287.jpg,GLASS
train,train,glass2673_jpg.rf.d252e4963a3b37d8f990cff423968f04.jpg,GLASS
train,train,glass267_jpg.rf.363ed261d272d15392423f8816a46a7a.jpg,GLASS
train,train,glass268_jpg.rf.52ecb1f42532c14292c0af174c7dd780.jpg,GLASS
train,train,glass2699_jpg.rf.49d745987f4719786bd6352850268bb4.jpg,GLASS
train,train,glass269_jpg.rf.50d4982daffa34208ee97ee9815c791d.jpg,GLASS
train,train,glass2700_jpg.rf.5e97daade3132764b1c4edebb917af46.jpg,GLASS
train,valid,glass270_jpg.rf.3ffb90df11f8bccd7a599edced3403fc.jpg,GLASS
train,train,glass2710_jpg.rf.1ae554fb0a41febc4e2e5b97c0f18370.jpg,GLASS
train,train,glass2714_jpg.rf.468e69872bba4fd908783f37f266b5c7.jpg,GLASS
train,valid,glass2716_jpg.rf.9ea3a8affd40aa472ee3a9bb15317049.jpg,GLASS
train,valid,glass2717_jpg.rf.5dcc61ec6196afa7212e72bae0ad1ad2.jpg,GLASS
train,valid,glass2719_jpg.rf.b8611b96acdbbca4438ab26c69de91c8.jpg,GLASS
train,train,glass271_jpg.rf.5862ac56569898522a74e6bd0ae54487.jpg,GLASS
train,train,glass2720_jpg.rf.f2ad05313517b911522051a41b510c69.jpg,GLASS
train,valid,glass2721_jpg.rf.4cacf165aa6484a35d5e2786ccd98029.jpg,GLASS
train,train,glass2723_jpg.rf.ea9ae07f90853b890a30cde5a6201188.jpg,GLASS
train,train,glass2724_jpg.rf.df19fba1dd0f236eb96d8960deb5de30.jpg,GLASS
train,valid,glass2725_jpg.rf.04303fe85906f39365aedac2a7e22f7d.jpg,GLASS
train,train,glass2729_jpg.rf.d84f499f43189a415379500de3ef44bf.jpg,GLASS
train,train,glass2730_jpg.rf.67bae85dfde20af771c06ffbc729da18.jpg,GLASS
train,valid,glass2731_jpg.rf.bee73e0edfffbc621b34e21d9dd33b2c.jpg,GLASS
train,valid,glass2732_jpg.rf.f75ffe402f9f51fd1442954bf2f85e79.jpg,GLASS
train,valid,glass2734_jpg.rf.bb41e79bacae548d1e29bebbbe2a18c8.jpg,GLASS
train,valid,glass2737_jpg.rf.cd2bb97ae454b53f4e74b6e14e437112.jpg,GLASS
train,valid,glass2738_jpg.rf.9430f2eb06f88e5364996cdb4c54bd8d.jpg,GLASS
train,valid,glass273_jpg.rf.1301925b78e3608c9b757ab6bde9a2a4.jpg,GLASS
train,valid,glass2740_jpg.rf.dc1a3e4e9e71715f694443deb1138dcb.jpg,GLASS
train,train,glass2741_jpg.rf.b115034c6aa44f5188253d8f31a990c5.jpg,GLASS
train,train,glass2742_jpg.rf.f94bc960cb951dda0dcbf87c5fc7faf8.jpg,GLASS
train,train,glass2743_jpg.rf.94dc0017434d6d06d5f5b0398b132a57.jpg,GLASS
train,train,glass2745_jpg.rf.48645e2907bb5ecfcf6f80f86264c1e4.jpg,GLASS
train,train,glass2748_jpg.rf.6f158c7855db4269f97358f398b43c53.jpg,GLASS
train,train,glass274_jpg.rf.aac63acb08ed50cb6c4653b74fec7975.jpg,GLASS
train,train,glass2752_jpg.rf.86af0ab6f71f9e36564bb184da145ce0.jpg,GLASS
train,train,glass2756_jpg.rf.254540aa14cdda626e9b677f459ee869.jpg,GLASS
train,train,glass2759_jpg.rf.32122f6256e11e7acb222aa2efac92d7.jpg,GLASS
train,train,glass2768_jpg.rf.c6cdc183beca9bfdeaa1796a0918636a.jpg,GLASS
train,train,glass276_jpg.rf.378e77ab397dba0dc994f2d6069b704d.jpg,GLASS
train,train,glass2771_jpg.rf.0a6001433aae61bcad9ade66685d991a.jpg,GLASS
train,valid,glass2772_jpg.rf.eaf94ddc2020396bac61c1bafa2c57c5.jpg,GLASS
train,train,glass2775_jpg.rf.9d1e5804d0059aa33c0c6836c2655a86.jpg,GLASS
train,train,glass2777_jpg.rf.bae199381018b2479b225c0507299700.jpg,GLASS
train,valid,glass2779_jpg.rf.e8af523ef013ea7f769901c02e37adf8.jpg,GLASS
train,valid,glass277_jpg.rf.227ce8f8c922f75c2cf8f3e9e97deb93.jpg,GLASS
train,valid,glass2781_jpg.rf.34e367c820f93d4ba5ce9437fb9ffb66.jpg,GLASS
train,train,glass2784_jpg.rf.3d1ea815351be3360bf2234869f9fc43.jpg,GLASS
train,train,glass2789_jpg.rf.bc1ea571a669ea80d288e72bf1544e7b.jpg,GLASS
train,train,glass278_jpg.rf.89b65718eaf3ae90d3b1c08a83942175.jpg,GLASS
train,valid,glass2795_jpg.rf.eb54e06ef50ece20569fa47c21b58693.jpg,GLASS
train,valid,glass2797_jpg.rf.ac040f5b44ac6bebb4622f4de7d00e64.jpg,GLASS
train,train,glass2807_jpg.rf.a54542abb9fde98823b1dc49b3944c55.jpg,GLASS
train,train,glass2808_jpg.rf.ec03e2a8e2a9196f0d8a24a23314538a.jpg,GLASS
train,train,glass2810_jpg.rf.80c742c0e3cce137e784472bfb1865f1.jpg,GLASS
train,train,glass2814_jpg.rf.6dae482f89a7f7c46b3f26ffe638886b.jpg,GLASS
train,train,glass2817_jpg.rf.692f50a8c9f0d999b2f9ec0c5435ec58.jpg,GLASS
train,train,glass2819_jpg.rf.42cc180bb41cc3132526c1f6e29d15a5.jpg,GLASS
train,valid,glass281_jpg.rf.c7b1cbe92e4c1b4776ae048796504d55.jpg,GLASS
train,valid,glass2821_jpg.rf.738c22cb764f8bf8f6552099694c0b97.jpg,GLASS
train,train,glass2823_jpg.rf.6dce06499f2baf4c74e25c60191601cf.jpg,GLASS
train,train,glass282_jpg.rf.87e70e45e82135ae87cdae1972c6ab4a.jpg,GLASS
train,train,glass2834_jpg.rf.40ef7805458ce41c20105cffdb5038c4.jpg,GLASS
train,train,glass2835_jpg.rf.45482d226195634c10489a34555bbfee.jpg,GLASS
train,train,glass2837_jpg.rf.77ea326b14eaf886d2737ff82c0f554a.jpg,GLASS
train,valid,glass2841_jpg.rf.2fe9d823dcde66c3c0a07a856aaeeadb.jpg,GLASS
train,train,glass2842_jpg.rf.0172b13455670222d013fb9e180ebc3d.jpg,GLASS
train,valid,glass2843_jpg.rf.7998cce9810f40ae37e2ad7e2cd533c6.jpg,GLASS
train,train,glass2844_jpg.rf.33ee7979364d21ba6774a0c58024ce91.jpg,GLASS
train,train,glass2845_jpg.rf.dc1062b43c8a79ce5fb01254b0712bf2.jpg,GLASS
train,train,glass2847_jpg.rf.f2df01b40a1d99997b93c0b8e12df1a1.jpg,GLASS
train,train,glass2848_jpg.rf.d6840dbeca3e9b14c9de3d8c4c07d499.jpg,GLASS
train,train,glass2849_jpg.rf.6a1ec87d4cb8d16dc10ea588f79988f1.jpg,GLASS
train,train,glass284_jpg.rf.f420570deacbc2a4950c3c8a2d5fd762.jpg,GLASS
train,train,glass2851_jpg.rf.08e3e9335a9999a17f6016a6182c94fa.jpg,GLASS
train,train,glass2852_jpg.rf.37fbbebc80b0345c6e113ba9d94cc75d.jpg,GLASS
train,valid,glass2853_jpg.rf.ce0dfc4d05f377ecfe808108aa88c3cb.jpg,GLASS
train,valid,glass2854_jpg.rf.18603146289cbb65b90ab657b73d88aa.jpg,GLASS
train,valid,glass2856_jpg.rf.64a04da62b125799ad6e82642b019d67.jpg,GLASS
train,train,glass2858_jpg.rf.88751834055e9e17e3131977229ae764.jpg,GLASS
train,train,glass2859_jpg.rf.058745a782df3ab759e3964d77b93c2e.jpg,GLASS
train,train,glass285_jpg.rf.83b504d058e41b7b28f63be504022be5.jpg,GLASS
train,train,glass2860_jpg.rf.780f6c5e3f4a5f61cc9aee7178262f6d.jpg,GLASS
train,train,glass2861_jpg.rf.bb4a2f23a36f129c1a717a4b4327c5b4.jpg,GLASS
train,train,glass2862_jpg.rf.864b6a97c9c544067ea933d949ea2b9a.jpg,GLASS
train,train,glass2865_jpg.rf.938d8293daa20c442c3fdc61396a0654.jpg,GLASS
train,train,glass2867_jpg.rf.f491d2cf924f9e0257c0ecd7ebb4aff2.jpg,GLASS
train,train,glass286_jpg.rf.0a4d61ce3c9ca6960e8465d52bfdc74d.jpg,GLASS
train,valid,glass2871_jpg.rf.9da53c8424b3a8ffbcea1675146d0921.jpg,GLASS
train,valid,glass2872_jpg.rf.97dda841804face117303d64275df4da.jpg,GLASS
train,valid,glass2875_jpg.rf.892914f97b1820eaa0cf9747d936d204.jpg,GLASS
train,train,glass2876_jpg.rf.bb3653dbc66d7cc96fbe1a3bff6a44dc.jpg,GLASS
train,train,glass2879_jpg.rf.e645c288af528476d7877ef0159aa1e5.jpg,GLASS
train,train,glass287_jpg.rf.746d26464f75c0bcb981f92bbeca813a.jpg,GLASS
train,valid,glass2882_jpg.rf.c095a2e08ba5f622d17318062f9011f1.jpg,GLASS
train,train,glass2883_jpg.rf.0a0547f44666a5045f40079d04ec0129.jpg,GLASS
train,valid,glass2887_jpg.rf.6cbc9b6bf0cf5ce4606e2b70863da14a.jpg,GLASS
train,train,glass2888_jpg.rf.8626778226787fefd51344b75724bc8f.jpg,GLASS
train,train,glass288_jpg.rf.7cf335095139732e5adfc6f732b5cdb3.jpg,GLASS
train,train,glass2890_jpg.rf.3c1da0b8b98ad3d69cd362caf288af73.jpg,GLASS
train,train,glass2893_jpg.rf.1a5ff8f58f37123b5fedc17c95a6a92e.jpg,GLASS
train,valid,glass2894_jpg.rf.a86e47c5a3827e784001890190ccd583.jpg,GLASS
train,train,glass2896_jpg.rf.2ff9e5b48a5af9ade18fa1dc61ccebc8.jpg,GLASS
train,train,glass2897_jpg.rf.445877cddbbf9fd8380961490b8e9db1.jpg,GLASS
train,train,glass2898_jpg.rf.86a8ef70eb709c71f59e1f6fdfd7bcff.jpg,GLASS
train,valid,glass2899_jpg.rf.f046a8f781171e03190ca9fdb68baadc.jpg,GLASS
train,train,glass289_jpg.rf.045bde8c949d2fdf130ef8a614ee7cb9.jpg,GLASS
train,train,glass2901_jpg.rf.fedd8a8ea6eff50e0f4bcf4c74d2ef87.jpg,GLASS
train,train,glass2902_jpg.rf.e3c62ca13dc7e6f2cb49552363d45590.jpg,GLASS
train,train,glass2905_jpg.rf.b0d7173043746333deff8d802f2802d1.jpg,GLASS
train,valid,glass2906_jpg.rf.3d763f547cb255bcaf951fe3fbb61e60.jpg,GLASS
train,train,glass2907_jpg.rf.640864b7e756d25e1c69421c374fbd1e.jpg,GLASS
train,train,glass2908_jpg.rf.ac9d9bb06db143d96d7f68ac3c8d22d6.jpg,GLASS
train,train,glass290_jpg.rf.0f20083434d531d0a7a001d787580359.jpg,GLASS
train,train,glass2910_jpg.rf.8b0251db6c3bb57ff9a82a21f568c1d0.jpg,GLASS
train,train,glass2911_jpg.rf.f774629f36313f69830f05ca833d8875.jpg,GLASS
train,train,glass2912_jpg.rf.d29781cc4e7bdc0b9276a30ad0d2c1cc.jpg,GLASS
train,train,glass2913_jpg.rf.512b7f97df01f2d02f6a599f9b0ae508.jpg,GLASS
train,train,glass2914_jpg.rf.f9dd4f83582ce2d4bef5015a13c99c0b.jpg,GLASS
train,train,glass2915_jpg.rf.b4ec00ad560efa483d2273c95ca79d92.jpg,GLASS
train,train,glass2916_jpg.rf.c6c3aff3d92f168da63bd7c7ab27ccd0.jpg,GLASS
train,train,glass2917_jpg.rf.c4f2346dc3a5cdeb13e6337fdb6f28a9.jpg,GLASS
train,train,glass2919_jpg.rf.37dc77ed5da60fb7887f02042d9340e6.jpg,GLASS
train,train,glass2924_jpg.rf.d4b97e42aca26a1cba9aed0cd595b7b5.jpg,GLASS
train,train,glass2925_jpg.rf.bf8279ece8547e157682eb5303d05dc9.jpg,GLASS
train,valid,glass2926_jpg.rf.cc215fadaed58bc7d58207d9d39f9d48.jpg,GLASS
train,valid,glass2927_jpg.rf.a476aa0317c2c63a295cdb23b6e141a6.jpg,GLASS
train,train,glass2928_jpg.rf.25cbb8d06f8576b1ad3e9cfa7ea5d978.jpg,GLASS
train,valid,glass2929_jpg.rf.c069be9efc10a783e1922544818720f3.jpg,GLASS
train,train,glass292_jpg.rf.8a2fbe32a3a8a462184bc8993c66db34.jpg,GLASS
train,valid,glass2930_jpg.rf.8aee055cb7bd4396997ece91fd427898.jpg,GLASS
train,train,glass2932_jpg.rf.6350fbd520798899725b4aa5e163849a.jpg,GLASS
train,train,glass2935_jpg.rf.c2a6b10dd33d2d754af595a0af48acb0.jpg,GLASS
train,train,glass2936_jpg.rf.38d28fe3df1288f2050e302dd8874a72.jpg,GLASS
train,train,glass2938_jpg.rf.73fda62c8143d1b8ea885e41daa24c34.jpg,GLASS
train,valid,glass2940_jpg.rf.b9c14d2d1bb30aff51a4dccb09b78d12.jpg,GLASS
train,train,glass2942_jpg.rf.17a5a44ea0bc5b7fe9db9db0052a2a0d.jpg,GLASS
train,valid,glass2943_jpg.rf.84a58f8db302dd8e80794c616548fb47.jpg,GLASS
train,train,glass2946_jpg.rf.e1e36325ca17e4b3ba5f8bcee39e7e01.jpg,GLASS
train,valid,glass2947_jpg.rf.cbd2fe3e9bf7793f44034ecb60a784b2.jpg,GLASS
train,valid,glass2948_jpg.rf.c59e5255f3c3de066991a6194ea0449d.jpg,GLASS
train,train,glass294_jpg.rf.e058068055028ae2d062271f4a3e68cd.jpg,GLASS
train,valid,glass2950_jpg.rf.2f3c1c73537e6f027f8f6978ab656481.jpg,GLASS
train,train,glass2954_jpg.rf.58d1f11a33dc96a57cdfd8dc9a59b943.jpg,GLASS
train,train,glass2957_jpg.rf.8d5dce2f69fd596adaa8619d7ed3421d.jpg,GLASS
train,train,glass295_jpg.rf.d095860f7b9e26aca0c1052ad89aa7bd.jpg,GLASS
train,train,glass2960_jpg.rf.7a8469f55efc1cc97fff33a357e7677c.jpg,GLASS
train,train,glass2962_jpg.rf.a0958514b2d6aa2dcdfc4d453defd4e8.jpg,GLASS
train,train,glass2965_jpg.rf.41b3e9bc134234643cfd708c3d3d3156.jpg,GLASS
train,train,glass2967_jpg.rf.94551cb9bae911d8216486a328e2b305.jpg,GLASS
train,train,glass2969_jpg.rf.ca1369255d817dfeaf27db50b05a3dee.jpg,GLASS
train,train,glass296_jpg.rf.777dc22686d3bfe99ae29ad99ee74140.jpg,GLASS
train,train,glass2970_jpg.rf.1a07fe6080268037dbec0e9d294e8c3b.jpg,GLASS
train,train,glass2973_jpg.rf.b89fb4d7c9bf62b2a59e3edeb7a1388f.jpg,GLASS
train,train,glass2976_jpg.rf.8c7535a5cba8fd9fe5054c74c3fdd62d.jpg,GLASS
train,valid,glass2978_jpg.rf.847f4d867654be4a5c9a9dde2dacbae4.jpg,GLASS
train,valid,glass2979_jpg.rf.b74ad0a96999fd037d1b335c70ba3144.jpg,GLASS
train,train,glass297_jpg.rf.6e64f80faaf61612da8d7a6271ff8852.jpg,GLASS
train,train,glass2980_jpg.rf.998d338a9f2fc5cd46b51e890ebacc6e.jpg,GLASS
train,train,glass2981_jpg.rf.1de72f15398906fa5a8b75523539ef54.jpg,GLASS
train,valid,glass2982_jpg.rf.b7c084500fc11f34d501475126a3f47f.jpg,GLASS
train,train,glass2983_jpg.rf.416cdf54386ca59f073b93b9e9f68da7.jpg,GLASS
train,train,glass2985_jpg.rf.85ec2dea0685134fbe010463e64d42a6.jpg,GLASS
train,train,glass2987_jpg.rf.e9d4060983fb1da0710e36b7207d44e4.jpg,GLASS
train,train,glass2989_jpg.rf.ab66ab775227b84b8da8400e01776b5d.jpg,GLASS
train,train,glass298_jpg.rf.c3e40ff3b0fe674dc64f135ce34f3f84.jpg,GLASS
train,train,glass2994_jpg.rf.58f50fe4c99d9bbf5c9b13b3c2ac33d5.jpg,GLASS
train,valid,glass2995_jpg.rf.5356bd42f5385f292e77b2c213345d38.jpg,GLASS
train,train,glass2996_jpg.rf.686682c7d615f4efd8bddc2bbcea65f9.jpg,GLASS
train,train,glass2997_jpg.rf.091cac611edff3f6198dfb6d557436ce.jpg,GLASS
train,train,glass2998_jpg.rf.cc80729acfff38d1567ec763f491155f.jpg,GLASS
train,train,glass299_jpg.rf.f3e60f1a58eee5d52ca9a8db5f1d016a.jpg,GLASS
train,train,glass2_jpg.rf.83d640e675fb24424cce4fd5888dea7e.jpg,GLASS
train,train,glass3001_jpg.rf.9dbc0bb866b605975706220522c8212a.jpg,GLASS
train,valid,glass3004_jpg.rf.f09338fe6fd05336b5fcd46dc18905d3.jpg,GLASS
train,train,glass3005_jpg.rf.bc89269550655a868b5048e423ed1aff.jpg,GLASS
train,valid,glass3007_jpg.rf.cfbfe38a8b808a7ac58e646b51eeefc6.jpg,GLASS
train,valid,glass3008_jpg.rf.0e134eca9e2c1587f85ec994770d5eed.jpg,GLASS
train,train,glass300_jpg.rf.98eb64af9f0372f887a4febe753e4a01.jpg,GLASS
train,train,glass3012_jpg.rf.40f050a096f02e79d5189b9bc86e8d81.jpg,GLASS
train,valid,glass3013_jpg.rf.22834d29476c120b055c01794426244a.jpg,GLASS
train,train,glass3015_jpg.rf.f3c589d29d3c1519c0cfc1e116044bbe.jpg,GLASS
train,train,glass3016_jpg.rf.f9de489eea01a34f45f2ccae11577a0c.jpg,GLASS
train,train,glass3018_jpg.rf.9a3660194eaab2d21ae7841e5180fe5e.jpg,GLASS
train,train,glass3019_jpg.rf.0356d6847c4ded4561ba5bdf9c78fb23.jpg,GLASS
train,valid,glass3020_jpg.rf.f4dc6afe36806d48bca9b4b98e6b0d32.jpg,GLASS
train,valid,glass3021_jpg.rf.64997f9767727a25b8f88808eaf9fbb5.jpg,GLASS
train,train,glass3022_jpg.rf.31c7af4182da347e76d5900b43ab6a36.jpg,GLASS
train,train,glass3023_jpg.rf.6869c7d3b6ee7d7675a902bf1107b059.jpg,GLASS
train,valid,glass3024_jpg.rf.6b10db54a2ad5eac2286f7b309f64b53.jpg,GLASS
train,train,glass3025_jpg.rf.2db1695dd697862aca687ade9320dddf.jpg,GLASS
train,train,glass3027_jpg.rf.81a2f48fba5c87cd1872dfab22a81bea.jpg,GLASS
train,train,glass3028_jpg.rf.2d86c6ae2a2f08b1b45c59fe1fc2ab55.jpg,GLASS
train,valid,glass3030_jpg.rf.cdaad2f9d847b651e6ec6634e7e16871.jpg,GLASS
train,train,glass3034_jpg.rf.bce457dd188e40263ccfba422911498a.jpg,GLASS
train,valid,glass3035_jpg.rf.929be3c9d221f9bda57bf4b7eddf1358.jpg,GLASS
train,train,glass303_jpg.rf.411d87d683d230d075144359db7d0e7c.jpg,GLASS
train,train,glass3046_jpg.rf.256d6abe396f9452dc1b8c0644966b8f.jpg,GLASS
train,train,glass3049_jpg.rf.55433b5fd2d6b0eae1cf9c6eb9921b17.jpg,GLASS
train,train,glass304_jpg.rf.88aee84476c15eed93f03604fff453ed.jpg,GLASS
train,train,glass3050_jpg.rf.4614fc463d1b42c70e7ae73392868b5e.jpg,GLASS
train,train,glass3051_jpg.rf.29d10b67290b3976665ea4b04cb102d4.jpg,GLASS
train,train,glass3052_jpg.rf.0e0517b58e62f6c9ce14a8437ceb2264.jpg,GLASS
train,train,glass3054_jpg.rf.4a313f7bb0921bd9c5abdf18d8d7e5c1.jpg,GLASS
train,train,glass3056_jpg.rf.9299d733d078e66f83ed939bf8f41a09.jpg,GLASS
train,train,glass3057_jpg.rf.2ab08137e4ad027a786d1ebcc413afd2.jpg,GLASS
train,valid,glass3059_jpg.rf.2d8317866e6b3923c079adb12c893a21.jpg,GLASS
train,train,glass305_jpg.rf.288df6c3069129fdc90f2a4e1454ba1c.jpg,GLASS
train,valid,glass3060_jpg.rf.ce85345ae418d12a2181458c76868133.jpg,GLASS
train,train,glass3062_jpg.rf.3d8bca3a1b6fd3d41e84ef888b28dc54.jpg,GLASS
train,train,glass3064_jpg.rf.241bcea03f6936f7f1da283d1bb974d6.jpg,GLASS
train,train,glass3066_jpg.rf.f3b316cef693c28ade0e0c1e1394dab0.jpg,GLASS
train,valid,glass306_jpg.rf.fd8bed0ff50ccbbbb8c96a3b45b5a0e6.jpg,GLASS
train,valid,glass3071_jpg.rf.67a7a1fc75e81431fb302c094f0c83e0.jpg,GLASS
train,valid,glass3074_jpg.rf.424f34dc9246ec2992d4a7e7ff201ce3.jpg,GLASS
train,valid,glass3076_jpg.rf.3b92644b1f788492971edf9b764919f3.jpg,GLASS
train,train,glass3077_jpg.rf.5816248ca3358550a7653c2fadf718ef.jpg,GLASS
train,train,glass3078_jpg.rf.dc788e888dbd189329427704c52f006b.jpg,GLASS
train,valid,glass3079_jpg.rf.ab642b3cda32ba64e1af4510f792e3df.jpg,GLASS
train,train,glass3080_jpg.rf.eafd66906b93de74eb557a14c04d366f.jpg,GLASS
train,train,glass3081_jpg.rf.2382405b52ca53257f6fdf9e9e8744e5.jpg,GLASS
train,train,glass3082_jpg.rf.1ed894af8ab11f5e9d645365960e89d3.jpg,GLASS
train,train,glass3083_jpg.rf.99f52befdc627c89f94d9a91655262d1.jpg,GLASS
train,train,glass3084_jpg.rf.5c5def1be3f7247ff6c2d4b9c84f941c.jpg,GLASS
train,train,glass3086_jpg.rf.dc2b0b25463fe68f4c472026a84293fd.jpg,GLASS
train,valid,glass3087_jpg.rf.467bf1499aa9c7b27acbbb9eed4c5226.jpg,GLASS
train,train,glass308_jpg.rf.af00cb3c529ea6706f925533e87d98ad.jpg,GLASS
train,train,glass3092_jpg.rf.aa7b804c07bd73b953a891363623dfc5.jpg,GLASS
train,train,glass3095_jpg.rf.b0639d25e5e15a6352390650afc476f4.jpg,GLASS
train,train,glass309_jpg.rf.306f492ddf20977fd859ee029bb07195.jpg,GLASS
train,valid,glass3100_jpg.rf.36c4bf8b42717160bdcb3513ce9a2c82.jpg,GLASS
train,valid,glass3101_jpg.rf.1d4b34a6c1cc7e366a462117f3c6a4d5.jpg,GLASS
train,valid,glass3103_jpg.rf.107b716996c40c9918098af37a574bed.jpg,GLASS
train,train,glass3104_jpg.rf.91c5b5aee17e882962d6d20d82f85372.jpg,GLASS
train,valid,glass3106_jpg.rf.33a2164cba62d5d1206614695e59e9f7.jpg,GLASS
train,train,glass3107_jpg.rf.ac992a16cf1c74d07d8c17299e780159.jpg,GLASS
train,train,glass3109_jpg.rf.f374b0dccce4c0deec017011a17282a7.jpg,GLASS
train,valid,glass3112_jpg.rf.e54dd7208d5fc3bd9aa035a5cd13de1e.jpg,GLASS
train,valid,glass3113_jpg.rf.c95bd69187f55f061ae06587e4fbe032.jpg,GLASS
train,train,glass3115_jpg.rf.256974a8bbc4418f04f6377e6a2edb85.jpg,GLASS
train,valid,glass3116_jpg.rf.e5a1c576a3d466af3f6812e7459ea996.jpg,GLASS
train,train,glass3118_jpg.rf.d093c14e58c00e7cea138ee419341ff4.jpg,GLASS
train,valid,glass3120_jpg.rf.a02c30fff7d8e58e4610a7e36430d742.jpg,GLASS
train,train,glass3122_jpg.rf.0d0e7caabecc89aff99122b0d30a8776.jpg,GLASS
train,train,glass3123_jpg.rf.ebd0fe0e89e02fac63444c79d9ee3016.jpg,GLASS
train,train,glass3124_jpg.rf.49e14e8546abe23f69c38f9366dcb89f.jpg,GLASS
train,valid,glass3129_jpg.rf.85b162ec3e4f226ebe0828720f608259.jpg,GLASS
train,train,glass3130_jpg.rf.7a5d3efa7ec00ceb45eacffeceb53a78.jpg,GLASS
train,train,glass3131_jpg.rf.b9da60f1ec779bd57da1f0118e622a10.jpg,GLASS
train,train,glass3132_jpg.rf.3a53ffa9c62f9a500b260fb748ce73b8.jpg,GLASS
train,train,glass3135_jpg.rf.092e30410ee49068e65c320932b6bb68.jpg,GLASS
train,valid,glass3136_jpg.rf.2297658657b933539d761801f101c436.jpg,GLASS
train,train,glass3137_jpg.rf.fc9af212b0ca19b8b1234c661bd37631.jpg,GLASS
train,train,glass3138_jpg.rf.218fdd5a8a59037a6106de3cb6de2d00.jpg,GLASS
train,valid,glass313_jpg.rf.326cb841db908a8076b8f72fa7ec0e0f.jpg,GLASS
train,train,glass3141_jpg.rf.8448a7e6c4389c07508037ae6d92646c.jpg,GLASS
train,valid,glass314_jpg.rf.c771a43ac9b5da9b18a818acb01613ab.jpg,GLASS
train,train,glass315_jpg.rf.49a2401732ab1e362aab95e544522b3c.jpg,GLASS
train,train,glass316_jpg.rf.8300df83d32b91e0546dc4d25922448b.jpg,GLASS
train,valid,glass317_jpg.rf.dd0061f1e9f7681a7cfa76e5b1497118.jpg,GLASS
train,train,glass318_jpg.rf.66f5020c7cfdeeed5941211ae18c65f4.jpg,GLASS
train,train,glass31_jpg.rf.57df8fe3b63399076ae482d736ed828e.jpg,GLASS
train,train,glass321_jpg.rf.3e5822eff03151ef6fb5580480adb905.jpg,GLASS
train,valid,glass322_jpg.rf.bf40213fb4a1891198a93aa2449d94c5.jpg,GLASS
train,valid,glass323_jpg.rf.3883880585ec33fac2be5c8ebb8e344f.jpg,GLASS
train,valid,glass325_jpg.rf.d95ef3c93099c8022f1eb5c864be87f3.jpg,GLASS
train,train,glass326_jpg.rf.fdfd818131d90065e691d4e4907a4819.jpg,GLASS
train,train,glass327_jpg.rf.314d181576315d5cd0004914e6fe2300.jpg,GLASS
train,train,glass329_jpg.rf.6ae746f4973601466d05534f27d0d14c.jpg,GLASS
train,train,glass32_jpg.rf.ce34a418c4bf7dadb44bd4d642fdc270.jpg,GLASS
train,train,glass330_jpg.rf.af169f3d58d7b2c3739b03906a4f7055.jpg,GLASS
train,train,glass331_jpg.rf.a6eb8f32772a081f582d349c69d06303.jpg,GLASS
train,train,glass332_jpg.rf.2c59842bbe8c0b79c886c22db02af9c8.jpg,GLASS
train,train,glass333_jpg.rf.74e2bf80a951689465f876f5f8aa937c.jpg,GLASS
train,train,glass334_jpg.rf.a4bc333bb725ddccdfac65d5eeeac496.jpg,GLASS
train,train,glass339_jpg.rf.4961eb491057638ba99c4aaf89ca7c0d.jpg,GLASS
train,train,glass33_jpg.rf.1f24d3d8235a8a764ed7156ef71127d0.jpg,GLASS
train,train,glass341_jpg.rf.c5eaba9ba8bebf91adac0875fbbdf623.jpg,GLASS
train,train,glass342_jpg.rf.1c4bb84e9da10a3c27758f9f1184f76c.jpg,GLASS
train,train,glass343_jpg.rf.e7468c577af4bff47d40053c50d55fb8.jpg,GLASS
train,valid,glass344_jpg.rf.c96845176a88630c45fb0e6443c12e5a.jpg,GLASS
train,valid,glass345_jpg.rf.a41de2c86dca1f300f75cd085c046c4c.jpg,GLASS
train,valid,glass346_jpg.rf.e0e4fe3c1995af977217330ae4fe36a9.jpg,GLASS
train,train,glass348_jpg.rf.d792447a628ef3daa0f1f093baaeed43.jpg,GLASS
train,train,glass349_jpg.rf.454d232e3533af2fb785a703cc314f08.jpg,GLASS
train,valid,glass34_jpg.rf.8bb455b5303393f76b7c2d1e9d6a09bc.jpg,GLASS
train,train,glass350_jpg.rf.6aa7c898a815af7d255ab28004eec27d.jpg,GLASS
train,train,glass351_jpg.rf.91af0c5dae7a84b364426aae3d18ee19.jpg,GLASS
train,train,glass352_jpg.rf.4081d85f906a2f47f10d0fb7cf472cd2.jpg,GLASS
train,train,glass353_jpg.rf.73c571a253136cbd0516d18cf6696bc7.jpg,GLASS
train,train,glass356_jpg.rf.0616acaafa021eb64cedb57d552b8439.jpg,GLASS
train,train,glass357_jpg.rf.93ac68ddb6f905c387ffcadc810b54b0.jpg,GLASS
train,valid,glass359_jpg.rf.9d26f06430f00ee01af49c5597777fd9.jpg,GLASS
train,valid,glass35_jpg.rf.8c802fbdb4aa8d8f874e8a4207e9a855.jpg,GLASS
train,train,glass360_jpg.rf.35f9bfb5314127b23f0ec92611f56461.jpg,GLASS
train,train,glass361_jpg.rf.19e79796a88bfa7287e091af654f52df.jpg,GLASS
train,valid,glass364_jpg.rf.684794dcd97b9b5fc09a3089b71be77b.jpg,GLASS
train,train,glass366_jpg.rf.59d17830306f1db1b7062af3aa76bca8.jpg,GLASS
train,valid,glass367_jpg.rf.d58f9356d8559778d4f2510e78cb32d5.jpg,GLASS
train,train,glass368_jpg.rf.aa5d5f7236993072ea5c317c69870206.jpg,GLASS
train,train,glass371_jpg.rf.c388114f7671eb9c37f5f9e521ef487f.jpg,GLASS
train,train,glass372_jpg.rf.d02d75a291bf2d8c5070302c2660800a.jpg,GLASS
train,train,glass373_jpg.rf.4d423bd83b83ef2a848275cb2a31f401.jpg,GLASS
train,train,glass374_jpg.rf.fddfc7f17981ce9d83bd0403391d5ca8.jpg,GLASS
train,train,glass375_jpg.rf.9ed3d9652d359b250b38ad986b8e64a2.jpg,GLASS
train,valid,glass376_jpg.rf.c0b4ff055a9385ca371e541de1508d18.jpg,GLASS
train,train,glass377_jpg.rf.58da6c890e3fa5631c360215d3d47cb0.jpg,GLASS
train,valid,glass378_jpg.rf.324c6361dc915fdce73ec993417e878d.jpg,GLASS
train,train,glass379_jpg.rf.aa58c7e1a89a8a898d8f34d2f0b438c0.jpg,GLASS
train,valid,glass37_jpg.rf.9456f8317a734c3cef66ba2be94db3e1.jpg,GLASS
train,train,glass381_jpg.rf.343abc0f726dafd141408ee2b165598a.jpg,GLASS
train,valid,glass383_jpg.rf.a5288949e3ceb50725641da3400e7d3b.jpg,GLASS
train,valid,glass386_jpg.rf.4ef3346e3a6d7330de3afa5da86d439e.jpg,GLASS
train,valid,glass387_jpg.rf.b8c09cc931cbd87e24c9bdf0fd965655.jpg,GLASS
train,valid,glass388_jpg.rf.1d2a2a29c2fc146ae54b51150bb26f75.jpg,GLASS
train,train,glass389_jpg.rf.8928d5a9637ac75850e5f6bcfb9079de.jpg,GLASS
train,train,glass38_jpg.rf.5143f7ffb7aeb9f2501ab6afa41ba516.jpg,GLASS
train,train,glass390_jpg.rf.1e682dcf0c6d52eee34533b4bd8d461d.jpg,GLASS
train,valid,glass392_jpg.rf.474883ce8221654b0449d6323e7d121d.jpg,GLASS
train,train,glass393_jpg.rf.cc5595c4a8799e9cf3bba296ac2ee9b4.jpg,GLASS
train,train,glass395_jpg.rf.0ac4466342e22bacf2871f7ca3edb31a.jpg,GLASS
train,valid,glass396_jpg.rf.563aab6edddaae1aee5959d85bcbc7ad.jpg,GLASS
train,valid,glass397_jpg.rf.e13177e4d415e296ceedfac665f2118f.jpg,GLASS
train,train,glass398_jpg.rf.5713c948932b2fc4b587b33eced279a0.jpg,GLASS
train,train,glass399_jpg.rf.e0efbe5c144c471ceb08178df060d10a.jpg,GLASS
train,valid,glass39_jpg.rf.ad156cb76ec510a619e74fd0b27f0a1d.jpg,GLASS
train,valid,glass403_jpg.rf.d69bbccd68c9d7e809543fc9e7fcb38f.jpg,GLASS
train,train,glass404_jpg.rf.dc3d4ec94f265f2f52965eccad28938c.jpg,GLASS
train,train,glass405_jpg.rf.24f6048ea2f9670ff6b5ea47fd78a9d3.jpg,GLASS
train,train,glass406_jpg.rf.a7a65df08b398a2705112689d3481cec.jpg,GLASS
train,train,glass407_jpg.rf.f2720ace1256054f4e41009ddb8db1b0.jpg,GLASS
train,train,glass408_jpg.rf.a920a50c1dc9e6c2c40f003cb164bdf2.jpg,GLASS
train,train,glass40_jpg.rf.df0d7fe0b0c2d0b203252a5b67ca35c5.jpg,GLASS
train,train,glass410_jpg.rf.4da19431db5f8a22da231c600b642fcd.jpg,GLASS
train,train,glass411_jpg.rf.a1554124b8bca22173e20440163b9fa2.jpg,GLASS
train,train,glass412_jpg.rf.453ba802817a9bb86f2ebbd3146a5a68.jpg,GLASS
train,train,glass414_jpg.rf.2ce42177803e6fd56882d3fea9e256c5.jpg,GLASS
train,valid,glass416_jpg.rf.02a06d79af55c99047a74ba8b0b3192c.jpg,GLASS
train,train,glass417_jpg.rf.f5e6fc6345e9dede4540d3d13f79b7ff.jpg,GLASS
train,train,glass418_jpg.rf.e828696fe12760d54f699066c7e28308.jpg,GLASS
train,train,glass419_jpg.rf.dd7bf5fcd275698927688a00ac80aff5.jpg,GLASS
train,valid,glass421_jpg.rf.3a08080122f3f9064fbee2976081fdcd.jpg,GLASS
train,valid,glass422_jpg.rf.718698e9533c112156b9b82618ff6ca1.jpg,GLASS
train,train,glass423_jpg.rf.335d5b92bdf5001562ae570196bca068.jpg,GLASS
train,train,glass424_jpg.rf.3636f30f52805cfee956c13e54237ce8.jpg,GLASS
train,train,glass425_jpg.rf.4db08832b479c6207c143071e555ee4d.jpg,GLASS
train,train,glass426_jpg.rf.3d4fed2a48ab65c76dfe894921b06427.jpg,GLASS
train,train,glass427_jpg.rf.e48829f7d5888a75b20c78186f356e4a.jpg,GLASS
train,train,glass429_jpg.rf.84b40167fdc57cc8e6ccfd46fc5c514d.jpg,GLASS
train,train,glass42_jpg.rf.305af4a3a6c381cd88bce37925695bd1.jpg,GLASS
train,train,glass432_jpg.rf.881bcb73d854b2aece5c7dfde6af542c.jpg,GLASS
train,train,glass433_jpg.rf.7e572dbc3a83d604244a82786f221bca.jpg,GLASS
train,valid,glass434_jpg.rf.cc5fcaef01921694757984eeec37dfd3.jpg,GLASS
train,train,glass435_jpg.rf.b409886102054683f346f1301ae4e6cb.jpg,GLASS
train,train,glass437_jpg.rf.6a1b7338bb23eba6d2495c43f0480308.jpg,GLASS
train,train,glass438_jpg.rf.d04a2eeb69feae6fcb7eae5ca53ba1cc.jpg,GLASS
train,valid,glass439_jpg.rf.057f5e3e6027a54ed35c4d2beffdeb7e.jpg,GLASS
train,valid,glass43_jpg.rf.4dc09183ce891e4bcb0dae005ecc8935.jpg,GLASS
train,valid,glass440_jpg.rf.b601274c86a6ad6f80d60a4254f24511.jpg,GLASS
train,valid,glass441_jpg.rf.891f91c5bd2bae5ebea417aa9e238a95.jpg,GLASS
train,train,glass443_jpg.rf.be17b93bff28517b533366ddbe7a35f7.jpg,GLASS
train,valid,glass444_jpg.rf.ffa3e64c56ac01422e0e972af227f154.jpg,GLASS
train,train,glass446_jpg.rf.4dfc858b54b24e2c6496b4e0d2b890e3.jpg,GLASS
train,train,glass447_jpg.rf.93709153031384f4b6525b5a2ef46f05.jpg,GLASS
train,valid,glass448_jpg.rf.c2ca009bd3c4bed139efcbf9ee386f28.jpg,GLASS
train,train,glass449_jpg.rf.a70d9471e677231d4dedda8c241e4348.jpg,GLASS
train,valid,glass44_jpg.rf.3927ccc43cfdb0f3adde7eede402925f.jpg,GLASS
train,train,glass451_jpg.rf.d3c403f906f6e4e56c266eb792edfa9d.jpg,GLASS
train,train,glass452_jpg.rf.e566babd5b9b2086046cde8dd1e42a3d.jpg,GLASS
train,train,glass453_jpg.rf.c66ed55c8447b2dc775a1dbcab9aeab4.jpg,GLASS
train,train,glass456_jpg.rf.a1b699da226373323d99f785c3e402c6.jpg,GLASS
train,valid,glass457_jpg.rf.6cbd79f4c9c765e5e84612b7f7814063.jpg,GLASS
train,valid,glass459_jpg.rf.7576350322aff817ae04542001c6db97.jpg,GLASS
train,train,glass460_jpg.rf.e3a72639f8ca4ea4cae3223057bf6028.jpg,GLASS
train,valid,glass461_jpg.rf.37af5969bb327eb67067a85d764ccae0.jpg,GLASS
train,train,glass462_jpg.rf.2932daa2a027f6484b31849e56e3444c.jpg,GLASS
train,train,glass463_jpg.rf.af8a4587e61779fd3080ee1b31bcaeca.jpg,GLASS
train,valid,glass466_jpg.rf.dff468f056276c86759a87712dc1e8f5.jpg,GLASS
train,train,glass468_jpg.rf.3025782b53bdb5ff3440be9b47f87c51.jpg,GLASS
train,valid,glass469_jpg.rf.d0efe4d05a0b83e2d61770068edd0283.jpg,GLASS
train,train,glass470_jpg.rf.601105f8069c7c1c6ac2898d7454edcd.jpg,GLASS
train,valid,glass471_jpg.rf.9a95349b044b210c46c422f2ad024d06.jpg,GLASS
train,train,glass473_jpg.rf.0fbe4cce14ce121501c179ade6537a04.jpg,GLASS
train,valid,glass475_jpg.rf.545605a6cd66c6812c6326f9f18a9f7d.jpg,GLASS
train,valid,glass476_jpg.rf.fc8c02dca1f9dc97133f2e01cddd2ff3.jpg,GLASS
train,train,glass477_jpg.rf.6cd7db6fa210bfe552bff61f29e8d6e0.jpg,GLASS
train,train,glass478_jpg.rf.506903fe2a63a1caca491296b52a94c3.jpg,GLASS
train,train,glass479_jpg.rf.6d15c027036e92cfb899fa4baac97304.jpg,GLASS
train,train,glass482_jpg.rf.c4253eb8a856c606933c83acbc2fe124.jpg,GLASS
train,train,glass483_jpg.rf.ffe904c9773ac81d35ee09c0e72b6ab4.jpg,GLASS
train,valid,glass485_jpg.rf.d5ac4dc678ec5756f1fec48db23b0fee.jpg,GLASS
train,train,glass486_jpg.rf.3283b31bdd3f412cf990cf827d8b2c7d.jpg,GLASS
train,train,glass487_jpg.rf.f3ecfd78aa95c2196085257e40f92185.jpg,GLASS
train,train,glass488_jpg.rf.88caa056a1a274d0a70820f9c043ecae.jpg,GLASS
train,train,glass489_jpg.rf.6b4eea1175f8199f79ad17b2e66459e5.jpg,GLASS
train,train,glass490_jpg.rf.22e3c9913ba282f19bba92edb588b17e.jpg,GLASS
train,valid,glass493_jpg.rf.bba2c5b8aebe89210b19c703b4dbdba9.jpg,GLASS
train,train,glass494_jpg.rf.569c86cb40976afcac86d0ba2b147c87.jpg,GLASS
train,train,glass496_jpg.rf.34c1d1b643eb5a965650b3b3c1e998e5.jpg,GLASS
train,valid,glass498_jpg.rf.d93a96c70fe4cf8249be7883f24aa44a.jpg,GLASS
train,train,glass49_jpg.rf.c079de154e7710bf1f3befe36d3745df.jpg,GLASS
train,valid,glass500_jpg.rf.15d40b6bcc24c9681daddb2f5dc259d6.jpg,GLASS
train,train,glass501_jpg.rf.434ce1dfd77bf97617aa6fa8cea5a7e2.jpg,GLASS
train,train,glass503_jpg.rf.ce49a30a63b54e99eabeb17b2addd826.jpg,GLASS
train,valid,glass504_jpg.rf.85a75d1c527a35a1f8fca14f109423a9.jpg,GLASS
train,train,glass505_jpg.rf.21c4e8149f6b54b58059645c382ad957.jpg,GLASS
train,train,glass506_jpg.rf.11e14d50feb2bad1bda63c9e631d315c.jpg,GLASS
train,valid,glass507_jpg.rf.4e259512be38ad8bca7f4fcf5e34f94a.jpg,GLASS
train,train,glass50_jpg.rf.ac8b138d68878553e385490122fbe3ae.jpg,GLASS
train,valid,glass510_jpg.rf.b180f6c01bb7190aa15c3aa768a87284.jpg,GLASS
train,valid,glass511_jpg.rf.075521d81d5e57d38403280b62b0ee6a.jpg,GLASS
train,valid,glass513_jpg.rf.77dbc640bd0b6ee6d2efb9a1e801fbe8.jpg,GLASS
train,train,glass514_jpg.rf.2eaba1c47b160ce45b3d33add2ebd968.jpg,GLASS
train,train,glass515_jpg.rf.6be0ab7f7a024e22c909d2eaf7f84de3.jpg,GLASS
train,train,glass517_jpg.rf.3d35e3ba0649b39e326c6bfc1134016a.jpg,GLASS
train,train,glass518_jpg.rf.9dafa4d9a0ba1ffca54eef97830d4321.jpg,GLASS
train,train,glass519_jpg.rf.c9f9c027e79395a380b0f599299701ee.jpg,GLASS
train,valid,glass520_jpg.rf.67c9e3f1171927728b5381c6cc4d6075.jpg,GLASS
train,train,glass521_jpg.rf.b84f39a79e06f9f8603914d30310e964.jpg,GLASS
train,train,glass523_jpg.rf.72ea9c47600528eb2d56edd002bb3000.jpg,GLASS
train,train,glass525_jpg.rf.365a165325cb130c407ffcc62c7085cc.jpg,GLASS
train,train,glass526_jpg.rf.954d2a09c1b637baa0cc272e24445ce4.jpg,GLASS
train,train,glass527_jpg.rf.f68a559068dddd3c7bc467e6ee536788.jpg,GLASS
train,train,glass528_jpg.rf.92dbaf13fa46ae09f67b7019b9df8cff.jpg,GLASS
train,train,glass529_jpg.rf.6db652a5c4ce55e58d52e155c7f05f70.jpg,GLASS
train,train,glass52_jpg.rf.0233a74b91fdfdeb3ae1693f3cffe785.jpg,GLASS
train,valid,glass532_jpg.rf.be69893f72a8456e055028ec3e7bb188.jpg,GLASS
train,train,glass533_jpg.rf.6e085877e188439ec0af9f33b56a9176.jpg,GLASS
train,train,glass534_jpg.rf.cca2397297cede852747513487aaf72d.jpg,GLASS
train,valid,glass536_jpg.rf.12f8287ce7638a8a34d5654a67142593.jpg,GLASS
train,train,glass537_jpg.rf.84ef7ecc38f861d75dc3e21ba6f11ed9.jpg,GLASS
train,train,glass539_jpg.rf.aebb50948c010d1c91ddc6bc1ec37a39.jpg,GLASS
train,train,glass540_jpg.rf.434ef499fd872fed1463eac024f98a24.jpg,GLASS
train,valid,glass541_jpg.rf.0766103c3744f1add7009e4fe18d7232.jpg,GLASS
train,train,glass543_jpg.rf.299d3f2945af7230199c9ce60c33c7af.jpg,GLASS
train,train,glass545_jpg.rf.06a60d578ab25321fcc90533cbb1b458.jpg,GLASS
train,train,glass547_jpg.rf.3fd229455c751a40308af0bf57b65cf6.jpg,GLASS
train,train,glass548_jpg.rf.cef8cb9f38aa5e5fd74efdcf7706a373.jpg,GLASS
train,train,glass549_jpg.rf.8b2ffc27daca0751a00e9f5b7e973c6d.jpg,GLASS
train,train,glass54_jpg.rf.1e69822bc9e53e409dc0bf4e82f6a603.jpg,GLASS
train,train,glass550_jpg.rf.f97b1e5e0f6540937354ee5f6d231f04.jpg,GLASS
train,train,glass551_jpg.rf.836ac52bb67ecd39713e53b2ece3a316.jpg,GLASS
train,train,glass552_jpg.rf.216a45657a7ed9fc318986a82c25cf93.jpg,GLASS
train,train,glass556_jpg.rf.01e7e1f2adaa39bc27d05a6c405f7762.jpg,GLASS
train,train,glass557_jpg.rf.aada8cfe6367864085ea44798593c93a.jpg,GLASS
train,train,glass558_jpg.rf.1c36698271721459d383bbb5448b4384.jpg,GLASS
train,valid,glass55_jpg.rf.61704ddd33659b6c2b96b8c09dcbc7d8.jpg,GLASS
train,train,glass562_jpg.rf.76556e62eff46171ed0708c0ee663260.jpg,GLASS
train,train,glass564_jpg.rf.2e83b872464ed869387f297ad37d0935.jpg,GLASS
train,valid,glass565_jpg.rf.9503b0776ea25c7c9622ac0d0d379ad1.jpg,GLASS
train,train,glass567_jpg.rf.600651daf886bc5ddd167779e3a76126.jpg,GLASS
train,train,glass568_jpg.rf.6dc684f67f5bfc4fb20f307398f2bdc9.jpg,GLASS
train,train,glass569_jpg.rf.26d9577590045d26333b7c45fb769eec.jpg,GLASS
train,train,glass56_jpg.rf.f26c82c93e137a0efa83f57b27ef84c4.jpg,GLASS
train,valid,glass571_jpg.rf.74e7770229243145c554555f98418110.jpg,GLASS
train,train,glass572_jpg.rf.4f03ba8072b23d5ca2559f5c581aa119.jpg,GLASS
train,train,glass576_jpg.rf.eabfd98da23cdc0f33ca2c5d7983f141.jpg,GLASS
train,valid,glass578_jpg.rf.ba1ef79b6fb7ae57b71a5e0f1850b7ed.jpg,GLASS
train,valid,glass579_jpg.rf.4549c4b1df5d1940ee54a13b83332bd6.jpg,GLASS
train,train,glass57_jpg.rf.1ba49bdc4e00f6e7911a6986149be70c.jpg,GLASS
train,valid,glass580_jpg.rf.09ab70b9c143eba78c2d963d0e8a6040.jpg,GLASS
train,valid,glass584_jpg.rf.cf1620a835c053ac737451e91de4814e.jpg,GLASS
train,train,glass585_jpg.rf.d6a192619e6f02bd9695ab356c7e85c5.jpg,GLASS
train,train,glass586_jpg.rf.8988f7b88523c04d4b5f7290fe57dc40.jpg,GLASS
train,train,glass587_jpg.rf.4d74f8a81d0f553fbeb70da50efcfad0.jpg,GLASS
train,train,glass588_jpg.rf.51f63a7d6fe309db4594e9bb0556ae61.jpg,GLASS
train,valid,glass593_jpg.rf.55f4fa5a6f70ed599671bd5966173219.jpg,GLASS
train,train,glass595_jpg.rf.39c8a9723052aca00fbf93fe7984db6a.jpg,GLASS
train,train,glass596_jpg.rf.99f8268de3e7433cb986f00bcb96084a.jpg,GLASS
train,train,glass598_jpg.rf.65fb3326f4372f562ac1b1fa55561317.jpg,GLASS
train,train,glass599_jpg.rf.aa11563cf98e73d52e53c6e71daa9508.jpg,GLASS
train,train,glass59_jpg.rf.dfcda0724130aab6cedc5df33793164d.jpg,GLASS
train,train,glass600_jpg.rf.f87c332c22b0141932d80669d8e29929.jpg,GLASS
train,train,glass601_jpg.rf.359d55f8fbc27ffe22a57f8149d4e65b.jpg,GLASS
train,train,glass603_jpg.rf.2d975d494c2f25d63491b02c77f43615.jpg,GLASS
train,train,glass604_jpg.rf.b120827edc1c6e5ae0ab432c97b97e92.jpg,GLASS
train,valid,glass606_jpg.rf.09261eeb04c26e263123b7ce0da7eabf.jpg,GLASS
train,train,glass608_jpg.rf.be122c37ff5423dd6a4b5898e7132f73.jpg,GLASS
train,train,glass609_jpg.rf.47138b417f73b983d1d78b8df99b923c.jpg,GLASS
train,train,glass60_jpg.rf.3bf0a750873552cd7505d69dc62a9381.jpg,GLASS
train,train,glass610_jpg.rf.858e8a48378d643c2050a003fd09d345.jpg,GLASS
train,train,glass611_jpg.rf.ea8a8ffd08876325713110de2354d799.jpg,GLASS
train,train,glass612_jpg.rf.a98641add53d05e4c3f4147db95dba00.jpg,GLASS
train,valid,glass613_jpg.rf.96132eedea5a44cae2bbef0e83098208.jpg,GLASS
train,train,glass614_jpg.rf.1551bfe322fe241de597f9c3444a0d4b.jpg,GLASS
train,train,glass615_jpg.rf.d299642068b6ccdce965da0cd495d161.jpg,GLASS
train,valid,glass616_jpg.rf.d9787e5b049cece71f17d3377f07f7a2.jpg,GLASS
train,train,glass617_jpg.rf.163700c73b1598b43db7c13707c373a1.jpg,GLASS
train,train,glass618_jpg.rf.dea61414765ccc73d9abf0391e3f04ce.jpg,GLASS
train,valid,glass619_jpg.rf.12fe962db8d302b33157cb0c8aaa49e0.jpg,GLASS
train,valid,glass61_jpg.rf.ed564ac1aae39bfcc346c607d098a1f4.jpg,GLASS
train,valid,glass620_jpg.rf.bf5d2105de8769007f350e1ab102fa37.jpg,GLASS
train,train,glass621_jpg.rf.08bb1eb0c002c91bd3138b931c698ff6.jpg,GLASS
train,train,glass622_jpg.rf.3d61e7b756292a0ace5389094ebff7be.jpg,GLASS
train,train,glass623_jpg.rf.1c8a8b0ef4001ea62ef1846744b06741.jpg,GLASS
train,train,glass627_jpg.rf.b868978bf661e3dc344f6a18e08f8dfb.jpg,GLASS
train,train,glass628_jpg.rf.85b74c936f9af38b987443e434fbe82e.jpg,GLASS
train,train,glass62_jpg.rf.4ed11c8ba30351cf7ea2d4d3cd912e8d.jpg,GLASS
train,train,glass631_jpg.rf.864cede55f0b2d847498e17df894506a.jpg,GLASS
train,train,glass632_jpg.rf.7248ce37b2ce0ce21384e925bba3f46e.jpg,GLASS
train,train,glass633_jpg.rf.482b3debc18a011817ca039238be999e.jpg,GLASS
train,train,glass637_jpg.rf.76f6bebf16f94b33ccfaa9ad54b85107.jpg,GLASS
train,train,glass638_jpg.rf.ea40857a07d283207957efa429a736f4.jpg,GLASS
train,train,glass639_jpg.rf.6ef1ed31ce6bb676fa7539195272a284.jpg,GLASS
train,train,glass63_jpg.rf.a80059e85a6b361c4cd0783bfdd25800.jpg,GLASS
train,train,glass641_jpg.rf.65611ac887b137141c85bc4bbfdcdc11.jpg,GLASS
train,train,glass642_jpg.rf.4e7542f92f8e66e037ff6c2c06533e1e.jpg,GLASS
train,train,glass644_jpg.rf.4ab181179dde706e1155bc359c9b9cc2.jpg,GLASS
train,train,glass645_jpg.rf.ed27073c258d736abcdd91b7f8a280f4.jpg,GLASS
train,train,glass647_jpg.rf.75205379012d94bc7a56b7ddfab37940.jpg,GLASS
train,train,glass649_jpg.rf.b5cb368d110291dbe3fbbf2125cb7824.jpg,GLASS
train,valid,glass650_jpg.rf.65bf65d505c4edeb9eb3f422169da37d.jpg,GLASS
train,train,glass651_jpg.rf.efdd49103b73d670a78052328f1db1cf.jpg,GLASS
train,train,glass652_jpg.rf.07f965aaf2931c1c3b019f89364bc74a.jpg,GLASS
train,train,glass654_jpg.rf.6f73292810352efb6f44104ea5f0d750.jpg,GLASS
train,valid,glass655_jpg.rf.e1f5f0ce4cea246f3d73e524a6585c3f.jpg,GLASS
train,train,glass658_jpg.rf.316bdcf6895f9a575bda9c9e9fbfcb44.jpg,GLASS
train,train,glass659_jpg.rf.461e8aacc75d80de85f085507c3cc348.jpg,GLASS
train,train,glass660_jpg.rf.916c17e67186c933d69ec568a77f4652.jpg,GLASS
train,valid,glass662_jpg.rf.37124e21d2f2e19f4ca6e28d2b182729.jpg,GLASS
train,train,glass663_jpg.rf.6bf0243b718dca22e9f8f7cc057de140.jpg,GLASS
train,valid,glass664_jpg.rf.7f1f2043e5b59349a4fa4e58baf98c3a.jpg,GLASS
train,train,glass665_jpg.rf.f9de8db33267f5f61d8dd3447c85be50.jpg,GLASS
train,train,glass666_jpg.rf.8e96ff4dcbcb491af1723656e715dded.jpg,GLASS
train,train,glass668_jpg.rf.0b4503a0f85ebe05481f34e9843d0654.jpg,GLASS
train,valid,glass66_jpg.rf.5c914a78aa84b69de5b368679e80d056.jpg,GLASS
train,valid,glass670_jpg.rf.cee1b0fd793888710caa9baa3868a0d9.jpg,GLASS
train,train,glass672_jpg.rf.e84ebff474d8eeb932c6707e74be1059.jpg,GLASS
train,train,glass673_jpg.rf.b406e57d3c112dadab4c3fdbbeb3c441.jpg,GLASS
train,train,glass675_jpg.rf.81b949d13fdbade321dac9e230b4aa1c.jpg,GLASS
train,train,glass676_jpg.rf.eb694e074f3b7ed9d9caec7b7c41acb4.jpg,GLASS
train,train,glass677_jpg.rf.fd577e9e3ea6f19afc8822ad6f09d9b2.jpg,GLASS
train,train,glass678_jpg.rf.871cdf25bfa31dd3e998189d0f82ab1b.jpg,GLASS
train,train,glass679_jpg.rf.bcedc5db0cd57dc089c2ae520147c292.jpg,GLASS
train,train,glass67_jpg.rf.d70fe0392d9364140ffcb1ef69ec3347.jpg,GLASS
train,train,glass681_jpg.rf.657642215446be9c8fe00da0d2c7cb57.jpg,GLASS
train,train,glass682_jpg.rf.27f37f871485d2eba7e5ff8b1a5a3fa8.jpg,GLASS
train,train,glass683_jpg.rf.9aa32f6ca59fbffd5ee6b42be0726925.jpg,GLASS
train,train,glass684_jpg.rf.b37c0612a86177b02e94f0daa19698ce.jpg,GLASS
train,train,glass685_jpg.rf.002be6c5a09a8422d8d6ff40e66f6d7b.jpg,GLASS
train,train,glass689_jpg.rf.4343e0d196cee5edb3114215e6e6857a.jpg,GLASS
train,train,glass68_jpg.rf.189d07363d5f3ccec98243dca58de277.jpg,GLASS
train,train,glass690_jpg.rf.0f15979ae57e2c8d5d32dacb494f69a2.jpg,GLASS
train,train,glass692_jpg.rf.309b08395cbf937421714b0ed7f9b5f0.jpg,GLASS
train,train,glass693_jpg.rf.5f5a210a2ce3b51fde175e9818e6313d.jpg,GLASS
train,train,glass694_jpg.rf.38c17afc2d4f77e01b4036ab923494d7.jpg,GLASS
train,train,glass695_jpg.rf.ba7e904a4a4686ef3b539cd08f6bc39b.jpg,GLASS
train,train,glass696_jpg.rf.d2d992a0dfb5cbccce22e309d9647fc2.jpg,GLASS
train,valid,glass697_jpg.rf.f3c583f527a896cf6080e31ee1e04878.jpg,GLASS
train,train,glass698_jpg.rf.20e6cbfab1b5f455734c7409d8de4e11.jpg,GLASS
train,train,glass699_jpg.rf.4089044d2cb93a3456bceed4b68edf55.jpg,GLASS
train,train,glass700_jpg.rf.3cd54cac56adac499c22a45c134a71bc.jpg,GLASS
train,train,glass701_jpg.rf.815f7c7049921a84164ca0b08458095f.jpg,GLASS
train,valid,glass704_jpg.rf.2316f9e90a46510f13e7dc3b7106de8c.jpg,GLASS
train,valid,glass705_jpg.rf.5f68c1331c2ef187a4b2f72196dda6cb.jpg,GLASS
train,train,glass706_jpg.rf.4885ad159bb0838fac11782c5504ea4e.jpg,GLASS
train,valid,glass707_jpg.rf.172abecfd1541086eeb7d39209c6b8ec.jpg,GLASS
train,valid,glass708_jpg.rf.2b26976042840eeae5e9c1e3a611f15d.jpg,GLASS
train,train,glass709_jpg.rf.e3af6bfa7ef7ed25d5f217ef8f1fc004.jpg,GLASS
train,train,glass70_jpg.rf.37bb6851c6dd77ea7c82a02a05f12034.jpg,GLASS
train,train,glass710_jpg.rf.8b92f0e65cdd9120078ea4f6742f3e01.jpg,GLASS
train,train,glass711_jpg.rf.622fb6d2615de76ab84e89613dba7584.jpg,GLASS
train,valid,glass714_jpg.rf.6b6cc2b834decbb98da5404af1b92522.jpg,GLASS
train,train,glass715_jpg.rf.880d85c056c6049c6c0668d730534891.jpg,GLASS
train,valid,glass716_jpg.rf.fc6a4073effb9b83bf00e1ea1bc0d056.jpg,GLASS
train,train,glass71_jpg.rf.ce906284b3a9b7bc0e710971f78cff8e.jpg,GLASS
train,train,glass720_jpg.rf.8848635971f282ead9f38359aea104a0.jpg,GLASS
train,train,glass721_jpg.rf.f80ca62063515a4313320bbd3376d45e.jpg,GLASS
train,train,glass722_jpg.rf.1b97eca18b374e90ec43fe9d11940ab2.jpg,GLASS
train,train,glass723_jpg.rf.22158ace2a595269ee993bc04e8a9aac.jpg,GLASS
train,train,glass726_jpg.rf.8a0e9af13051cb10fecb6962f1f086e3.jpg,GLASS
train,valid,glass728_jpg.rf.2b96d21ffcd03600ec7279458c759381.jpg,GLASS
train,train,glass729_jpg.rf.5fd8913e6c2a77f3a762cc445abf7f72.jpg,GLASS
train,train,glass72_jpg.rf.75ccdaba5bbce467483d5b8a3437d945.jpg,GLASS
train,train,glass730_jpg.rf.75c8ca75d5ad0a2a7650dd09fb31a87d.jpg,GLASS
train,train,glass733_jpg.rf.33ded4b488a82a96e65e24142b476b6b.jpg,GLASS
train,train,glass734_jpg.rf.ee0e58932f45f4d509113370d3492a3e.jpg,GLASS
train,train,glass736_jpg.rf.307c431c4356c93eb21064b1c4fcd915.jpg,GLASS
train,valid,glass739_jpg.rf.21d200e27ebfbcf62a540ad4d2c563b7.jpg,GLASS
train,valid,glass73_jpg.rf.74b82da371c726f4a0e939f6dd3f4560.jpg,GLASS
train,train,glass740_jpg.rf.573bb8a2bcc7cb206519318f93cb241d.jpg,GLASS
train,train,glass741_jpg.rf.59a416dfbb4aae5dbd5c7ebd3f5720bd.jpg,GLASS
train,valid,glass742_jpg.rf.4acc5c6933056b2278a776bc9dddf4db.jpg,GLASS
train,train,glass743_jpg.rf.5159039225bfd225949ecdefce60b3b4.jpg,GLASS
train,valid,glass744_jpg.rf.7092af921c649b086e28a896ecb8980b.jpg,GLASS
train,train,glass745_jpg.rf.5325d02b7f771e2cab640c74c2d9a116.jpg,GLASS
train,valid,glass747_jpg.rf.ad79baac7b6f0ba4b0dc2baecf0a6541.jpg,GLASS
train,train,glass748_jpg.rf.9a9c97a3fca7cfb00ee69c06b5d77b31.jpg,GLASS
train,train,glass749_jpg.rf.07741bda7410eedb1a3f8a6a7467bf2b.jpg,GLASS
train,train,glass74_jpg.rf.287a0c74e2674b5362f196a2da4adad8.jpg,GLASS
train,valid,glass750_jpg.rf.e527464ee8008f479385341d319dcc48.jpg,GLASS
train,train,glass751_jpg.rf.260fa2573086fedef3fd494546a53b6e.jpg,GLASS
train,train,glass752_jpg.rf.3dcd848adbdde271a3cca75e23eaba84.jpg,GLASS
train,train,glass753_jpg.rf.cba2b357a4c421c5d44774a2f90c0cf4.jpg,GLASS
train,train,glass756_jpg.rf.59ce74eb4ac9a87fc314845ac1ca3a09.jpg,GLASS
train,train,glass757_jpg.rf.0480fbf6451a158b9bea633c5f0604e0.jpg,GLASS
train,train,glass758_jpg.rf.820e00decaadfe20ae867a7d5124a398.jpg,GLASS
train,valid,glass75_jpg.rf.593c087dfbe2d63a47eb940c8d989858.jpg,GLASS
train,train,glass760_jpg.rf.abccf207c329b23dd3bc9421ac9ca9e4.jpg,GLASS
train,train,glass761_jpg.rf.08af49f3788d536c448121f689d7a901.jpg,GLASS
train,train,glass762_jpg.rf.819fae15396ed220edf8cd504f80fca9.jpg,GLASS
train,train,glass763_jpg.rf.9e5006eab3938f4bf6a843cefc9ac3db.jpg,GLASS
train,valid,glass767_jpg.rf.746766039fc6833a35976017a4cf8b9a.jpg,GLASS
train,train,glass768_jpg.rf.62469a3a58e534670970fbbd3d9a2857.jpg,GLASS
train,valid,glass76_jpg.rf.1993c8de03ccfe7ef5c43a16b1ff5644.jpg,GLASS
train,valid,glass770_jpg.rf.fc3e48c4873b624dfcf9e656269fd3d6.jpg,GLASS
train,valid,glass771_jpg.rf.465d8639c8f1d1ef8f3370dd35d9b975.jpg,GLASS
train,train,glass772_jpg.rf.d87378c5c7e8d180d4710a4da2aba3f7.jpg,GLASS
train,valid,glass773_jpg.rf.d0fa338620da6c18d5639c2770dcc190.jpg,GLASS
train,train,glass775_jpg.rf.1e77999341ad0f7fce9b6de778f3166b.jpg,GLASS
train,train,glass776_jpg.rf.779dd10e100b5133438d50511557cd45.jpg,GLASS
train,train,glass777_jpg.rf.82b7295eb2e8b8babaf66385faf552f7.jpg,GLASS
train,valid,glass778_jpg.rf.8303e454f5ede662166ccd2959ecd77f.jpg,GLASS
train,train,glass779_jpg.rf.eda6b0fc0191dfc4be014452e11a7039.jpg,GLASS
train,train,glass783_jpg.rf.078134579699b7d1020a26eded7a114a.jpg,GLASS
train,valid,glass784_jpg.rf.b0075aa01c5d622657cbdbe4fc73ca95.jpg,GLASS
train,valid,glass785_jpg.rf.102ec817d9a16fcb438affa42225e9a8.jpg,GLASS
train,train,glass786_jpg.rf.97b79948940ce37a2afb0db260d6f153.jpg,GLASS
train,train,glass787_jpg.rf.8aba0abcca9214655d70029f51d0c0b6.jpg,GLASS
train,valid,glass788_jpg.rf.77bd63cc359af9de9b5ed1f5ec435648.jpg,GLASS
train,valid,glass78_jpg.rf.ed17e73f6aca603d969d467142f3adf2.jpg,GLASS
train,train,glass790_jpg.rf.76528938a4c81f857fe167dbe0fb0b9e.jpg,GLASS
train,valid,glass792_jpg.rf.5d528866075ae2a0f3234fb15a8bd8e0.jpg,GLASS
train,train,glass794_jpg.rf.42ba4acfb3907c40c86bbe1ac1a296c9.jpg,GLASS
train,train,glass795_jpg.rf.e546506e41d8456fc82cb94ae53c7c97.jpg,GLASS
train,train,glass797_jpg.rf.8f6fd5117233e471b8a68e0edc179dc7.jpg,GLASS
train,train,glass798_jpg.rf.affff41d7e2b32cf6af76be66f505e1a.jpg,GLASS
train,train,glass79_jpg.rf.bef288abff6a87043c8416556ba5bbc4.jpg,GLASS
train,train,glass7_jpg.rf.65d79cca5416b20f60ccf75f8f9f406e.jpg,GLASS
train,valid,glass800_jpg.rf.9a421f8d07a82a4883d1ba3eed365004.jpg,GLASS
train,valid,glass801_jpg.rf.4b6a49b551e311950797a4a059f878bf.jpg,GLASS
train,valid,glass803_jpg.rf.fe8ef448ed5111c195548db7198ecf0e.jpg,GLASS
train,valid,glass804_jpg.rf.837fe8c33f8c311d6fbf003ce22211ee.jpg,GLASS
train,train,glass805_jpg.rf.a744b033daa7cd9960c362bb8491f506.jpg,GLASS
train,train,glass806_jpg.rf.e4a9ce09be9cbe3a139507fdd73ac928.jpg,GLASS
train,valid,glass807_jpg.rf.e65fee9d60e81f97acfbd54936139250.jpg,GLASS
train,train,glass809_jpg.rf.e59e98647031f48f90af43d14899390b.jpg,GLASS
train,valid,glass810_jpg.rf.4fe9533ff569f486696512a4e1107d74.jpg,GLASS
train,train,glass811_jpg.rf.280950c762c93cd855922dbafc6862e6.jpg,GLASS
train,train,glass816_jpg.rf.1eb8396f47385ac3ce2f1ec6d7e64a25.jpg,GLASS
train,valid,glass817_jpg.rf.4dc4144a7828fad4672f7810dce82066.jpg,GLASS
train,train,glass819_jpg.rf.7c5a77434d4606dc47aee05e66e348c0.jpg,GLASS
train,valid,glass81_jpg.rf.cc4f35fc92952c2f4f883405bd3f9df8.jpg,GLASS
train,train,glass820_jpg.rf.91b389b6d68486f8d78cfe43c7e8d390.jpg,GLASS
train,train,glass822_jpg.rf.c2299011770c5e334a58e618e1d695eb.jpg,GLASS
train,train,glass823_jpg.rf.34168b34ae3281c4e56fdad26311a5c2.jpg,GLASS
train,train,glass826_jpg.rf.b8a0f55dc1aeb23663c7e3e847b32fb4.jpg,GLASS
train,train,glass828_jpg.rf.5beb59fcafb40e49f688f7dab20e211b.jpg,GLASS
train,train,glass829_jpg.rf.3399e9489faf986f36f1bde2c357048e.jpg,GLASS
train,valid,glass82_jpg.rf.c50c805ffe987bb294f2d94cd7e7607e.jpg,GLASS
train,valid,glass830_jpg.rf.e1c79f9a29d873991fb0d7a6a0da913c.jpg,GLASS
train,train,glass831_jpg.rf.f831f64418f172c38b5a1f83ae0207bb.jpg,GLASS
train,train,glass833_jpg.rf.fee78529742388cff97e2c566bb9b9c5.jpg,GLASS
train,valid,glass834_jpg.rf.ccd9874c9520ae32f56990bce23b29d2.jpg,GLASS
train,train,glass836_jpg.rf.0de3e129d2acb0501b2cba4b62d1541e.jpg,GLASS
train,valid,glass837_jpg.rf.fbcbe98675970b7e8b158632f3b9e205.jpg,GLASS
train,valid,glass838_jpg.rf.64f75b1afe53a7174a5457dcaeab576c.jpg,GLASS
train,train,glass840_jpg.rf.33db10092fadc3895e33e8f306ebe425.jpg,GLASS
train,valid,glass841_jpg.rf.9c58827c0f67173c789b9ca83aebd54a.jpg,GLASS
train,train,glass842_jpg.rf.c601eb3c11342aea2b096855c152ee42.jpg,GLASS
train,train,glass845_jpg.rf.167f8f32ce4083572394005350e8db2b.jpg,GLASS
train,train,glass846_jpg.rf.0e69dbf5accf5d73ed7b3950d17d24b8.jpg,GLASS
train,train,glass847_jpg.rf.f87a74df8f97ee18f8c0abf045b658d3.jpg,GLASS
train,train,glass848_jpg.rf.ff4ffb6b6a90a06cda3e1f091c057b57.jpg,GLASS
train,train,glass849_jpg.rf.f060c1279f0976027731ac02e190eb42.jpg,GLASS
train,valid,glass850_jpg.rf.f984bd0def5ea3073b2262f70f0af078.jpg,GLASS
train,train,glass851_jpg.rf.5a8cdaade4d8b52e639ddeabd9c643b6.jpg,GLASS
train,train,glass852_jpg.rf.3acc8db087cd6a8c4e114e06d6c4d756.jpg,GLASS
train,train,glass853_jpg.rf.b65ff86a27ee200d5391966a3deba058.jpg,GLASS
train,train,glass854_jpg.rf.7fc3e51da86497dbaba95d6bae2f61ff.jpg,GLASS
train,train,glass855_jpg.rf.08dc9f0d7e8f76fa2fd5c77df91440d7.jpg,GLASS
train,valid,glass856_jpg.rf.ae45b25396b2632a40c3da4e14025275.jpg,GLASS
train,valid,glass858_jpg.rf.e3f6a8cfc8e1c50c39abdcf6504ddd64.jpg,GLASS
train,train,glass859_jpg.rf.d46acb0e72919725531cb4244f7ecca6.jpg,GLASS
train,train,glass861_jpg.rf.8431645cb74caadc421747007478aa01.jpg,GLASS
train,train,glass862_jpg.rf.e8e67c3365593bfa7a90c72a415aa5e4.jpg,GLASS
train,train,glass864_jpg.rf.49aac5c3600367b1756c2ff7575e60f1.jpg,GLASS
train,train,glass867_jpg.rf.56b5330637db326c0ecfccbc5e5d590b.jpg,GLASS
train,train,glass869_jpg.rf.85ac714c1ebe1ea1442aac225f9b826b.jpg,GLASS
train,valid,glass86_jpg.rf.fe23c3b05257b3467447c5e4b448b635.jpg,GLASS
train,train,glass870_jpg.rf.927d054959582507a483eb407abccaec.jpg,GLASS
train,train,glass871_jpg.rf.d4a0e929d451f02ba0fad4e06b4479d5.jpg,GLASS
train,valid,glass872_jpg.rf.5ab75a0d2224cafdca644b0ef9b32d59.jpg,GLASS
train,valid,glass873_jpg.rf.410d3207cdb54e9aa37089e9057a34d8.jpg,GLASS
train,valid,glass875_jpg.rf.0af103cb988ef2ce83ad0aac3cca9d19.jpg,GLASS
train,train,glass876_jpg.rf.bd22313343845b9f13ac2d818538a99b.jpg,GLASS
train,valid,glass878_jpg.rf.0d9d6e5045b331daef93b3137ea06c37.jpg,GLASS
train,train,glass87_jpg.rf.d9d513b4ff5aba9d964cfe266e6a4400.jpg,GLASS
train,train,glass880_jpg.rf.fb64e5e0ffbbbfe69ae25ab559eeda68.jpg,GLASS
train,train,glass885_jpg.rf.f674573b6c29537e29ff2283085ea8df.jpg,GLASS
train,train,glass886_jpg.rf.d11015e2887073c449c73548db7db07d.jpg,GLASS
train,valid,glass887_jpg.rf.8993139c864267e74f501703b5a02a1b.jpg,GLASS
train,valid,glass888_jpg.rf.4f1b58edc6b450073e33d962d830ed55.jpg,GLASS
train,train,glass889_jpg.rf.dbb9cd44755b38c89f707fa376dae08d.jpg,GLASS
train,train,glass88_jpg.rf.ab7aaef269fda40d2f6a3772bbceee38.jpg,GLASS
train,valid,glass890_jpg.rf.474851d2f95d19d20663de9e70b9cb7f.jpg,GLASS
train,train,glass892_jpg.rf.d96a021a042d471bc55c924273b257de.jpg,GLASS
train,valid,glass893_jpg.rf.7d270431c1aae81badde12db9dcc6535.jpg,GLASS
train,valid,glass894_jpg.rf.c1efc9f6f00817843d76b0833422b6d5.jpg,GLASS
train,train,glass895_jpg.rf.18e7354e07850cfd542c1800db5c4b53.jpg,GLASS
train,train,glass897_jpg.rf.7f795d00e3648fac4955d71009f8308a.jpg,GLASS
train,train,glass898_jpg.rf.38dda52e0a476bbc9b8dbd4030c9e953.jpg,GLASS
train,train,glass89_jpg.rf.d6dd299368cd97b68c99cffb2c87d37e.jpg,GLASS
train,valid,glass900_jpg.rf.61d4d5ef4830d213845bb044861e1f1c.jpg,GLASS
train,train,glass901_jpg.rf.01c2951fc1eda53c4370d18708e4afcb.jpg,GLASS
train,train,glass903_jpg.rf.5dd691fd83355faf87f3b153af54c9f2.jpg,GLASS
train,train,glass904_jpg.rf.8d4f4f20f7fe7a00462907f48df8cb8d.jpg,GLASS
train,train,glass905_jpg.rf.57505677b88da1a1c6004740772c309e.jpg,GLASS
train,train,glass906_jpg.rf.ea8f8f3037c39367339f0960da020d68.jpg,GLASS
train,train,glass907_jpg.rf.69f7a9dbeb10e9dc6f715312ffebf4ed.jpg,GLASS
train,valid,glass908_jpg.rf.1f67e935e23b055d7268f6a36a4c9123.jpg,GLASS
train,train,glass90_jpg.rf.b91eeffad80747205476c151d036d24f.jpg,GLASS
train,train,glass911_jpg.rf.1dd3001591b438869afad494f372a252.jpg,GLASS
train,train,glass912_jpg.rf.faf422857f5b3ac400e569a37260f4ca.jpg,GLASS
train,train,glass913_jpg.rf.2a946cf6ebbdf9e1aff3d67f5e6d9406.jpg,GLASS
train,train,glass914_jpg.rf.71a1c8e536dbb6e781f117959d0dbce5.jpg,GLASS
train,train,glass915_jpg.rf.75d80d4b1dfcb29aa0b19a1186d6d0bc.jpg,GLASS
train,valid,glass916_jpg.rf.bf45f5223a0c7239c34de53187c31776.jpg,GLASS
train,train,glass917_jpg.rf.5c285488dd27b54c971234b9e16adc2d.jpg,GLASS
train,train,glass919_jpg.rf.decaed608fabca209556314546a94899.jpg,GLASS
train,train,glass91_jpg.rf.fcedca58135402a41b7dd5d75b1c78ea.jpg,GLASS
train,train,glass920_jpg.rf.2f9a639fbdbb96f0f368008f2b7dd639.jpg,GLASS
train,valid,glass921_jpg.rf.b5451b4304cac9349a9e793efba7dccf.jpg,GLASS
train,train,glass925_jpg.rf.176ffc67364f55a9c8739b116e8db7b5.jpg,GLASS
train,train,glass926_jpg.rf.7f1d53125dc2aae0f318647ccda6c0d4.jpg,GLASS
train,valid,glass927_jpg.rf.bc8ee200fae6ee5e9e8a17e01ca3b1a5.jpg,GLASS
train,valid,glass928_jpg.rf.a5778576e183f88bb47455e0f06752d5.jpg,GLASS
train,train,glass929_jpg.rf.638c5541fddc83541be68cecaa8aebf2.jpg,GLASS
train,valid,glass92_jpg.rf.cf2b34b0150d40e5690777b6d4759601.jpg,GLASS
train,train,glass931_jpg.rf.86f3cd2f59098b58da55f94f0ae6dd40.jpg,GLASS
train,train,glass933_jpg.rf.fd42a70c3a1ea6cd5070eeb7d908be22.jpg,GLASS
train,train,glass934_jpg.rf.bcffac91079a315ed34c0d18f5f9a7f7.jpg,GLASS
train,valid,glass936_jpg.rf.2da49b7590d6d011eb5276306c30b09e.jpg,GLASS
train,valid,glass939_jpg.rf.15dfef91b3063922f42574bd16e9894e.jpg,GLASS
train,valid,glass941_jpg.rf.346c4fcc68d4b644dca837e617f0b9a4.jpg,GLASS
train,train,glass942_jpg.rf.9215ec39653275c469b09e5b4b0e5619.jpg,GLASS
train,train,glass943_jpg.rf.6bd5704a35ab4ac2c41a755f6ab946c3.jpg,GLASS
train,train,glass945_jpg.rf.78143325f343648570f474cc7e9f0765.jpg,GLASS
train,train,glass946_jpg.rf.802f8d569aebdfdfb85934380bd0294c.jpg,GLASS
train,train,glass947_jpg.rf.7aed525d290426a74d385a57360e6db8.jpg,GLASS
train,valid,glass94_jpg.rf.ff858aa1a7edbf9cd5f032f0874218f1.jpg,GLASS
train,train,glass950_jpg.rf.a8b091e33c83d34a4dd6ebd077a52656.jpg,GLASS
train,train,glass952_jpg.rf.36146868bb17af752b9d2a74973897db.jpg,GLASS
train,train,glass953_jpg.rf.cbf5a31935ce38ac780c81c571d3abc9.jpg,GLASS
train,train,glass955_jpg.rf.d725c20d411490150d3f52393cd8771d.jpg,GLASS
train,valid,glass957_jpg.rf.ecc6aca8c4da2477488880a985c74040.jpg,GLASS
train,train,glass958_jpg.rf.cb098798d8621023acb51e457c7236cc.jpg,GLASS
train,valid,glass959_jpg.rf.0515786794822010df25257b89a87f1c.jpg,GLASS
train,train,glass95_jpg.rf.ee1ea32b08d884fc26c6b412e4bed433.jpg,GLASS
train,train,glass960_jpg.rf.11b2d3fbeb6029abfa73c3cf2303f7fc.jpg,GLASS
train,train,glass963_jpg.rf.ec0f43dfd9eaa91bdd09ad2ebb7a49b5.jpg,GLASS
train,valid,glass964_jpg.rf.37726ea4030288d906bcc15a4e4494e1.jpg,GLASS
train,train,glass965_jpg.rf.824d2f5f993e0ca39cea6c313e31e212.jpg,GLASS
train,train,glass966_jpg.rf.e992eb2cfee5556b499afe48b285b1fa.jpg,GLASS
train,valid,glass968_jpg.rf.cfe47e9ad3cbda5c2e6c6aff88ac870d.jpg,GLASS
train,train,glass972_jpg.rf.61cdacf7d0a68f8d449687f766dbc362.jpg,GLASS
train,train,glass97_jpg.rf.3abaf6e076cd5677c81ca0edcae79c42.jpg,GLASS
train,train,glass986_jpg.rf.d05e84a56db3d24f700d76fc47b90133.jpg,GLASS
train,train,glass999_jpg.rf.3d3ab30234dd9666177611ece0718ac2.jpg,GLASS
train,train,glass99_jpg.rf.39ed7bd3cb0d5b1e87ecba765a2f5449.jpg,GLASS
train,train,glass9_jpg.rf.74f7d5165f6dc6897a4cee31441c7719.jpg,GLASS
train,train,metal1001_jpg.rf.15885ca873fee1e27bcf7e83a0d2ad0a.jpg,METAL
train,train,metal1002_jpg.rf.b17e87c0868b2cff0a416f97cbeceb66.jpg,METAL
train,train,metal1004_jpg.rf.bb6c9f443d16e19af33e05a9d2e6d9f9.jpg,METAL
train,train,metal1007_jpg.rf.14196a7b6dad9b12d2d03df1b07524eb.jpg,METAL
train,train,metal1009_jpg.rf.d9b380e37c963c4526ff63e523c29af9.jpg,METAL
train,test,metal100_jpg.rf.8605f3d87c15f6f37575fa2907d5bc6c.jpg,METAL
train,train,metal1010_jpg.rf.02a1b82c091505ff0f3ea432f1c47279.jpg,METAL
train,train,metal1011_jpg.rf.8f364682c2d1e3cf342d074aeb7f1bfe.jpg,METAL
train,train,metal1013_jpg.rf.b4c9e543f42bafdafba197e057ececd6.jpg,METAL
train,test,metal1014_jpeg.rf.7c66a5a281d17fde9891d5777c496391.jpg,METAL
train,train,metal1015_jpg.rf.05d1ad5a8e185f9cf30da53a3a50b35f.jpg,METAL
train,test,metal1016_jpg.rf.e9045ffa8d93980005dca0adcce9f187.jpg,METAL
train,train,metal1019_jpg.rf.525850152e9ee20035dde1a900942a14.jpg,METAL
train,train,metal101_jpg.rf.74d9df53c346867af9e160a339cce655.jpg,METAL
train,train,metal1022_jpg.rf.983a0e7890f79608e0b35fde6dc1c974.jpg,METAL
train,train,metal1024_jpg.rf.e01750c3e01fc86f5c83a2683f369060.jpg,METAL
train,train,metal1025_jpeg.rf.eae32e50db53dbd29d483fb92c443dbf.jpg,METAL
train,test,metal1027_jpg.rf.97c4cd6662c7366606b0f2a96d2245b0.jpg,METAL
train,train,metal1029_jpg.rf.3a72f51c8dda685c0bafc06c305871a8.jpg,METAL
train,train,metal102_jpg.rf.4970c2cc3ba45ecbc359d00a6dbfec23.jpg,METAL
train,train,metal1031_jpg.rf.204f0e0cd77565191f45e061f28e14c1.jpg,METAL
train,test,metal1032_jpg.rf.d0991459cb992a92cf44e9dd2b8cf608.jpg,METAL
train,train,metal1034_jpg.rf.0be94f8ca801b4ee923a162be0bd7705.jpg,METAL
train,train,metal1035_jpg.rf.b0b65e1f11a4ae724819550e32efec41.jpg,METAL
train,train,metal1036_jpeg.rf.ab3442550e0cd32f1851e11d636d390e.jpg,METAL
train,train,metal1037_jpeg.rf.91eee1a7944c67ce2cf3fb8ed0ca4189.jpg,METAL
train,train,metal1038_jpg.rf.7687bc964f7b69e070c4a2cb2ed4c982.jpg,METAL
train,train,metal1041_jpg.rf.c35c44694d7c4cb4e01206accd2a5546.jpg,METAL
train,test,metal1043_jpg.rf.5b26249eef553f55a36e857bbd3673ea.jpg,METAL
train,train,metal1044_jpg.rf.83b5c7d91b16e11b0ff2cad0ebd34960.jpg,METAL
train,train,metal1047_jpg.rf.c3c64b44c2cfc99818c4e652f39141e2.jpg,METAL
train,train,metal1048_jpeg.rf.396d1745d087b45340929a0e74c5ab12.jpg,METAL
train,train,metal1049_jpg.rf.24c3f090b96006bbf32c10c1dce46e39.jpg,METAL
train,test,metal104_jpg.rf.c83369695e0e28f86fd33c7f172ab500.jpg,METAL
train,train,metal1051_jpg.rf.270480729d5dcf8cc498b9523036fd7b.jpg,METAL
train,train,metal1052_jpg.rf.cb67fb60577aec452c8161f14fd59ffd.jpg,METAL
train,test,metal1053_jpg.rf.492204129cbc1001e9c01e243f1e29d4.jpg,METAL
train,test,metal1054_jpg.rf.77028b250ec427debc8074bec7947e2a.jpg,METAL
train,test,metal1055_jpg.rf.446d1026ea8cd3eedc229b966a3518aa.jpg,METAL
train,train,metal1056_jpg.rf.f4d9ebdce9be543ec8fe61cf6ba07308.jpg,METAL
train,train,metal1057_jpg.rf.dc50abcddc87b35be287dcf06e648346.jpg,METAL
train,train,metal1059_jpeg.rf.289063450058a9187b82487a6ba0320a.jpg,METAL
train,train,metal105_jpg.rf.c8e0926c05a59e45ab2e75ed16e0816e.jpg,METAL
train,train,metal1060_jpg.rf.de68b68b9cc3f9308c5fdc35cd93afad.jpg,METAL
train,train,metal1065_jpg.rf.f3f02ac370d48e9eb1673bd339abae6f.jpg,METAL
train,train,metal1066_jpg.rf.c3909737b7e8b2f13cbd1579fe4dc0eb.jpg,METAL
train,train,metal1067_jpg.rf.c421c1595b8d840a4b2359e71b8b0b1f.jpg,METAL
train,test,metal1068_jpg.rf.8ab5900e2a6fd05841dfe67d9ba90071.jpg,METAL
train,train,metal1069_jpg.rf.792878b3a15d53c94cd6900324a9a30c.jpg,METAL
train,train,metal106_jpg.rf.d85b14ae188e40bf1b39221286efccc4.jpg,METAL
train,test,metal1071_jpg.rf.b8e8417ee13e84a02172838adb0de3c5.jpg,METAL
train,test,metal1072_jpg.rf.13c3060f96d906a8031aeb25a535690c.jpg,METAL
train,test,metal1073_jpg.rf.1a9fd41b91e040527d38fd2cca1a2022.jpg,METAL
train,train,metal1074_jpg.rf.d0381ab45ab1d8c04769916e07d2ad5b.jpg,METAL
train,train,metal1075_jpg.rf.c44692d209ee01b0c397cd7d2891da7d.jpg,METAL
train,train,metal1077_jpg.rf.f2a818be1b794fa7e2d657010805103b.jpg,METAL
train,train,metal1078_jpg.rf.74920a3f503285aa162064bf2f24a92b.jpg,METAL
train,train,metal1079_jpg.rf.9c804254d476361a3cdb90efcf786b52.jpg,METAL
train,train,metal1080_jpg.rf.ecf74ff6fe0b3371ab4e7697101bb93d.jpg,METAL
train,train,metal1082_jpg.rf.f9330deca32fe6e1a62ea693fed2a375.jpg,METAL
train,train,metal1084_jpg.rf.caa98a24c92b6dd298978616b9f34615.jpg,METAL
train,train,metal1086_jpg.rf.9907cf4c3ca169e36df2d6951798f007.jpg,METAL
train,test,metal1087_jpg.rf.77bacd7bbace158c62f5011d471cf54c.jpg,METAL
train,train,metal1088_jpg.rf.06bc089b2501f007f93161f4afc43d37.jpg,METAL
train,train,metal1089_jpg.rf.a44b35f1011fd7f829e49e715140e7ae.jpg,METAL
train,train,metal108_jpg.rf.c6a268bb75aaba46ecc9c6fb26f79db4.jpg,METAL
train,test,metal1090_jpg.rf.da2bba16cb9287ea92f45dbb62dcdeb4.jpg,METAL
train,train,metal1093_jpg.rf.381bed6c2b199c9226e9b7c1bfe743e3.jpg,METAL
train,train,metal1095_jpg.rf.1c10d4eb0970cbb3483b9a5d5fa48963.jpg,METAL
train,train,metal1096_jpg.rf.1e044b7ad140734eaa67122308a042f0.jpg,METAL
train,train,metal1097_jpg.rf.48125a1ce1ff944460b83de20a2b144b.jpg,METAL
train,test,metal1098_jpg.rf.507cf309a103c5f20e9b8eec1a968be6.jpg,METAL
train,train,metal1099_jpg.rf.a0c9b2b838666a2ed1235750855a7300.jpg,METAL
train,train,metal10_jpg.rf.babe9f850d946ebff9fae32b1beae5f3.jpg,METAL
train,train,metal1100_jpg.rf.eb50749802005e3d02f621e708bfc1db.jpg,METAL
train,train,metal1101_jpg.rf.fb38f32d722f3bd2d7ff3ec89b0f1edd.jpg,METAL
train,test,metal1102_jpg.rf.a7a2329c2dd38a0b268eed4d52e7f7aa.jpg,METAL
train,test,metal1103_jpeg.rf.5d10ee37d5ae097d6a7857c43ea64240.jpg,METAL
train,train,metal1105_jpg.rf.5ad63c467e651f211255676b687f6e25.jpg,METAL
train,train,metal1106_jpg.rf.90bc6edd3a22489bc49bc258c40c079e.jpg,METAL
train,test,metal1107_jpg.rf.8c9ad83e86d60c440d309b8771ec5e03.jpg,METAL
train,test,metal1109_jpg.rf.87ca9515b5eda01c0f4328650bfab4f8.jpg,METAL
train,test,metal1110_jpg.rf.fb69d399b25ab24dc0d3dad340636c51.jpg,METAL
train,train,metal1113_jpg.rf.8eb4c72b117a6aea3191914308bd5518.jpg,METAL
train,train,metal1114_jpeg.rf.9cdc745cc05cc1c260bac0697ce2361b.jpg,METAL
train,test,metal1115_jpg.rf.711608408599960a616d5fc5263995e3.jpg,METAL
train,test,metal1116_jpg.rf.bd0e3a3cec42f89e17700c00f108f564.jpg,METAL
train,train,metal1117_jpg.rf.d0e2832ec99826bfdbb159ef4579b577.jpg,METAL
train,test,metal1118_jpg.rf.451b5badef9b8cf6bb9e2d50d6a071cf.jpg,METAL
train,train,metal1119_jpg.rf.d558ff5c516bc19d4395cff4453f1b5b.jpg,METAL
train,train,metal111_jpg.rf.476ecfa143acfc0eaf6294ac98d20dcd.jpg,METAL
train,test,metal1120_jpg.rf.d18cf837b541dc54d3fea2e27ce0286c.jpg,METAL
train,train,metal1122_jpg.rf.b9cb5d3d4cdb9b1fe4f3bdc13feb5d24.jpg,METAL
train,train,metal1123_jpg.rf.1f03fd32e64b0487a8eb069e22a5c8ce.jpg,METAL
train,test,metal1124_jpg.rf.64120bda05ac3be42254114a171e81a3.jpg,METAL
train,train,metal1126_jpg.rf.c13fb9f52d1f8e79e37c0d02380eafe4.jpg,METAL
train,train,metal1129_jpg.rf.beb924e37f61927049872a7cca45ffc6.jpg,METAL
train,train,metal112_jpg.rf.1ed8516ce85574bbc590b3f28b7db27f.jpg,METAL
train,test,metal1132_jpg.rf.3edfb55810126525325dcf554d07130f.jpg,METAL
train,test,metal1133_jpg.rf.883b6e29a13c233a18d676fe3f69b2a5.jpg,METAL
train,train,metal1135_jpg.rf.9c9eb55be0f317ad210676f1dc68f535.jpg,METAL
train,train,metal1136_jpeg.rf.bde032cfabf7651641a12ff1d57938cb.jpg,METAL
train,test,metal1138_jpg.rf.e34afb02948eba613f6615f96291c478.jpg,METAL
train,train,metal1139_jpg.rf.b2d410bba738158cbeceaef07adc5d65.jpg,METAL
train,train,metal113_jpeg.rf.5c7edc349dba1b51d8cfebcf3740890a.jpg,METAL
train,train,metal1140_jpg.rf.77ec4594ac53bad1938297f06ff5058e.jpg,METAL
train,train,metal1142_jpg.rf.864905349fad83ec8b289835848d39c9.jpg,METAL
train,test,metal1147_jpeg.rf.25fd41c8493e53e08b2247622f0287bb.jpg,METAL
train,train,metal1148_jpeg.rf.ce2967fd6a82b6251c53ccc1b9e4196f.jpg,METAL
train,test,metal1149_jpg.rf.0e1b8c50984ae8052ba86ff9de8556f2.jpg,METAL
train,train,metal114_jpg.rf.8bf60d73400ee7905d0b5da5ccb2fddc.jpg,METAL
train,train,metal1151_jpg.rf.02bdea506ccd255a8a3fc088e1d1bb63.jpg,METAL
train,test,metal1152_jpg.rf.6dbbce6bc281069f6039e7ae63e03b81.jpg,METAL
train,test,metal1155_jpg.rf.e3d60e3023bb416f5f2e8c0675abd84c.jpg,METAL
train,train,metal1156_jpg.rf.11e6936b9f782a9eac2ac044dabab216.jpg,METAL
train,train,metal1157_jpg.rf.3541126ad810ad80f777fce95ee5ea1d.jpg,METAL
train,train,metal115_jpg.rf.69e011cff441c2c691f930d79bd4d160.jpg,METAL
train,test,metal1160_jpg.rf.1077e686f79862c3d9443ab49629b27c.jpg,METAL
train,train,metal1161_jpg.rf.c024a7ae0358df335a17d6722aab0d00.jpg,METAL
train,train,metal1162_jpg.rf.bf3fdd923445ebfecbe362e7f858e809.jpg,METAL
train,train,metal1163_jpg.rf.71d9f49211cb86be6970ef891e697040.jpg,METAL
train,train,metal1164_jpg.rf.ba155fe3c091a3d4d46679a915c56b2b.jpg,METAL
train,train,metal1167_jpg.rf.6522a6ea8cb04d6992e5e974dc2b1e08.jpg,METAL
train,train,metal1169_jpg.rf.e393b48c8ebb061aaa586b19114dfd30.jpg,METAL
train,train,metal116_jpg.rf.03a9bac2372b3a89c7570f48b70ad762.jpg,METAL
train,train,metal1173_jpg.rf.7c0abd2e110c25d7d66cb22988a8f6ca.jpg,METAL
train,train,metal1176_jpg.rf.55c84e2393c176e4f526c282e0c7f699.jpg,METAL
train,train,metal1178_jpg.rf.df6db6b120d98cf3c4b8be13d943c92a.jpg,METAL
train,train,metal1180_jpg.rf.914635ddae52cf7f9ff36c3831670a9d.jpg,METAL
train,test,metal1181_jpg.rf.a6489be2a18fc1753a51e705fbc7f914.jpg,METAL
train,train,metal1182_jpg.rf.a22b7f6838a74bd5756ac9588b440ff5.jpg,METAL
train,test,metal1183_jpg.rf.ff8fd318cdbc254780ba72391b075a85.jpg,METAL
train,train,metal1185_jpg.rf.c6742c25c4cfab1fd17e4000e8a2970a.jpg,METAL
train,train,metal1186_jpg.rf.ea7dbf28ffdb049b568408450075caf4.jpg,METAL
train,train,metal1187_jpg.rf.f3c524f6a68233afc79a54b3bb59fd3f.jpg,METAL
train,test,metal1189_jpg.rf.203b8e1241394b1f045d34b15e81b4c8.jpg,METAL
train,train,metal118_jpg.rf.5c357b70c2ef898ab8113a833754b4a8.jpg,METAL
train,test,metal1190_jpg.rf.2e839161a0c6be058728b05605df5e48.jpg,METAL
train,test,metal1191_jpg.rf.b5e612251cb537c882701e905122e4fb.jpg,METAL
train,train,metal1192_jpg.rf.42d573a8d36d48d5b63a325d790a205d.jpg,METAL
train,train,metal1194_jpg.rf.da9dbfbe0e9cc43ae77ed100d45623ed.jpg,METAL
train,train,metal1195_jpg.rf.5e38e478e039d8b07852d000ea54a7ab.jpg,METAL
train,train,metal1196_jpg.rf.4a905a6e7bb7604eeb5352e76f4f2d5a.jpg,METAL
train,test,metal1197_jpg.rf.7d43748416afbd5ec2a9a76362d0f2a9.jpg,METAL
train,train,metal1198_jpg.rf.76e38553fcecaea6e9a692cd8fe77f8f.jpg,METAL
train,test,metal1199_jpg.rf.8f26d2b52d95aecec06bb483d5e6656d.jpg,METAL
train,train,metal119_jpg.rf.42a3bd1f4c5dbbfa4e384d1c552908c6.jpg,METAL
train,train,metal11_jpg.rf.db36ea4fa8d24421763a915f50e18399.jpg,METAL
train,train,metal1201_jpg.rf.86bd1cafe612d6e446692d0b05315373.jpg,METAL
train,test,metal1202_jpg.rf.11da901287c83138a177a59aa3f6c6d7.jpg,METAL
train,test,metal1203_jpg.rf.c87bd7b3b435cb8af55a962f93f2688f.jpg,METAL
train,test,metal1204_jpg.rf.5e3741be9747b915bfe7ecacc2bcae97.jpg,METAL
train,train,metal1205_jpg.rf.709fe140e6197b98cb734328ebe28a94.jpg,METAL
train,train,metal1206_jpg.rf.44d379476b8676f5770b5ad149bb1eb5.jpg,METAL
train,test,metal1207_jpg.rf.6294cf1c1a13ba70f67b099d5f04c357.jpg,METAL
train,test,metal1209_jpg.rf.9259313b2f74015e73cbd40d57b1f95a.jpg,METAL
train,train,metal120_jpg.rf.fa56a5ab4c668868d53208d5a27e1cec.jpg,METAL
train,test,metal1210_jpg.rf.56ce703727f2dc9be71bbc8908e4cc65.jpg,METAL
train,train,metal1211_jpg.rf.aac3984190df3221d22d1e6c4ed8ae68.jpg,METAL
train,train,metal1212_jpg.rf.76e5128e93a4e15fc0fba71467510dd3.jpg,METAL
train,train,metal1215_jpg.rf.81a8572652dc6bee1725eefd7b4b6725.jpg,METAL
train,train,metal1216_jpg.rf.b228a466506d90b78daed5878d1c2590.jpg,METAL
train,train,metal1217_jpg.rf.30cfad651464c3bade3e425eb4c2ad8c.jpg,METAL
train,train,metal1219_jpg.rf.c88a402df3895bd3d5d1183ab59a9631.jpg,METAL
train,train,metal121_jpg.rf.eb12be2f203de9230b5874ec58cd9c21.jpg,METAL
train,test,metal1220_jpg.rf.21c371a0b15dd2f75e3e1ba171a00c31.jpg,METAL
train,test,metal1221_jpg.rf.9afa70f5995ff9ff579360142ce15805.jpg,METAL
train,train,metal1223_jpg.rf.df70a7e510848a51d03d41582aeeadd2.jpg,METAL
train,test,metal1224_jpg.rf.c6d7f3bef2d95495e58fe4059d434244.jpg,METAL
train,train,metal1225_jpg.rf.83d0733585b14b58cdbaf221a24852cf.jpg,METAL
train,test,metal1226_jpg.rf.8c117190a7c995850b4db568aa01acc8.jpg,METAL
train,train,metal1227_jpg.rf.540dd03190362715036aafb3155b19ba.jpg,METAL
train,test,metal122_jpg.rf.53c6a049da6b4f1f10ca8f9b1d686662.jpg,METAL
train,train,metal1230_jpg.rf.6f93eb72350997c9d601407e43980a27.jpg,METAL
train,train,metal1232_jpg.rf.15398cd40b857d9716360d518ee8b105.jpg,METAL
train,train,metal1233_jpg.rf.d7338cae375aa71b9f38095cc54af4de.jpg,METAL
train,train,metal1235_jpg.rf.1ade415c57cb2c44a47e6af99bdf464c.jpg,METAL
train,test,metal1236_jpg.rf.65d61f1f496d4d949ab4f8882a261652.jpg,METAL
train,train,metal1237_jpg.rf.a95aba1e85011305d845bca1d50905e6.jpg,METAL
train,train,metal1238_jpg.rf.90b001fe27e1525158b9eca4b3bdcd46.jpg,METAL
train,train,metal1239_jpg.rf.92058ecc16b889ae4cab1e6ebeaf54e7.jpg,METAL
train,train,metal123_jpg.rf.b81e09fef48a87a8f8817b099f4f9f10.jpg,METAL
train,train,metal1240_jpg.rf.30f10617763d48a11124eb57b92dd34a.jpg,METAL
train,train,metal1242_jpg.rf.4861629afa82d900ef933f0ab3ca23e5.jpg,METAL
train,train,metal1243_jpg.rf.b8d2dd6da5f547bcb74dbc38462f5f9c.jpg,METAL
train,test,metal1244_jpg.rf.560d9507df7b2075d1dd5275d822aca3.jpg,METAL
train,train,metal1245_jpg.rf.6b92e51965e1f75249f8d7b7ce4d4063.jpg,METAL
train,train,metal1246_jpg.rf.7340126a359250cb1c2498960e26c87e.jpg,METAL
train,train,metal1248_jpg.rf.cfaad88a6475b4922d168825c4bef39c.jpg,METAL
train,test,metal1249_jpg.rf.275f19692c47eff8d371ea2d482fbc47.jpg,METAL
train,test,metal124_jpg.rf.63401770adf4cae91869a2fdd2b45e11.jpg,METAL
train,test,metal1251_jpg.rf.b0e1ca8ea00fc4af8edbb8371e19945f.jpg,METAL
train,train,metal1252_jpg.rf.b8d9fc31e215ade3431c3a9e9188fa3f.jpg,METAL
train,test,metal1256_jpg.rf.7fa9a1bf1f14a65984aa528039452257.jpg,METAL
train,train,metal1257_jpg.rf.9981b29d32249e1563596e857e3d1479.jpg,METAL
train,test,metal125_jpg.rf.3d0be74cec55c1e098519d22294caace.jpg,METAL
train,train,metal127_jpg.rf.27ad0324fb1d246af25651edd01205d7.jpg,METAL
train,train,metal128_jpg.rf.f71c960f5bafb42938e4ed9c195ace4d.jpg,METAL
train,train,metal12_jpg.rf.4a24d19c59ad3209067bebb5aac28ce4.jpg,METAL
train,train,metal132_jpg.rf.e3aea57775bf8ba301e54e8a513c532d.jpg,METAL
train,train,metal133_jpg.rf.556bcff6a05e431500cb14ae888c6a3f.jpg,METAL
train,train,metal135_jpg.rf.9d3adab3da6f6998a6cb25be2af2350b.jpg,METAL
train,test,metal136_jpg.rf.2d1864df73e60d325705eb2f961e16a8.jpg,METAL
train,train,metal137_jpg.rf.9520fa0358e848511c4f1c69bf4e2d34.jpg,METAL
train,test,metal139_jpg.rf.907bf662a10abd30090f560695897f2a.jpg,METAL
train,train,metal142_jpg.rf.b56784840f63ff5da26bbe3c4b1ccb5b.jpg,METAL
train,test,metal144_jpg.rf.facaad1f39bd814f1f72d55dbc0e6363.jpg,METAL
train,train,metal145_jpg.rf.07cee5d1686b3d0e36f8f247852d7416.jpg,METAL
train,train,metal146_jpg.rf.df9d2694690d75549862106b1cec81cb.jpg,METAL
train,train,metal149_jpg.rf.193334275be69850b7d47b55c30ccd52.jpg,METAL
train,train,metal151_jpg.rf.0a5efb3ea5e49bcd535e1eeb37d760d2.jpg,METAL
train,test,metal152_jpg.rf.c2f378261b18b711ffae82c63bb893b6.jpg,METAL
train,test,metal153_jpg.rf.b693d0fefd784f69438b481f217e6ce5.jpg,METAL
train,test,metal154_jpg.rf.87271548a3b6c87171b2bf89f7d2fa0b.jpg,METAL
train,train,metal155_jpg.rf.6a7662380733323f7d21606a62e4ea9b.jpg,METAL
train,train,metal157_jpg.rf.a5df7b7999737b26148c4db2b45de0d4.jpg,METAL
train,train,metal158_jpg.rf.b780349f97db7fae9f1b35e4e232619c.jpg,METAL
train,train,metal159_jpg.rf.bf20dcd8373338ff905411fd5517e39c.jpg,METAL
train,train,metal15_jpg.rf.d8fa7929ec6e60c33eeac9a39e40492e.jpg,METAL
train,train,metal160_jpg.rf.6b8bac7995d65ad463a7c717ab848c1e.jpg,METAL
train,test,metal161_jpg.rf.0b98e8ba4e324f55bd70530db1501e27.jpg,METAL
train,train,metal163_jpg.rf.f25653edde9beaf8f951f0b59d7c4825.jpg,METAL
train,train,metal164_jpg.rf.d8a1c622a4824234000bb94eaf1edfdf.jpg,METAL
train,train,metal165_jpg.rf.1b9ff99418f7e487aa142060d9e759c4.jpg,METAL
train,test,metal166_jpg.rf.4799529af15e95cf8e91bb2a157989b3.jpg,METAL
train,train,metal169_jpg.rf.db964b8aa1163f6af4806a668b57a105.jpg,METAL
train,test,metal16_jpg.rf.11f031c205383935e079f6b96e6bc3a4.jpg,METAL
train,train,metal170_jpg.rf.4c02a00c2ba0ce02ccbfc6be6adc42b7.jpg,METAL
train,train,metal171_jpg.rf.6a98b11f6a1e46f2b7440029f7aaff75.jpg,METAL
train,train,metal173_jpg.rf.ff1491c36e5467144b3d7db6d65a476e.jpg,METAL
train,train,metal174_jpg.rf.a1a37ac743e80e11f185b8339131c3f4.jpg,METAL
train,test,metal175_jpg.rf.7cf40cf5bf652a6aa3fa4a6fb1389531.jpg,METAL
train,test,metal176_jpg.rf.ebf256e2c06e3ac920a21d6dad5a89aa.jpg,METAL
train,train,metal177_jpg.rf.de70d972cf605e15358b51ff87bd828a.jpg,METAL
train,train,metal179_jpg.rf.05da8269934742b7ffb213571e85b624.jpg,METAL
train,train,metal17_jpg.rf.b63c2b72045d0adbd6acd82398eb5852.jpg,METAL
train,train,metal180_jpg.rf.fcfd8892dd9480b150556d1045525eaa.jpg,METAL
train,train,metal181_jpg.rf.0419449fdfcf5a17c871b59d80c80afc.jpg,METAL
train,train,metal184_jpg.rf.b8ccec7d1736b4d06ed99e63bb394bde.jpg,METAL
train,train,metal185_jpg.rf.10f894f360ac651980747beafaf2918d.jpg,METAL
train,test,metal186_jpg.rf.61e81e05dcbc43a0bf882bdba7d8e216.jpg,METAL
train,train,metal187_jpg.rf.6ac8621c22f3c038a9f14c745b21627c.jpg,METAL
train,train,metal18_jpg.rf.f13dd86735edfc49051b353bbd5441b8.jpg,METAL
train,test,metal191_jpg.rf.12b2d197019153fac46e983f0d982cdb.jpg,METAL
train,train,metal192_jpg.rf.39b666c278319e96915da0f23c026d65.jpg,METAL
train,train,metal194_jpg.rf.c3d9fbf25963fe0f7a595f6499075ae2.jpg,METAL
train,train,metal195_jpg.rf.4d4ffd2ccd8afd0e612c4fb15311ddff.jpg,METAL
train,train,metal197_jpg.rf.0ac31ae71845a79d99168de2b9db49d5.jpg,METAL
train,train,metal198_jpg.rf.0e02273aed419818254e43e8cd715eca.jpg,METAL
train,test,metal201_jpg.rf.b989fdb2088122f12515aeb0e094d5c2.jpg,METAL
train,train,metal202_jpg.rf.e729d8634891fbb7fd914a41f3040af7.jpg,METAL
train,train,metal203_jpg.rf.6f235c54c040f3aaf22371d4413e25da.jpg,METAL
train,train,metal204_jpg.rf.c24c2bc1bca89f2ff94a1b3dac8054db.jpg,METAL
train,train,metal205_jpg.rf.ad66b0f7c576b662e9684fac1c68958e.jpg,METAL
train,train,metal206_jpg.rf.fa5b39c3d93b86e8d78eaa8b81e0d754.jpg,METAL
train,train,metal207_jpg.rf.85ae5c4153c09d0bbe7ef06d4d40d021.jpg,METAL
train,train,metal209_jpg.rf.b1f6b41e06aae8b92b77e844ceae30fe.jpg,METAL
train,train,metal20_jpg.rf.406eaf8ab1208f3075f9c74d2aa1d652.jpg,METAL
train,train,metal210_jpg.rf.12dc9c2ea8ed6fa15e4816853cddf0e8.jpg,METAL
train,test,metal211_jpg.rf.54516123010226f7d276a0a2ab4d394a.jpg,METAL
train,train,metal212_jpg.rf.302ef5de54019f54c7a36d52552cb4e3.jpg,METAL
train,train,metal213_jpg.rf.20361e124784bfba939ec009025029dc.jpg,METAL
train,train,metal214_jpg.rf.3592a7e496427a46d673f87bdb4f9064.jpg,METAL
train,train,metal215_jpg.rf.a40879ea95b88f67e3a9b616edbf8f4c.jpg,METAL
train,test,metal216_jpg.rf.e2c9cdb5c721902147c2d6c12995609e.jpg,METAL
train,train,metal217_jpg.rf.d656e3937b466a84835503d51abbd18a.jpg,METAL
train,train,metal218_jpg.rf.8ba68a8b4499a04eabfd7c466772f24f.jpg,METAL
train,train,metal221_jpg.rf.c3313b9ae383f2d0f24619d0a8dfaa07.jpg,METAL
train,train,metal222_jpg.rf.4f956015928d887f67d100abe776635b.jpg,METAL
train,test,metal223_jpg.rf.f30481068885c806f2de3d9682ffc10d.jpg,METAL
train,train,metal226_jpg.rf.e9917f53b3b5b48388e9adeef54fc065.jpg,METAL
train,train,metal227_jpg.rf.23e8e9177a5454078431572cc28e9f3c.jpg,METAL
train,train,metal228_jpg.rf.dc7f2acf2223ca2a1488d26812971768.jpg,METAL
train,test,metal229_jpg.rf.bb8302fd85a428a88fa95fff225da194.jpg,METAL
train,test,metal232_jpg.rf.8497b9b21bf382327e2feb28431ffce6.jpg,METAL
train,test,metal234_jpg.rf.47667693f002e71328d16d75e713dfe0.jpg,METAL
train,test,metal237_jpg.rf.5e3829f624fcca3ac23b567f24baed4d.jpg,METAL
train,train,metal238_jpg.rf.1a1b2938d8a290a5efa66b9395fd4fc1.jpg,METAL
train,train,metal23_jpg.rf.a8982b96a82e98e056050639b93a550f.jpg,METAL
train,train,metal240_jpg.rf.63f54e0cfbcc4112137d57fa7ce4ff8f.jpg,METAL
train,test,metal242_jpg.rf.ff6c77b26562181f03bc6805ceb177ee.jpg,METAL
train,train,metal243_jpg.rf.41a7f49b42ae5395d52736feaa22f2d9.jpg,METAL
train,train,metal245_jpg.rf.124cecf1ff6a80e192cbfa449bae30fd.jpg,METAL
train,test,metal246_jpg.rf.3f730341f6ac5503f111f3d5d0dfa378.jpg,METAL
train,train,metal247_jpg.rf.942e2b8ddc9b31895342bd20ac52b382.jpg,METAL
train,train,metal248_jpg.rf.999b6460cd0fe86335b037dbe41f1ad1.jpg,METAL
train,train,metal249_jpg.rf.33021bbfa58856f9d65ce83fe21e8a2e.jpg,METAL
train,train,metal250_jpg.rf.70cb36584f20bf5003522d15d9612cc2.jpg,METAL
train,train,metal251_jpg.rf.57167702f61ea1b1b61c6eea3da2c5cf.jpg,METAL
train,train,metal252_jpg.rf.5ae8e5197ab4e3d3af83f115120372cb.jpg,METAL
train,train,metal254_jpg.rf.cc2709b9de1c435d9f30ec03a7862e0e.jpg,METAL
train,train,metal256_jpg.rf.ab3a9965064b1d66b6f8ac82cb06816f.jpg,METAL
train,train,metal257_jpg.rf.f3d004cfcbad21f53c006e8390178736.jpg,METAL
train,train,metal258_jpg.rf.bae32878aa190f9843d710fd040fd060.jpg,METAL
train,test,metal25_jpg.rf.fa3509cbd8f7b35637084d41d080bc80.jpg,METAL
train,train,metal260_jpg.rf.cf6abba82798a70ba3c8f206ed924056.jpg,METAL
train,train,metal262_jpg.rf.909487c4956d82d5606940b7cdda9266.jpg,METAL
train,train,metal265_jpg.rf.9ab089eded1ea772fe56baa3a1b32167.jpg,METAL
train,train,metal266_jpg.rf.54d1d715c3df71e4f0e0877dba76f33d.jpg,METAL
train,test,metal268_jpg.rf.1783b794c05961089a58c065d2ad3580.jpg,METAL
train,train,metal269_jpg.rf.5049ad579e1036912cd1422604e87e5d.jpg,METAL
train,train,metal270_jpg.rf.056d824ab3ced751cc14d7f6a6604f56.jpg,METAL
train,train,metal271_jpg.rf.2ca637ae3ae1571c0d758001efddee65.jpg,METAL
train,train,metal272_jpg.rf.df6b4f18d46ee85c33046d1cb2f125cb.jpg,METAL
train,train,metal274_jpg.rf.4a3af8cb552cd87beb90859b7f98585c.jpg,METAL
train,train,metal275_jpg.rf.626420ebc0f55e9a67f0f8c103f45289.jpg,METAL
train,train,metal276_jpg.rf.572c5f01367b79fedcb059b907aacbaf.jpg,METAL
train,test,metal279_jpg.rf.9ac58e7ab7c2aa5cb57471703f365511.jpg,METAL
train,train,metal27_jpg.rf.61cb2d7b655aa449c9846d415394ecdf.jpg,METAL
train,test,metal280_jpg.rf.cb748931e748b5d52c8862e34c09ad39.jpg,METAL
train,train,metal281_jpg.rf.4f3ab8389a1c2e5aebc5e7b1b8bc16fb.jpg,METAL
train,train,metal282_jpg.rf.eb34446c831daa785c4a9b9c158990fd.jpg,METAL
train,test,metal283_jpg.rf.77085f5929135008258b4aeb2ed3086c.jpg,METAL
train,train,metal284_jpg.rf.dba1210fb5d647418a6ca228be444626.jpg,METAL
train,train,metal286_jpg.rf.3860a4f40e2a05cdbd1c7b8ef789c1af.jpg,METAL
train,test,metal287_jpg.rf.23cd2640e7edcf99c9cc75f43afe02ae.jpg,METAL
train,test,metal289_jpg.rf.40f6facb9aed48dd5a1f3ba04932f5c6.jpg,METAL
train,train,metal28_jpg.rf.fb06d3b3bbf7b9b28588932797211d83.jpg,METAL
train,test,metal292_jpg.rf.7b17daa581144a26f4f0bead419e5b6c.jpg,METAL
train,train,metal293_jpeg.rf.e20e75fa36cabdce1c96ecfdd6420913.jpg,METAL
train,train,metal294_jpg.rf.b7cc506c54fd1ee1290bc78d8fa961f6.jpg,METAL
train,test,metal295_jpg.rf.68ef535b4591eea66422b52f5dc8506a.jpg,METAL
train,test,metal297_jpg.rf.906cd706315df5e10fb512351995fc35.jpg,METAL
train,test,metal29_jpg.rf.5cadc019ff77d286f7a7b0e9affd13df.jpg,METAL
train,train,metal2_jpeg.rf.22833d6cec8a9f3fd54174d039548692.jpg,METAL
train,test,metal301_jpg.rf.0dd640126cac52357fa3131c42218312.jpg,METAL
train,test,metal302_jpg.rf.4d08f269d51159b05db74462f195afb2.jpg,METAL
train,train,metal303_jpg.rf.41e309486f5b69db6ab366dca2dbe1b5.jpg,METAL
train,train,metal304_jpeg.rf.11c6271d636ad80f43ce22284ef521d0.jpg,METAL
train,train,metal305_jpg.rf.76f025986fe9994d5420de804923c854.jpg,METAL
train,train,metal306_jpg.rf.f9e9173316cc0086dedf30242fa9ba59.jpg,METAL
train,train,metal307_jpg.rf.564f3da871252062ea9664f0de489c9e.jpg,METAL
train,test,metal309_jpg.rf.1331778225b5da7058538ef5a1c3ff1d.jpg,METAL
train,train,metal30_jpg.rf.bb68bd1b3a709624b04d664e7ff564bc.jpg,METAL
train,test,metal310_jpg.rf.b3569ee615042585a0952c3acd0f36d2.jpg,METAL
train,train,metal312_jpg.rf.bdea4f7607ec8d3d207e0d5982cdba59.jpg,METAL
train,test,metal313_jpg.rf.85bc0d2eaab6a7289bf5fa30db9e328c.jpg,METAL
train,train,metal314_jpg.rf.c36f1a5c461168722463b073a844966f.jpg,METAL
train,train,metal318_jpg.rf.8cc08b52da4b7cc6a352c8f5a6b0637c.jpg,METAL
train,train,metal319_jpg.rf.52fdb30df3b3b425e09fe2bbeebf847d.jpg,METAL
train,train,metal31_jpg.rf.b5d60b8c344a43475560285dbe29b077.jpg,METAL
train,train,metal320_jpg.rf.32fbbc7ed212de6a4d95e2787dae3733.jpg,METAL
train,train,metal321_jpg.rf.802889604609a4a19f0fcd34e814fe78.jpg,METAL
train,train,metal325_jpg.rf.9398f8c53ae7fb633f5852e218c13245.jpg,METAL
train,train,metal326_jpeg.rf.d84bd34d4c966a9bbdbbeabcb126d3e9.jpg,METAL
train,test,metal327_jpg.rf.aecd4fc462b07c8e4141398fb8432469.jpg,METAL
train,test,metal328_jpg.rf.d69958d38bbe3026a1908ffbcc7919e8.jpg,METAL
train,test,metal32_jpg.rf.ec6b4bac450c6e7b73b32ece688c49dc.jpg,METAL
train,train,metal330_jpg.rf.18aec116e60f6518ec8637e6ed76aa3d.jpg,METAL
train,train,metal331_jpg.rf.627989f6c041ec8b48d01ec913b0f4c2.jpg,METAL
train,train,metal333_jpg.rf.823890afe3ebd8fff1d4662f9d0666d8.jpg,METAL
train,test,metal334_jpg.rf.2d762dea209225a355276b3c87ed1d98.jpg,METAL
train,train,metal335_jpg.rf.1f76c00ba2e087ce9a07d93764a93c53.jpg,METAL
train,train,metal336_jpg.rf.e7f8f1c0cddae93476d8c91bca425c8b.jpg,METAL
train,train,metal337_jpeg.rf.d9bc4c25caaf0c32a4a0cc2eda658355.jpg,METAL
train,test,metal339_jpg.rf.8f04d4a4f2e55eb4fa18e3284171d9d4.jpg,METAL
train,train,metal33_jpg.rf.3f77198d93c677ffd2a461c4d86b63a8.jpg,METAL
train,train,metal340_jpg.rf.e227ddc29609742c6df0538e2ce6fd1a.jpg,METAL
train,train,metal342_jpg.rf.fd092d054e624b66b651ed4ec4d396af.jpg,METAL
train,train,metal343_jpg.rf.e1bb5af8e81a37f2818c54398d290c1c.jpg,METAL
train,test,metal344_jpg.rf.fa7dfcf7b257b653122e08836ade9c89.jpg,METAL
train,train,metal345_jpg.rf.aab2a79e1566b0735986c17a91da21cf.jpg,METAL
train,train,metal346_jpg.rf.fd5a659656e881c30795183289089994.jpg,METAL
train,train,metal347_jpg.rf.db1d6407a55f0327e08c0371050d80ff.jpg,METAL
train,test,metal349_jpg.rf.73ad3177c03bdd62049987714bddcdbc.jpg,METAL
train,train,metal34_jpg.rf.f3ef9a103f3b7fbf68c24df12f041632.jpg,METAL
train,train,metal350_jpg.rf.b7b4b6002cb4f390c7fce230b7a7f955.jpg,METAL
train,test,metal351_jpg.rf.93e9c571970b81e3b3dd23023133bbc8.jpg,METAL
train,test,metal353_jpg.rf.c6fdff7e7266a9e45a13dc81eea7f099.jpg,METAL
train,train,metal354_jpg.rf.09e631404a68818bd804229b2ef5178e.jpg,METAL
train,test,metal356_jpg.rf.c2f3e1a5307eedb24d1b31269dac2485.jpg,METAL
train,train,metal357_jpg.rf.0296f5781bf588f1bc3d980c6c0d6fcd.jpg,METAL
train,train,metal359_jpeg.rf.ea9008b40b5b1e25f7d30f123472967f.jpg,METAL
train,test,metal361_jpg.rf.ee892461361e0e3dbf4d04e401650ea3.jpg,METAL
train,train,metal362_jpg.rf.fe70765da899f8c86a98bf5b0430bf97.jpg,METAL
train,train,metal363_jpg.rf.33545a3cbf6b7f0d8c419cabf2833881.jpg,METAL
train,train,metal364_jpg.rf.bb317408ec90896ca92aa26ea4f00c02.jpg,METAL
train,train,metal365_jpg.rf.d02a66d1dce5d59339928300d0a6356d.jpg,METAL
train,train,metal366_jpg.rf.c4fa3eea57e60797c374e6d2ebd6363d.jpg,METAL
train,train,metal367_jpg.rf.d5eec2372422f3a549b847625cefbca1.jpg,METAL
train,train,metal368_jpg.rf.a7c48eeae98a69df3ee04a6ebe5f4b68.jpg,METAL
train,train,metal370_jpeg.rf.fb9a73e5d5889fd62db496365ac7add9.jpg,METAL
train,train,metal371_jpeg.rf.080412fd1ca3a4da37ddbefd8e7e6ab4.jpg,METAL
train,test,metal372_jpg.rf.7671d4d39eb45c276d5442b2c0f892c5.jpg,METAL
train,test,metal375_jpg.rf.6d1f22005746758019e6d3643ae09c85.jpg,METAL
train,train,metal376_jpg.rf.6e6be0dfd5bfc16a6da1c528159a3c57.jpg,METAL
train,train,metal378_jpg.rf.9dc0067a7dbd2c5deaa2970d5372accc.jpg,METAL
train,train,metal37_jpg.rf.2100fd7adf3372d38816247b37b9ed31.jpg,METAL
train,train,metal380_jpg.rf.b62f73fea16ec6f87ac23969fc41095d.jpg,METAL
train,train,metal381_jpg.rf.90ec663838538de3148be439ecee4c63.jpg,METAL
train,train,metal382_jpeg.rf.b6bd30034c4c71e15a45f3f5006f046d.jpg,METAL
train,test,metal384_jpg.rf.28dcb5ee09f065c859740d8416520674.jpg,METAL
train,train,metal385_jpg.rf.ae4071c653ece4a06bd100560c939c26.jpg,METAL
train,train,metal386_jpg.rf.c77becc60fbb7b522b57f5ab00d48eda.jpg,METAL
train,train,metal388_jpg.rf.1f48f909d496759c765100a6bc9128ba.jpg,METAL
train,test,metal389_jpg.rf.afcbe1c1af772aeac296ede18ef41adf.jpg,METAL
train,train,metal38_jpg.rf.5fb7dbe85c4babe3abab4bcb34906183.jpg,METAL
train,test,metal391_jpg.rf.d2d79150c42df8cd64bea8d65acc58ab.jpg,METAL
train,test,metal393_jpeg.rf.90ba6c241ce0b165a2f2ed6f48a4a1e5.jpg,METAL
train,test,metal394_jpg.rf.0117986e30ba1e6d4f7ef3bf262f34e7.jpg,METAL
train,train,metal395_jpg.rf.35024ab26779463e2a1bf0c703172710.jpg,METAL
train,train,metal396_jpg.rf.e47b82eda85102342871a56af4dabffd.jpg,METAL
train,train,metal397_jpg.rf.5a7185c31cb00ce567c861b8e033c00c.jpg,METAL
train,train,metal398_jpg.rf.aaef9432412158a7919686250b652e28.jpg,METAL
train,train,metal399_jpg.rf.d68e89eb17d111172909b698b0152806.jpg,METAL
train,test,metal39_jpg.rf.80f4a99bc70dcb67ed7094f278a77900.jpg,METAL
train,train,metal3_jpg.rf.f172120116b87c5859ded8a59912cd73.jpg,METAL
train,train,metal400_jpg.rf.e3a015deec71a44fad0bb6fc53fe4ee1.jpg,METAL
train,train,metal403_jpg.rf.39a67f9051f729b403dbdb912ce8235e.jpg,METAL
train,valid,metal404_jpeg.rf.026e67c6482118d8fed09b9415d80197.jpg,METAL
train,train,metal405_jpg.rf.3790971cb2afcc03acfce209d795b5b0.jpg,METAL
train,train,metal406_jpg.rf.d2d5a41fa26eecece2857d9d848a15cb.jpg,METAL
train,train,metal407_jpg.rf.11009ebbcffcc882e4273cbe3eababf8.jpg,METAL
train,valid,metal408_jpg.rf.a7ec40baf7645581902faa514252c4c0.jpg,METAL
train,train,metal40_jpg.rf.2c7b66e40adcef3b141a228f5b35a240.jpg,METAL
train,train,metal410_jpg.rf.e01917170cb2040c222e2968cd025d3f.jpg,METAL
train,valid,metal411_jpg.rf.e8a6968d5c46b59cc8146f3bdd2b6b3e.jpg,METAL
train,train,metal412_jpg.rf.2148d6df297cad4912877c8174383fc5.jpg,METAL
train,train,metal413_jpg.rf.243c757a789b793e5277ac1299e42c3c.jpg,METAL
train,valid,metal414_jpg.rf.f0dcd459f9bb869fffd63dd954615ad5.jpg,METAL
train,train,metal415_jpeg.rf.a59d7f554cd4b14e26853e66089cab67.jpg,METAL
train,train,metal416_jpg.rf.1f1868ab6b6f25094b4f84f74f455d5d.jpg,METAL
train,train,metal418_jpg.rf.3c55cdadc64ed31d2186b680393bb44c.jpg,METAL
train,valid,metal419_jpg.rf.2a306df96e9556f377e814917822a83f.jpg,METAL
train,train,metal420_jpg.rf.b53909a6bb21e9451e3fb7355d938127.jpg,METAL
train,valid,metal421_jpg.rf.a72610fcca7e64897f4401bceac2c89d.jpg,METAL
train,train,metal422_jpg.rf.013a9aa677d3731a39807a9226e1f43a.jpg,METAL
train,train,metal423_jpg.rf.05fa25cbcbe57c648bffc98ffac5cfbf.jpg,METAL
train,valid,metal424_jpg.rf.bbff6c47287c7d5bed388017f0371740.jpg,METAL
train,train,metal425_jpg.rf.1b708aaf2524dd45ccade672626c671b.jpg,METAL
train,valid,metal428_jpg.rf.2d1d755346af25206d5c63c09a4f3d46.jpg,METAL
train,train,metal429_jpg.rf.21409ce4e2014609fd1a236912d47a69.jpg,METAL
train,train,metal42_jpg.rf.09e7de37d1883b459e2022b291b391c2.jpg,METAL
train,train,metal430_jpg.rf.f10801c6da38272361532e05acfb1aae.jpg,METAL
train,train,metal432_jpg.rf.9e400661ef7e986505ae636632ef9f3a.jpg,METAL
train,train,metal435_jpg.rf.11013962f967153402962f1d8d75fc74.jpg,METAL
train,train,metal436_jpg.rf.b832961b67df9ef68783f53677183474.jpg,METAL
train,train,metal437_jpeg.rf.cdcc9e09d0f46528b5fac3988fe4e15a.jpg,METAL
train,valid,metal438_jpg.rf.680e16030f72910f9032ef18bde96832.jpg,METAL
train,valid,metal439_jpg.rf.de1ac95f6076c35fc6d9e97ea6db71f0.jpg,METAL
train,train,metal43_jpg.rf.77928c8325b207b9650c9eeb46ed8182.jpg,METAL
train,train,metal441_jpg.rf.cfce7ca735c0f8df5583582162402b51.jpg,METAL
train,train,metal442_jpg.rf.78f191c8cd8f31f3c2749d125c43e9ac.jpg,METAL
train,valid,metal443_jpg.rf.4ba238b27f29b07a3e86715a98f55fb8.jpg,METAL
train,train,metal444_jpg.rf.53953d76fc8596a5cdef48b71c820a4f.jpg,METAL
train,train,metal445_jpg.rf.1e237697ce8cd63835cdd67491343a8a.jpg,METAL
train,train,metal446_jpg.rf.2a402994d8ca8999fbe94fd02f4abc0f.jpg,METAL
train,train,metal447_jpg.rf.77f43d7c08fd67916bbe4fa829108860.jpg,METAL
train,valid,metal448_jpeg.rf.a9bbe35fecfe8aff0c89717578ae9848.jpg,METAL
train,valid,metal449_jpg.rf.01c67f453c6531b8ffdd2abf9515ea1d.jpg,METAL
train,train,metal44_jpg.rf.1b5e4669f0364d82c37b1f511580705c.jpg,METAL
train,valid,metal451_jpg.rf.b5570b77c74e078decd1beccc1f669cc.jpg,METAL
train,train,metal452_jpg.rf.934657e59cb47b30629a60bebd83d291.jpg,METAL
train,valid,metal453_jpg.rf.6737563aa7c6785d49eae0d9ee03bc3b.jpg,METAL
train,train,metal455_jpg.rf.8ce462333fa198cd2e73c4226d165d58.jpg,METAL
train,valid,metal456_jpg.rf.774b1e692a7f5f8165bbf34e69b99152.jpg,METAL
train,valid,metal459_jpeg.rf.d856469a1c0e3a639cb9630879fba06b.jpg,METAL
train,valid,metal45_jpg.rf.76d175a02910494d818d50d9767c17a9.jpg,METAL
train,valid,metal461_jpg.rf.6e777803b255e11bc851fec89b0102b4.jpg,METAL
train,train,metal462_jpg.rf.2bebc96656121b14c93012c5287abdee.jpg,METAL
train,train,metal463_jpg.rf.7ae6922b5cb757ecfcc84cd80ccb7219.jpg,METAL
train,valid,metal464_jpg.rf.cb65937f59da2a13f481d082dde4b5e7.jpg,METAL
train,valid,metal465_jpg.rf.0b5fd0db20ff65e7ae9d1b797796976e.jpg,METAL
train,valid,metal467_jpg.rf.af657ac960f3f86f089fd235983c66bb.jpg,METAL
train,train,metal468_jpg.rf.17a535e9e6df3eb98f7d26f40a37f231.jpg,METAL
train,train,metal46_jpg.rf.ebe7b54aa4700f37bdd15b0cdb501c51.jpg,METAL
train,valid,metal470_jpeg.rf.de1fe11eca7111cb62f49c8353d06f59.jpg,METAL
train,train,metal474_jpg.rf.ca67311ef611b80f7d2a91ff09543802.jpg,METAL
train,train,metal476_jpg.rf.15678b4dbed101f4d925e44024684dc0.jpg,METAL
train,train,metal477_jpg.rf.6e2a47192fd40efdca77e9b892275a00.jpg,METAL
train,train,metal478_jpg.rf.e3413e990f5e96d7b19d77ef4cdf470f.jpg,METAL
train,train,metal47_jpg.rf.0919f56c5f1c8fd037c5b1b68d8e0150.jpg,METAL
train,train,metal480_jpg.rf.91734a7dfb90cbb24346c96ee1a2af65.jpg,METAL
train,train,metal482_jpeg.rf.beace72c6225d6a95bdb0e1617994451.jpg,METAL
train,valid,metal483_jpg.rf.85473994f116d5c9b8ebb6a2dc7b3887.jpg,METAL
train,valid,metal484_jpg.rf.215f22ceae07f1600a5813ef4e901360.jpg,METAL
train,train,metal485_jpg.rf.858713cfbaa9ed3e43d026b4443f90a6.jpg,METAL
train,valid,metal487_jpg.rf.1cd5aeae77e7f3b2b61b45977afe544a.jpg,METAL
train,train,metal488_jpg.rf.3de56da8ca8d01321a41fc85e038b2cb.jpg,METAL
train,valid,metal490_jpg.rf.8883789cbf6a575f4fe2b70d8825c2c0.jpg,METAL
train,train,metal491_jpg.rf.a4cead2a8a8137dc5c6b4417c47c1143.jpg,METAL
train,train,metal493_jpeg.rf.ea2382936797541b8f7584fc1b254652.jpg,METAL
train,train,metal494_jpg.rf.8897467cac3d050f75f5c5c0e3274229.jpg,METAL
train,train,metal496_jpg.rf.3915134fbd59cc2574830382bed995c6.jpg,METAL
train,train,metal497_jpg.rf.5d114d0e1f0a8f57d7347856c13513c2.jpg,METAL
train,train,metal498_jpg.rf.50dad873ebe3f5e0872a27cfcf5abeab.jpg,METAL
train,train,metal499_jpg.rf.bd5d1fa0daaf26d6965c7761cd8a9109.jpg,METAL
train,train,metal49_jpg.rf.b4085da6e9ebb1e0b68a3ce897fcd7b1.jpg,METAL
train,test,metal4_jpg.rf.95bf1c428ead5f8f591d5597fd3f81a6.jpg,METAL
train,valid,metal500_jpg.rf.2469e149e7a3791ae4cb5decfc38b13a.jpg,METAL
train,valid,metal504_jpeg.rf.085fd2338aaa20ae4e9bbeb0f6d1e491.jpg,METAL
train,train,metal505_jpg.rf.29f67032d19e1a9619f9a0fd447c40e9.jpg,METAL
train,valid,metal506_jpg.rf.a7d28fb44f08821a3ad47f75ba763bf4.jpg,METAL
train,train,metal508_jpg.rf.ec717652434fbb10fbfa41717fed0752.jpg,METAL
train,train,metal509_jpg.rf.5265d82b4bccf78b6f569ad088989273.jpg,METAL
train,valid,metal511_jpg.rf.4f19666db81031c1246860c7cf21065a.jpg,METAL
train,train,metal513_jpg.rf.2bf99e088530cc17815756f3717565ad.jpg,METAL
train,train,metal515_jpeg.rf.10f4cf4f1a84ef3b7890c7990f2816aa.jpg,METAL
train,valid,metal516_jpg.rf.37a748a313bf1e639d6d6c0e7056ec3b.jpg,METAL
train,train,metal517_jpg.rf.bdcdae2dd2e871fc589cffdee7e6154f.jpg,METAL
train,train,metal519_jpg.rf.090fdf39e4e6353ad2dd4000f5d9ed85.jpg,METAL
train,train,metal51_jpg.rf.3017f56db47436452008202b7c4e808e.jpg,METAL
train,train,metal522_jpg.rf.3cf26edcda5625c1b05ac1e58db11b65.jpg,METAL
train,train,metal524_jpg.rf.50ebcdc3d9423bb9d719b6da2b0c3342.jpg,METAL
train,train,metal527_jpg.rf.611e619c614575cd9a3738b1357001ca.jpg,METAL
train,valid,metal528_jpg.rf.6907fa3cb6ecfb35ff9a6567a92d73de.jpg,METAL
train,valid,metal529_jpg.rf.552e9305f9fb0839fec116cb56ce0b93.jpg,METAL
train,train,metal530_jpg.rf.f79e31ef4ac09b4d150c8e9826e2e8c7.jpg,METAL
train,train,metal533_jpg.rf.406f989423e2cf0450954b618a19c48f.jpg,METAL
train,valid,metal534_jpg.rf.8e7636cf5adfc1bc6887e03741a23cf9.jpg,METAL
train,valid,metal535_jpg.rf.dfa27d751bf76e65298d97b878ed878a.jpg,METAL
train,valid,metal536_jpg.rf.abc0e7987240f0e182536b1755fceafb.jpg,METAL
train,valid,metal537_jpeg.rf.f5acdee85e8f28016f2d498e85e4abf9.jpg,METAL
train,train,metal538_jpg.rf.8ebfd7e8464ab097fbbd67a39d78147b.jpg,METAL
train,train,metal539_jpg.rf.35976266f09d260911b4a0435ef3afb8.jpg,METAL
train,train,metal540_jpg.rf.6c3e8afaae14d9573137e44100490e47.jpg,METAL
train,valid,metal541_jpg.rf.3d27faaf04a39d270a1bb52eb888bff0.jpg,METAL
train,train,metal548_jpeg.rf.748e3e9e7ffd2fdbc9186607e4d5879e.jpg,METAL
train,train,metal549_jpg.rf.e101d0b010296a44e7b4b93f6c8dfc37.jpg,METAL
train,valid,metal54_jpg.rf.3dc63185bd5e9ed110dccb5cfc3f42c0.jpg,METAL
train,train,metal550_jpg.rf.c5b0b840ca39a28027dff235d8da609c.jpg,METAL
train,train,metal551_jpg.rf.dc59eb97554756cb6f6a4f7c692c3d65.jpg,METAL
train,train,metal552_jpg.rf.a8987d6c313f13d548c4d9d4f61daa72.jpg,METAL
train,train,metal553_jpg.rf.d01ebe51599b180a1d259014e9b9c7d2.jpg,METAL
train,train,metal554_jpg.rf.b6c6250bac451dbad71741ed9835f452.jpg,METAL
train,train,metal557_jpg.rf.413194cbd671535a2654eb37ce57df62.jpg,METAL
train,train,metal558_jpg.rf.8c4c7696c4024d885e459b7b7fae2686.jpg,METAL
train,train,metal55_jpg.rf.2b350a70b0559fafccc64850ae5eb414.jpg,METAL
train,train,metal560_jpg.rf.0d498d3642a6044a882cd8d5e52cec43.jpg,METAL
train,valid,metal561_jpg.rf.63e029a3b8adb8235fb7dc6f4cb7a4a7.jpg,METAL
train,train,metal562_jpg.rf.7fd8749fa487c91a37dbeb9fa70a4dc4.jpg,METAL
train,train,metal563_jpg.rf.431033d0613fdf819289e209f347358b.jpg,METAL
train,train,metal565_jpg.rf.b02478438e006c2683cb0d627c90357b.jpg,METAL
train,train,metal566_jpg.rf.b4ab9e5d9c129872fb1755370505ba3b.jpg,METAL
train,train,metal567_jpg.rf.8242a73253542ef9a7b5ddc2e957e3df.jpg,METAL
train,train,metal569_jpg.rf.1fe5a51c626a2fc6283bc9fdfa14d6ef.jpg,METAL
train,train,metal56_jpg.rf.abca1b78857aeee84718f59b44e928fd.jpg,METAL
train,valid,metal570_jpeg.rf.e879ff6911aaa0f0aefdeac571c7d8ac.jpg,METAL
train,valid,metal571_jpg.rf.62690b085502d932f261e1587692b165.jpg,METAL
train,train,metal572_jpg.rf.209e90bbacefbfd7482d1a401098d27c.jpg,METAL
train,train,metal576_jpg.rf.9f0f01b154c8801f8156a42b3486586c.jpg,METAL
train,valid,metal577_jpg.rf.5e0f0f307a0489a3ac2f579c6161c5b3.jpg,METAL
train,train,metal578_jpg.rf.09b3564972bb066b203a2d36ce7f7237.jpg,METAL
train,train,metal579_jpg.rf.bdb7d973bd6d8f809b91b0d11b098e04.jpg,METAL
train,train,metal581_jpeg.rf.9e750c85b99f8c1d26b9fcbca51522d5.jpg,METAL
train,valid,metal582_jpg.rf.681dec9c833e0724bc9abc65842009f6.jpg,METAL
train,train,metal583_jpg.rf.cee19f5b17ffcd9b9630c1f86c90b2f0.jpg,METAL
train,train,metal584_jpg.rf.a741479039747472a3739274d1aec9b1.jpg,METAL
train,valid,metal585_jpg.rf.b4fdf1663a7dc84ec1e1ecc17be86690.jpg,METAL
train,train,metal586_jpg.rf.decd28f5e52a22f59798b3e7d22835c2.jpg,METAL
train,train,metal588_jpg.rf.852a4eda0f89a3070d32425f22e3cec4.jpg,METAL
train,valid,metal589_jpg.rf.424960ba70c64b780ba0a74cfb27c779.jpg,METAL
train,train,metal58_jpg.rf.10d8e0643b1bf7fff8029946f94579e4.jpg,METAL
train,train,metal590_jpg.rf.54c677215c664d0bb8c7f23a61be4e67.jpg,METAL
train,train,metal591_jpg.rf.8f5a77aa7142582361434ea7b8d7432d.jpg,METAL
train,train,metal593_jpeg.rf.955490092e63163fc4605ec73a43b4b6.jpg,METAL
train,valid,metal594_jpg.rf.9140b4458fe0e4bee1f2dc47e9907fde.jpg,METAL
train,train,metal595_jpg.rf.1e98a9713eb333f50ff386c166635371.jpg,METAL
train,train,metal596_jpg.rf.8a5addb245dcf204024de81607f70ffa.jpg,METAL
train,valid,metal598_jpg.rf.8102db232d63255a2a90a3d1a1872f8c.jpg,METAL
train,valid,metal59_jpg.rf.54ffe5ac501d456f486508d4d8bf60b3.jpg,METAL
train,train,metal5_jpg.rf.cd361f563a227f6739f2589fefc6d725.jpg,METAL
train,train,metal600_jpg.rf.7be88019f70677d2d4c5164e2d0011d2.jpg,METAL
train,valid,metal601_jpg.rf.c5dc6c02f7082d52d6f0a0760253a98a.jpg,METAL
train,train,metal602_jpg.rf.acb26ba32d6e91c0442a94d254a0e934.jpg,METAL
train,train,metal603_jpg.rf.add809b32035227bbe86a7cc2adf91ea.jpg,METAL
train,train,metal606_jpg.rf.af624c7132b528fc7f0013f61e6465af.jpg,METAL
train,valid,metal607_jpg.rf.7a195fb0e625ff046e083293f86fe70c.jpg,METAL
train,train,metal608_jpg.rf.a92dd1e2b547264c4dbef5e3303d6bd4.jpg,METAL
train,valid,metal609_jpg.rf.896bfe87744efd05c7d5c15902950099.jpg,METAL
train,valid,metal60_jpg.rf.a2ccbc83a4772af66eb8d10d0a5e9152.jpg,METAL
train,train,metal610_jpg.rf.8f14eb875cf731e24d6bde98dd4919f6.jpg,METAL
train,train,metal611_jpg.rf.6fee04b0c463cc15e807c963208b7798.jpg,METAL
train,train,metal613_jpg.rf.7a9450c5bb3657d78425bbe878be17c2.jpg,METAL
train,train,metal614_jpg.rf.f8f334c486aa460d3b80c58b3dc5b81f.jpg,METAL
train,valid,metal615_jpeg.rf.82f7df6c7d81e0732f15e281df43a9c7.jpg,METAL
train,train,metal616_jpg.rf.5f99e72462bbc13986ee83c21b75375a.jpg,METAL
train,train,metal617_jpg.rf.1963306dba09a69325c7f1d7cc4b5346.jpg,METAL
train,train,metal618_jpg.rf.1c63cf073bda7c42b835050fa734b126.jpg,METAL
train,train,metal619_jpg.rf.7a0fabb59fd562879eb61d2d00d6f2e1.jpg,METAL
train,valid,metal61_jpg.rf.94b6bf316a3514dc16db27093736aab0.jpg,METAL
train,train,metal621_jpg.rf.1a01b1fc4467171d7f2d467fcb5770a4.jpg,METAL
train,train,metal623_jpg.rf.0de5fa2202e76f7beea4bcf9fcccf19f.jpg,METAL
train,train,metal624_jpg.rf.abfcb46c70f0b6a0005c5fc04357bb12.jpg,METAL
train,train,metal625_jpg.rf.d174840f340e78e498feb7e024e9c70b.jpg,METAL
train,train,metal626_jpeg.rf.b672a20871f436f07a54659762868666.jpg,METAL
train,valid,metal628_jpg.rf.b9dc1d7f96e2533b391ac4bcc778115e.jpg,METAL
train,train,metal629_jpg.rf.8c7533c9379eba80d46fcf54986ffa0c.jpg,METAL
train,valid,metal631_jpg.rf.8648ac98cef88c72571d2fa5522f28b8.jpg,METAL
train,train,metal632_jpg.rf.293beb1ddf1ad5d1d5f899d1fdcb4903.jpg,METAL
train,valid,metal633_jpg.rf.f7e67e5be570eead59e16e4345d23681.jpg,METAL
train,train,metal637_jpeg.rf.cda74371327c062bd90eeb837b7f0af3.jpg,METAL
train,train,metal639_jpg.rf.5c214a582eb9cff0bf33900dea831b89.jpg,METAL
train,valid,metal63_jpg.rf.e8e46793a7f743816103ff68a0e7d304.jpg,METAL
train,train,metal640_jpg.rf.16a5be1f857ba3a29d44eb8ea0e38e74.jpg,METAL
train,train,metal641_jpg.rf.e521f6a1c7477581ccaa01f5ba4be60f.jpg,METAL
train,train,metal642_jpg.rf.273b0b2a1c151e9a90deac26276cf9e7.jpg,METAL
train,train,metal644_jpg.rf.688915e6820e14a711c84cc3809c53fc.jpg,METAL
train,valid,metal645_jpg.rf.59e8d68afb9092f75e0562e4a0c24311.jpg,METAL
train,train,metal646_jpg.rf.b4cff0d03a72c198cffa06fd37435212.jpg,METAL
train,train,metal647_jpg.rf.a34ce553665c30760df1e1789135c12c.jpg,METAL
train,train,metal648_jpeg.rf.80bf29f0b707405c588b224055782bf7.jpg,METAL
train,train,metal649_jpg.rf.2f5f084e298aee0ae2b70437b6cd750d.jpg,METAL
train,valid,metal64_jpg.rf.e8ac7a31cdc46b947e8a6642b74133c8.jpg,METAL
train,train,metal651_jpg.rf.b7c9de40381679ca612144d4f3e94580.jpg,METAL
train,valid,metal652_jpg.rf.0b725f5b0f86212b3ede5221befb2b66.jpg,METAL
train,train,metal653_jpg.rf.485797bce06cb960f3da556d89ec5a4e.jpg,METAL
train,valid,metal654_jpg.rf.b1c2e22370e748a24ef373955445435e.jpg,METAL
train,train,metal656_jpg.rf.fd270c63da3ac9c20ad71960374eaac8.jpg,METAL
train,train,metal658_jpg.rf.63041f6208f37529ae650d9d6651c2fd.jpg,METAL
train,train,metal659_jpeg.rf.4e92464826ba2c208711843654f81365.jpg,METAL
train,train,metal660_jpg.rf.62e5ab1e95cfe1a79d599f71885f844b.jpg,METAL
train,train,metal661_jpg.rf.f5960adc4edfee79aa2bfcd9e968ae49.jpg,METAL
train,train,metal663_jpg.rf.a2707c8f35acba78f8d3f96272010be3.jpg,METAL
train,train,metal664_jpg.rf.82a16167a10c2e9432cac68d3de54feb.jpg,METAL
train,train,metal668_jpg.rf.e574a41b014020f5c9366540030c2b01.jpg,METAL
train,train,metal669_jpg.rf.04da90fc7676152985de09ead55cb521.jpg,METAL
train,valid,metal66_jpg.rf.7d9ad7b06225552f0d77e4ce37ada10b.jpg,METAL
train,train,metal670_jpeg.rf.7cb4617faa5980c19b0eb3ea85b18718.jpg,METAL
train,train,metal671_jpg.rf.99dc9f38986cb277bbd31e54415b3a66.jpg,METAL
train,train,metal672_jpg.rf.8e41ed74a9ce321c462016a32133fe7a.jpg,METAL
train,train,metal673_jpg.rf.a4bf224f5fffc68ec6fa5adb51af932d.jpg,METAL
train,train,metal674_jpg.rf.be85916c9dacf828d1455a6dc487f283.jpg,METAL
train,train,metal675_jpg.rf.2a5326a31773bef663ad3a0f84ca26db.jpg,METAL
train,train,metal677_jpg.rf.1c0d15baf41c90c9a4a783595d074d7a.jpg,METAL
train,valid,metal678_jpg.rf.f737dc120b55d340284d3dffb1b2d8b4.jpg,METAL
train,train,metal679_jpg.rf.36bb79c3090a82ecd97af690aca3a159.jpg,METAL
train,train,metal683_jpg.rf.91599a0815ba6ee1e7188af1c6a3d026.jpg,METAL
train,valid,metal686_jpg.rf.f19bf260f98533f567094fe1a20013b1.jpg,METAL
train,valid,metal688_jpg.rf.e07d73ed4e25205eb8c2f23ccd55a275.jpg,METAL
train,valid,metal689_jpg.rf.7a5fb09f63f1748d60102407c95dde16.jpg,METAL
train,valid,metal68_jpg.rf.eb5aea8995057a8d666586bab08da68d.jpg,METAL
train,train,metal690_jpg.rf.0bca29219f4d9d37d8880b303e380e25.jpg,METAL
train,valid,metal692_jpeg.rf.52fc5e59de29116f3bef74c10aff6065.jpg,METAL
train,valid,metal693_jpg.rf.886da19f8b04c2f1326d702aefd7d0ee.jpg,METAL
train,train,metal694_jpg.rf.3db26d7fcbf2bf9c96399cb0df945753.jpg,METAL
train,train,metal696_jpg.rf.ddbf58e971b3fb9895993123c4a930dc.jpg,METAL
train,train,metal698_jpg.rf.2880cbc93f3d9d0f1a7d8d654a2c7f0a.jpg,METAL
train,valid,metal699_jpg.rf.d8b5277463fa8d065b5fcb29aa371234.jpg,METAL
train,valid,metal6_jpg.rf.69cdb75a214ab6fbfba9fe3e7ed8469c.jpg,METAL
train,valid,metal700_jpg.rf.9a52140eff5b09ffad959d5f0b5e115c.jpg,METAL
train,valid,metal701_jpg.rf.8aef0ffdd861f972162c1b7daf586083.jpg,METAL
train,train,metal702_jpg.rf.89714e86b359a9c328ea52b4817bbe1d.jpg,METAL
train,train,metal704_jpeg.rf.82dbe46768389dfd98cb096565b640e0.jpg,METAL
train,train,metal705_jpg.rf.62d1f407160ef9ecc42b3edf910bac06.jpg,METAL
train,train,metal706_jpg.rf.a0ecbfd9dc02b120aa194bbdaa387441.jpg,METAL
train,train,metal707_jpg.rf.0c40115bddc70e1fdcda7b97d3b22215.jpg,METAL
train,train,metal709_jpg.rf.c2c0e4d656c8772735b0c5ed747805d8.jpg,METAL
train,train,metal70_jpg.rf.2898115eea6eeb847dccdca18ca97929.jpg,METAL
train,train,metal711_jpg.rf.38f5f11fe702e3051e9b765938e4f336.jpg,METAL
train,valid,metal712_jpg.rf.a4854d090766e98bbba0a3991fe9a129.jpg,METAL
train,train,metal713_jpg.rf.32a21f91a09c718730c109205d40e25f.jpg,METAL
train,valid,metal714_jpg.rf.efe9a3e254ee9e77cc66904084dd2cdd.jpg,METAL
train,valid,metal715_jpeg.rf.fa2324cad04e6d1fe2ea5e0c6dc1a4cd.jpg,METAL
train,train,metal717_jpg.rf.f8cbc27c7aa7991e1ebdce7dd7f93300.jpg,METAL
train,valid,metal718_jpg.rf.fea6f8bb9354739068acb59194697d4d.jpg,METAL
train,train,metal720_jpg.rf.0e531f7c3444ce8aa423b613485170d5.jpg,METAL
train,train,metal722_jpg.rf.99e88b9d83361150dad5204da2e60de7.jpg,METAL
train,valid,metal723_jpg.rf.d29f18f0a1f60a4cc7ce2e119fc91fa0.jpg,METAL
train,valid,metal725_jpg.rf.86d9efca960fc371eebd551015567ae5.jpg,METAL
train,valid,metal726_jpeg.rf.cf4f5de2b2263f2e0168fe6b0bc9d38f.jpg,METAL
train,train,metal727_jpg.rf.7735288905f8c2f2313271e593d12338.jpg,METAL
train,valid,metal729_jpg.rf.b9d758efd008932857fd945fee5ac832.jpg,METAL
train,valid,metal72_jpg.rf.2e7588e8c483a4aeb28ab0f0ab66a6ce.jpg,METAL
train,train,metal730_jpg.rf.3d2df5480adcd42fdf18239bdd15b1c3.jpg,METAL
train,train,metal734_jpg.rf.92b13af8a53d1e66df6c098713b64342.jpg,METAL
train,valid,metal736_jpg.rf.5ad0a0747e2a87646cd4cb950b5c5a4e.jpg,METAL
train,train,metal737_jpeg.rf.1e247a78ca1c5d60d60825efe446dad8.jpg,METAL
train,train,metal738_jpg.rf.287f135390b4ac8c8a82df65e125fbf2.jpg,METAL
train,valid,metal739_jpg.rf.989850e3dd720599b5a7c81c9a408999.jpg,METAL
train,valid,metal740_jpg.rf.37024f6a9e6044c3c3a85be7e410c134.jpg,METAL
train,valid,metal741_jpg.rf.b73aef6a4a59f4a0eb0ac1e012f0a1d5.jpg,METAL
train,train,metal743_jpg.rf.f74de93e4f7ac2c2c4d1c4a30c718c19.jpg,METAL
train,train,metal744_jpg.rf.d9d5f05630e8ebf1614f6fba253a97e6.jpg,METAL
train,train,metal745_jpg.rf.561e76c54c8687f18c8f22b8e9423ecd.jpg,METAL
train,train,metal746_jpg.rf.1369c739631e2b62eae575b6844b86fd.jpg,METAL
train,train,metal747_jpg.rf.e808009998a0cec51c130444a2aa4a2d.jpg,METAL
train,train,metal749_jpg.rf.2e73fa9214769d517e0e435e4e086d78.jpg,METAL
train,train,metal74_jpg.rf.6349457c0bc14da63bd6f6ffd41154a6.jpg,METAL
train,train,metal750_jpg.rf.1e4ffe304fdec9036a00a273a3ef1fe3.jpg,METAL
train,train,metal752_jpg.rf.27082b1cde79cb2231c1bded7b8e082d.jpg,METAL
train,train,metal754_jpg.rf.2360241ed5d6dcf2434b3dfd12153df7.jpg,METAL
train,train,metal755_jpg.rf.b35bebd1d061e837ebd02ea26ef1bedb.jpg,METAL
train,train,metal757_jpg.rf.1589030673ff5fb362995b449d322089.jpg,METAL
train,train,metal758_jpg.rf.6a8e3b3bda302051f0ffda1ace6cc0a9.jpg,METAL
train,train,metal759_jpeg.rf.f9d17f4551e448925bfef0d72e6bea4f.jpg,METAL
train,train,metal761_jpg.rf.81afdc82282bf23bad6380ee810ade27.jpg,METAL
train,train,metal762_jpg.rf.d652578e3f40f2da011e6979a57d0299.jpg,METAL
train,train,metal763_jpg.rf.6e3c699cce13a367786cdb601c84db53.jpg,METAL
train,train,metal765_jpg.rf.7745ed49852bb5b4620404c988815bbf.jpg,METAL
train,train,metal766_jpg.rf.ee5895bbf7a0f6072c50e6be859d15c9.jpg,METAL
train,train,metal767_jpg.rf.be1b343db9e9876f47304767750c06ab.jpg,METAL
train,train,metal768_jpg.rf.ae64ab9458a7f8f55305b0995d1ac6cc.jpg,METAL
train,train,metal769_jpg.rf.553e71c9a62771cc4cd561825cce2d8d.jpg,METAL
train,train,metal76_jpg.rf.0956d8f7d0618d8986570f095875fdf2.jpg,METAL
train,valid,metal770_jpeg.rf.5302a5ad6c866ee2092e44f4fa8a584c.jpg,METAL
train,train,metal771_jpg.rf.23b556f5b91080e14779946137afabf1.jpg,METAL
train,train,metal773_jpg.rf.ac0f1705d815f8b75e74baad01acf210.jpg,METAL
train,train,metal775_jpg.rf.2a05701fadc72af1ba922c65cab2dbd9.jpg,METAL
train,train,metal776_jpg.rf.1b01b7ce57470e29e93b12e98475e905.jpg,METAL
train,valid,metal777_jpg.rf.aa75a5aabf3538b441e1936d9343de47.jpg,METAL
train,train,metal779_jpg.rf.2c86269689f2f3577bb9e96739946125.jpg,METAL
train,train,metal77_jpg.rf.d772d4846685dd36d3c3f5755747d030.jpg,METAL
train,valid,metal780_jpg.rf.35064630117c65cc32790b2ff983df9e.jpg,METAL
train,valid,metal781_jpeg.rf.d7da1dbe7153c8a8739be22777d6ea0c.jpg,METAL
train,train,metal783_jpg.rf.05bdf892cdfd4d9c120428052bad916c.jpg,METAL
train,valid,metal784_jpg.rf.4b049677d986e9e18848db6960afe2a9.jpg,METAL
train,train,metal785_jpg.rf.2ddb1c003859ec0e05ca976c45d4ed33.jpg,METAL
train,train,metal786_jpg.rf.26ab7908c1e6136827453e0846cbacab.jpg,METAL
train,train,metal787_jpg.rf.fb124211a98ba60241d953b4869ec59c.jpg,METAL
train,train,metal788_jpg.rf.345f4b02e13833a135031d2ec566f939.jpg,METAL
train,train,metal78_jpg.rf.e2910f6204717887cc43fd9fafc18cc2.jpg,METAL
train,train,metal790_jpg.rf.2466ca03792bbb360c652ab899161fb5.jpg,METAL
train,train,metal792_jpeg.rf.44f05138805c3329284c1d7806999b2f.jpg,METAL
train,train,metal793_jpg.rf.4dcc1cfee0e896d246902d9f176e8b77.jpg,METAL
train,train,metal794_jpg.rf.5c5fac3aeee3c9bdd8fca58e45f843d3.jpg,METAL
train,train,metal795_jpg.rf.ebeb25b9babf7f48470b2444150f08f9.jpg,METAL
train,valid,metal797_jpg.rf.9eeaac7673c76746d82db23b71df8e8e.jpg,METAL
train,train,metal798_jpg.rf.a4d01c15902be8d8c6e13ea01518ac82.jpg,METAL
train,train,metal799_jpg.rf.52e8deb31c9a50edd039989f5e6d4fe4.jpg,METAL
train,valid,metal801_jpg.rf.6963bc485a17dc8e86faeeeddc81b1ca.jpg,METAL
train,train,metal802_jpg.rf.8089c1bf0214f10043526704848b4da4.jpg,METAL
train,train,metal803_jpeg.rf.72c341148f6d9788b7427268e90259d3.jpg,METAL
train,train,metal805_jpg.rf.e3a6e246648732de56203223c298ee0b.jpg,METAL
train,train,metal808_jpg.rf.67fb4d58fb826ab8f5f37ed42cd59661.jpg,METAL
train,train,metal809_jpg.rf.795c82012c63eb4d68670c54a2711ed8.jpg,METAL
train,train,metal80_jpg.rf.d5984db342d865f41aea7be301f9f531.jpg,METAL
train,valid,metal810_jpg.rf.0c0fddc4cc796f65025e17ea40c185b8.jpg,METAL
train,train,metal811_jpg.rf.1e0bb7095eb69cd323bab77ebf13784a.jpg,METAL
train,train,metal813_jpg.rf.5b470d7745e1bf63b2aa0892b92baab4.jpg,METAL
train,train,metal814_jpeg.rf.6b432cb25d68af2b4ff08da07af8dfd9.jpg,METAL
train,train,metal815_jpeg.rf.215f0906f8ff4e856911b18fb8672aaf.jpg,METAL
train,valid,metal818_jpg.rf.1b080cd970247c210278c552041d0119.jpg,METAL
train,valid,metal81_jpg.rf.7c2b6bc1216af7a60a78b15423fe6664.jpg,METAL
train,valid,metal820_jpg.rf.bfbc6b99f5365e31952e9b60ae748f28.jpg,METAL
train,valid,metal821_jpg.rf.5fd177ae37fd610718b4ab18ea0bec2a.jpg,METAL
train,train,metal823_jpg.rf.c8a5cd10e201437d400f7651d4268c61.jpg,METAL
train,train,metal824_jpg.rf.d9a149f2634c2322a4dbc9a2d8df45ce.jpg,METAL
train,train,metal825_jpg.rf.817b47e687b60d2487f41b380a8a7b8b.jpg,METAL
train,valid,metal826_jpeg.rf.c7a2ac3465b529a3456d595f4d4366d1.jpg,METAL
train,train,metal827_jpg.rf.19c022f21181ead8c589c824183a3c64.jpg,METAL
train,train,metal828_jpg.rf.f6902a84f90bc37b8b92acc4ce805968.jpg,METAL
train,train,metal829_jpg.rf.71af2b59dda694018956d8e2cef8b5de.jpg,METAL
train,train,metal832_jpg.rf.7da590813da2859fd545f2e5eb3261ed.jpg,METAL
train,train,metal833_jpg.rf.ccfd125889b2445ebe389e54b0e969e9.jpg,METAL
train,train,metal834_jpg.rf.6aaf1971af2cff81013a8e5101a14b20.jpg,METAL
train,train,metal835_jpg.rf.0ab12ae0c173ca4a526a8d4aea90f9fe.jpg,METAL
train,train,metal836_jpg.rf.6b64573eae81d41c55312c5c5ad443d8.jpg,METAL
train,train,metal838_jpg.rf.21a5f8cf74f59d047d604f398d39fca6.jpg,METAL
train,train,metal839_jpg.rf.bc4627d04662f84c985bf73a846a36de.jpg,METAL
train,train,metal83_jpg.rf.7f8a84ac6154ddc761e8b2cfb6c25271.jpg,METAL
train,train,metal841_jpg.rf.ee65ec01de0d93a96d15c756e46763e0.jpg,METAL
train,train,metal842_jpg.rf.30eca0a7d4810ff6c921c1282e409e35.jpg,METAL
train,train,metal845_jpg.rf.b1ffcf39b507dfc7f085e417e79d61bb.jpg,METAL
train,train,metal846_jpg.rf.a04f221194905e535a6bfbba6b87622a.jpg,METAL
train,train,metal847_jpg.rf.63ca9ba4247e5b65e4dd96cd98d3fc5a.jpg,METAL
train,valid,metal84_jpg.rf.140da045456f9604ead0a3528f8ed447.jpg,METAL
train,train,metal850_jpg.rf.ece0cf18943224e292febea505ecdcc1.jpg,METAL
train,train,metal851_jpg.rf.12605f5f2137909dc9fa7aa58ff9fb4a.jpg,METAL
train,valid,metal852_jpg.rf.08509f1ded19ec77f26a927057a348b7.jpg,METAL
train,train,metal853_jpg.rf.3deef0ca2d5b2f81ec5d1b4f42a5a3d9.jpg,METAL
train,valid,metal855_jpg.rf.d2495e5ed34357b6d3cef1b04c5a1db5.jpg,METAL
train,train,metal857_jpg.rf.8b4aa5e497b4301ddb3d35d9eb51c5cc.jpg,METAL
train,valid,metal859_jpeg.rf.e24965fe92749acf14e2f220aa97a097.jpg,METAL
train,train,metal85_jpg.rf.1cef74060db96b6b5fc7af0630dde4ed.jpg,METAL
train,train,metal860_jpg.rf.4aa5d4d46342703b46091f41778bcffb.jpg,METAL
train,valid,metal863_jpg.rf.01745f0f9a5d31a1dc37ab0526de0762.jpg,METAL
train,train,metal864_jpg.rf.6642644770fc7293a7aee8e66e855b94.jpg,METAL
train,train,metal865_jpg.rf.3aa28a1e14a1798d2895cb02e3301ae1.jpg,METAL
train,train,metal866_jpg.rf.f7c6863ae05575f16243df1a9d4abfa4.jpg,METAL
train,valid,metal867_jpg.rf.1fbd3812618521f7b40689990821ecc9.jpg,METAL
train,train,metal868_jpg.rf.9fd65d9652a7e38c41b7aa6c970a5c55.jpg,METAL
train,train,metal869_jpg.rf.bc6071d9b9112faf4ed417b7e2fcfe3f.jpg,METAL
train,valid,metal86_jpg.rf.e4934c7da8dea525ee41128df9cf0dba.jpg,METAL
train,train,metal870_jpeg.rf.d8087648a6585a65eb296203b77706ba.jpg,METAL
train,train,metal871_jpg.rf.e2246406f450ff6cd478d5cef1a4a6a1.jpg,METAL
train,valid,metal872_jpg.rf.f43590ae0bd88905a991d1f2f3f6289c.jpg,METAL
train,valid,metal875_jpg.rf.83dad78102bf67d67a450d203f26652b.jpg,METAL
train,train,metal876_jpg.rf.c1c787dcb3e8668a742433d2d0f08720.jpg,METAL
train,train,metal877_jpg.rf.b27c5e505a982698c6fde8934d513fc9.jpg,METAL
train,train,metal879_jpg.rf.52f5b7b1724e60b3ce33fd8f96bf19f9.jpg,METAL
train,train,metal87_jpg.rf.fb67a9cfd156d71910753c95ee20ea0e.jpg,METAL
train,train,metal881_jpeg.rf.df9a4a32e018fa43609a8cdb781b4a46.jpg,METAL
train,train,metal882_jpg.rf.3b31e6f43bda42852c30210dd18a50c8.jpg,METAL
train,train,metal883_jpg.rf.bed73a899f7a9e66758c2645440b0cae.jpg,METAL
train,train,metal886_jpg.rf.328a7bc3bd2ca6de7024cf43b0666c96.jpg,METAL
train,valid,metal887_jpg.rf.eeb23448eaca9df03997e0802ef73375.jpg,METAL
train,train,metal888_jpg.rf.664bea955cc26f1a8803809e86cfed77.jpg,METAL
train,train,metal893_jpg.rf.aaee15286d277f56a53baec00a2d6ee6.jpg,METAL
train,train,metal894_jpg.rf.240e41ba3ca62428102c3405cb5956c7.jpg,METAL
train,valid,metal895_jpg.rf.063c67c76ff3e20e59b92058bb7199ab.jpg,METAL
train,train,metal896_jpg.rf.ca683921d8419bc024041665bf7e0750.jpg,METAL
train,train,metal897_jpg.rf.79f55fd7bcec09af08c23ee9fc07faaf.jpg,METAL
train,train,metal899_jpg.rf.81130b29be64f56a096f97067b0245c1.jpg,METAL
train,train,metal89_jpg.rf.2e052371cb87e8b03fee73a8eabe1126.jpg,METAL
train,valid,metal8_jpg.rf.712f7bef839bedfafab94e990ce176d5.jpg,METAL
train,train,metal900_jpg.rf.9557eb5611cefe98e1655b29c8ffde4a.jpg,METAL
train,valid,metal902_jpg.rf.2609467243e46ef585ea4d5c3fecb229.jpg,METAL
train,train,metal904_jpg.rf.690986048d49e3936e5bf478e3f0352e.jpg,METAL
train,train,metal905_jpg.rf.4d38107f4ed5b45eb983a2b333d0bb1a.jpg,METAL
train,train,metal907_jpg.rf.891876bde410b30b2ca47e9d719eb42f.jpg,METAL
train,valid,metal908_jpg.rf.3bd6b84f00ea1af2c44f97bdafaa390d.jpg,METAL
train,valid,metal909_jpg.rf.ed457c6a01d1c2b694c81eec2ccac577.jpg,METAL
train,valid,metal90_jpg.rf.1820b9f04977ab4d947c231d97f54e33.jpg,METAL
train,train,metal911_jpg.rf.6e3c2143538d678c74506d964fd4c2af.jpg,METAL
train,train,metal913_jpg.rf.d532954a5e6d684ece2e21a7c87f5689.jpg,METAL
train,train,metal914_jpeg.rf.5a30026e74225ef376355e80b9f3cdd7.jpg,METAL
train,valid,metal916_jpg.rf.d71d7bdbafd0e44e27ec1bedd3d38c2e.jpg,METAL
train,train,metal917_jpg.rf.f724dd5a58373d80dd0e8ca157db2ae5.jpg,METAL
train,train,metal918_jpg.rf.aa8302ffa671dba1921ab9698c882be0.jpg,METAL
train,train,metal91_jpg.rf.deb319370fbd8018c3d1013bbbac3eff.jpg,METAL
train,train,metal920_jpg.rf.df6251bc8ed9322ff342090f0003bca0.jpg,METAL
train,train,metal921_jpg.rf.e56e96d664ff011836511004a02e680f.jpg,METAL
train,train,metal922_jpg.rf.e2f5787752bc0466c9db6e9e632deb5c.jpg,METAL
train,train,metal924_jpg.rf.c445e3a2a49a925b03575cf5ab6b900c.jpg,METAL
train,train,metal925_jpeg.rf.07627530ef16976b7513ef46f36a8a3a.jpg,METAL
train,valid,metal927_jpg.rf.33705788f29fabf451586fb770d85794.jpg,METAL
train,train,metal928_jpg.rf.ebb191ae7780b5999b185958b468cb7f.jpg,METAL
train,train,metal929_jpg.rf.826da8cd2cf52e4f141c238419d25f7c.jpg,METAL
train,train,metal92_jpg.rf.ac3b61c9575cc9415c59512e5bf460a8.jpg,METAL
train,train,metal932_jpg.rf.9eb99e9fbc494cc3733358959c63d351.jpg,METAL
train,train,metal933_jpg.rf.12c0a6d87df4e420e44a9e17ea0d0bda.jpg,METAL
train,train,metal934_jpg.rf.6331d40d712c2ae6dc81386979bb67b4.jpg,METAL
train,valid,metal935_jpg.rf.37d1ba1fa67967befd855e7f3f3ea03e.jpg,METAL
train,valid,metal936_jpg.rf.8b769918461c5bcf95e0aaa33f4a2906.jpg,METAL
train,valid,metal937_jpeg.rf.af4dd0ce2e650e8d67f8c9d60bcd4dc1.jpg,METAL
train,train,metal939_jpg.rf.bf4220961a2daf276c2a3a171c2f32d7.jpg,METAL
train,valid,metal93_jpg.rf.8eb8a296914393ccb11613cc15aff927.jpg,METAL
train,train,metal940_jpg.rf.a800d29faeb4601c45fbb99c58856fb5.jpg,METAL
train,valid,metal941_jpg.rf.548db76f054db95b5e9b49ab4ab9967e.jpg,METAL
train,train,metal943_jpg.rf.c84de8849ff4c1128fb427f82f5a71f5.jpg,METAL
train,valid,metal944_jpg.rf.f368c3a1b1f3e45b242711626ecd3216.jpg,METAL
train,train,metal945_jpg.rf.506f3013098655a89d4a868f563d6c11.jpg,METAL
train,valid,metal946_jpg.rf.acf1f9c7a425b64341f5b262be4d90ef.jpg,METAL
train,train,metal947_jpg.rf.5d65c6bd61de89f7ee1284b143c3fae7.jpg,METAL
train,train,metal949_jpg.rf.251ca362ae97ef8aa87b28a5e29d2422.jpg,METAL
train,valid,metal94_jpg.rf.049c9551c57f33355c0e7a005ae21e12.jpg,METAL
train,train,metal951_jpg.rf.7a71191c3c8c5cdcb5bf0f95503d9044.jpg,METAL
train,valid,metal953_jpg.rf.d46c7a1054a74a021696d74b1f7dba46.jpg,METAL
train,train,metal954_jpg.rf.33ab1866db147a8a69626e1211c51456.jpg,METAL
train,valid,metal956_jpg.rf.e5db238b0b74d6b0950b89ae19b15c79.jpg,METAL
train,valid,metal958_jpg.rf.0cefe129435d2531ab6fd1bc4365874f.jpg,METAL
train,valid,metal95_jpg.rf.863cb5631e47d0411f6613816c128411.jpg,METAL
train,train,metal961_jpg.rf.db42b8dfb0e6c010e8de9debaf72488c.jpg,METAL
train,train,metal963_jpg.rf.bd0155987cb9c8560f1a77fdee580e55.jpg,METAL
train,train,metal964_jpg.rf.f7556570a1c6c6c0e1ff384f10d9d25e.jpg,METAL
train,train,metal965_jpg.rf.c4193f09daba77950dcb076ece27e5d9.jpg,METAL
train,train,metal966_jpg.rf.efcfe4f1944ae3f19d4a713ebd69a4bb.jpg,METAL
train,valid,metal967_jpg.rf.99423c3cc60911ac97b93267316f560f.jpg,METAL
train,train,metal968_jpg.rf.2af31fbceb99d2dd6c9b02f434a6c10a.jpg,METAL
train,train,metal96_jpg.rf.2c64bbeb6a868240bcf02348b6619b95.jpg,METAL
train,train,metal970_jpeg.rf.3f4b650518c2f7d9d6e506c0ad6fa9ff.jpg,METAL
train,train,metal971_jpg.rf.3b8c093f6c38d5bd8b504ae64307668c.jpg,METAL
train,train,metal972_jpg.rf.bb2200d1a4b975f63c57dd8aa300f1ba.jpg,METAL
train,valid,metal973_jpg.rf.427f088f993f748a8251e844a6b63e34.jpg,METAL
train,train,metal974_jpg.rf.ea9137e87b89df329dd33cc67b72783c.jpg,METAL
train,train,metal975_jpg.rf.cadbce1267d0c64b14e9a363d792f3ed.jpg,METAL
train,train,metal977_jpg.rf.d50e3db17667a871420a63268731b64c.jpg,METAL
train,valid,metal979_jpg.rf.bcd9b4e3eedfc6105608986f9f071e0e.jpg,METAL
train,train,metal980_jpg.rf.356b794f2af98f73fe3d1d0a15906f8c.jpg,METAL
train,train,metal981_jpeg.rf.0d11804ffd634811e40f7991e1d76705.jpg,METAL
train,valid,metal982_jpg.rf.372786ef1b82bb290bdde411f72c945c.jpg,METAL
train,train,metal983_jpg.rf.9da712f948984c1d116d0c3e41bf8ed4.jpg,METAL
train,train,metal984_jpg.rf.e8518960f0e441c7a23ee62e484dc0f9.jpg,METAL
train,train,metal985_jpg.rf.884fa27c0336f6545170c2ac2f6ee7b0.jpg,METAL
train,train,metal987_jpg.rf.9179479acb6d0cd509d8e4524f378f30.jpg,METAL
train,train,metal988_jpg.rf.ec67d0407d7154b8b7237ee65c7fc25e.jpg,METAL
train,train,metal989_jpg.rf.c189de2f262e91eebcc672afc3cd704e.jpg,METAL
train,train,metal991_jpg.rf.0444bf0b35e92b6327d51baaf0eac68e.jpg,METAL
train,train,metal992_jpeg.rf.218b2d5c1205062341d1f9721ce5d995.jpg,METAL
train,valid,metal997_jpg.rf.78f86249ba1bbe38fb2413afdbf7e132.jpg,METAL
train,train,metal999_jpg.rf.c04b38adae90802c32304af2eded5c70.jpg,METAL
train,train,metal99_jpg.rf.a6983811f65bc35f62992ee844ab9369.jpg,METAL
train,train,paper1000_jpg.rf.ed707cdac21afc399c252257e5e21715.jpg,PAPER
train,train,paper1002_jpg.rf.49b76b30a9f8e7bd6ae5902bdb1fdad6.jpg,PAPER
train,train,paper1003_jpg.rf.b2a673f5ac5920d2900878007b9cfd6f.jpg,PAPER
train,train,paper1004_jpg.rf.6c7eec3d7c187c9c07f2b74f27cc2dd5.jpg,PAPER
train,train,paper1007_jpg.rf.9c5e3274b72c94e2294fdb43bdfd50c2.jpg,PAPER
train,train,paper1009_jpg.rf.34ca46307dfd229c7196789aec07df4c.jpg,PAPER
train,test,paper1010_jpg.rf.7bd2a337917707018059cab808a37869.jpg,PAPER
train,train,paper1011_jpg.rf.c6e93c4dcbf94cd8e55afe4e44e93462.jpg,PAPER
train,train,paper1013_jpg.rf.3765fe0e38e92c71a6004d333119e0eb.jpg,PAPER
train,train,paper1014_jpg.rf.be18622fcfa1375be289921e61af747f.jpg,PAPER
train,train,paper1015_jpg.rf.5ed00a4bdbdd8a7fb16ef8fff0706c86.jpg,PAPER
train,test,paper1016_jpg.rf.c2998aca47f2e942ab0e5d6787e9b843.jpg,PAPER
train,train,paper1017_jpg.rf.7500891711b108b0f3a6556625139174.jpg,PAPER
train,train,paper1018_jpg.rf.dee435577c07beb0077fbe33d4bccf04.jpg,PAPER
train,train,paper1019_jpg.rf.220446b1dfe120bbe803468d2ac6f740.jpg,PAPER
train,train,paper101_jpg.rf.bbee9c0388fe60d66dda8754f707ff40.jpg,PAPER
train,train,paper1020_jpg.rf.92425db5967cf08fde14c3e9c97a9740.jpg,PAPER
train,train,paper1021_jpg.rf.fe316055eb7812e64ba672a021dd151d.jpg,PAPER
train,train,paper1022_jpg.rf.8db3062642094161859584a19ba6f530.jpg,PAPER
train,test,paper1024_jpg.rf.78963fc77fa0f47d44087c4ccb9e7ec6.jpg,PAPER
train,train,paper1025_jpg.rf.6081505db67655fcd54d3a0da076c37a.jpg,PAPER
train,train,paper1026_jpg.rf.23998708f9e52babc1c7b051a8020a9c.jpg,PAPER
train,test,paper1027_jpg.rf.25db97910108b8fbfec6b1bd91ab9eb1.jpg,PAPER
train,train,paper1028_jpg.rf.2beffa04982837dfa8992a1578537a7a.jpg,PAPER
train,train,paper1029_jpg.rf.84704a3a3b1e2540a4a474d09ec41d87.jpg,PAPER
train,train,paper1031_jpg.rf.f4f73917746be515e01d0f45810a2c90.jpg,PAPER
train,test,paper1032_jpg.rf.3f96fdb03a5e56b9cf890720fe8f8fb1.jpg,PAPER
train,train,paper1033_jpg.rf.2e54adf2381936ba2b0dcf8faa74112a.jpg,PAPER
train,train,paper1034_jpg.rf.33907ba18bec0019613fa2f57ada036a.jpg,PAPER
train,train,paper1035_jpg.rf.f0ca581b6a3c555af8acf5636853da8c.jpg,PAPER
train,train,paper1037_jpg.rf.d2a4cfaf3809e51757f76dafb3694daa.jpg,PAPER
train,train,paper1038_jpg.rf.2665c40494a434ec5d889c5dd83964ee.jpg,PAPER
train,train,paper1039_jpg.rf.20ebe3466f11e9110f5e090048a015e9.jpg,PAPER
train,train,paper1040_jpg.rf.1cbfec8f4935b36074a117ce868c3319.jpg,PAPER
train,train,paper1042_jpg.rf.d045f3ab7ee5b9104d5c61eb2d03d814.jpg,PAPER
train,test,paper1043_jpg.rf.4d12f7bb04120a102ce12d82edbd39d6.jpg,PAPER
train,train,paper1044_jpg.rf.caf97a3e256452f1c89f5975fc64d739.jpg,PAPER
train,train,paper1048_jpg.rf.63001be6a7a2b829f3fbe8257b280904.jpg,PAPER
train,train,paper1049_jpg.rf.d3c716e1dce90045c4327c70ab64d210.jpg,PAPER
train,test,paper104_jpg.rf.73e66b3b017e3bca4500865511b5bd3c.jpg,PAPER
train,train,paper1050_jpg.rf.8d6599a3b79b81acaff746177082783a.jpg,PAPER
train,train,paper1051_jpg.rf.bcf2431615ee213873c49a9c02dab2c3.jpg,PAPER
train,test,paper1052_jpg.rf.b6cb2de00e81fa7bb2f372a6c0c2ccaf.jpg,PAPER
train,test,paper1053_jpg.rf.5bf3321b06101ce727e42ade6138deda.jpg,PAPER
train,train,paper1055_jpg.rf.6bed23e4c9094135077071dbd6e8a24d.jpg,PAPER
train,train,paper1056_jpg.rf.141941e7f571c009a5a325ea76c9997a.jpg,PAPER
train,train,paper1057_jpg.rf.ac63d871b61d22b8b3ef9dd8ebe870d0.jpg,PAPER
train,train,paper1058_jpg.rf.6d68128e8e51b330cd104a6dd10b23a9.jpg,PAPER
train,train,paper1059_jpg.rf.7261033e88738d3657ab8012507e5450.jpg,PAPER
train,test,paper105_jpg.rf.5c66fe04f116e0712c9157ce01ed86a7.jpg,PAPER
train,train,paper1061_jpg.rf.ca87e769d659a9839ff75a65a8ef5d27.jpg,PAPER
train,train,paper1063_jpg.rf.5274779177d7cf8bddca207ed5b3eaa8.jpg,PAPER
train,train,paper1064_jpg.rf.9c31725d52ccaaba90281a49ee5b2967.jpg,PAPER
train,train,paper1066_jpg.rf.729b8b43dce9ded617446e904dd0a4de.jpg,PAPER
train,test,paper1068_jpg.rf.9f10638825ed2d248bf8db4e5ea94eb4.jpg,PAPER
train,train,paper1069_jpg.rf.e610c2acbe49c7de4107aca3d4c07385.jpg,PAPER
train,train,paper106_jpg.rf.5bdcd8fce5311a3a38a8ca27a44f3748.jpg,PAPER
train,test,paper1070_jpg.rf.b16489583f33c0689df8c618e76f4644.jpg,PAPER
train,train,paper1072_jpg.rf.1aa3b1f608e4a11b08b06ab3831c4657.jpg,PAPER
train,train,paper1074_jpg.rf.5b361e3abc23d70769b1c6ed6d4b2470.jpg,PAPER
train,train,paper1077_jpg.rf.abb3c2b42bb925c63dfd9ec87115454d.jpg,PAPER
train,train,paper1078_jpg.rf.e2cc21ecac376f385460c0ab2a38b4d8.jpg,PAPER
train,test,paper1079_jpg.rf.408daabd0e8d420df7824d11d95c7cf5.jpg,PAPER
train,train,paper1080_jpg.rf.20a11f2af38195fc36b19230743a332b.jpg,PAPER
train,test,paper1081_jpg.rf.b6df7d3ae4f4f2b422f43b70c2024506.jpg,PAPER
train,test,paper1083_jpg.rf.4bb79b10ea3255e6c730448738f72433.jpg,PAPER
train,test,paper1084_jpg.rf.bcc9b2ce2f4ba8f0ed88c7eb9a5bd21d.jpg,PAPER
train,test,paper1086_jpg.rf.86bbf3fa2aaf0455d95128941bb05511.jpg,PAPER
train,test,paper1087_jpg.rf.72fec7acf1f4560d865fad9e5b427b7f.jpg,PAPER
train,train,paper1089_jpg.rf.299ef450fb09ac1354fa07483e63c308.jpg,PAPER
train,test,paper108_jpg.rf.78a3172fae7e26031943fdb755c54675.jpg,PAPER
train,test,paper1090_jpg.rf.f329d8e1cc616bf6a23e052c1a19561c.jpg,PAPER
train,train,paper1091_jpg.rf.dad2ef41628b2acb57cd9058d60fa56a.jpg,PAPER
train,test,paper1092_jpg.rf.c7360b4975c0acf55d35948948db1628.jpg,PAPER
train,train,paper1093_jpg.rf.a7d11418a21abf9a8f0fcf89e8d01444.jpg,PAPER
train,train,paper1094_jpg.rf.83939cfd17e99a474f4fe3ad3ed4581c.jpg,PAPER
train,train,paper1096_jpg.rf.e39463ffc73db1e23431aa19c467e705.jpg,PAPER
train,test,paper1097_jpg.rf.ee519d607c7dfe2e745266c5e2e3234e.jpg,PAPER
train,test,paper109_jpg.rf.a70df309ad6b68341935a2e4e0e558ce.jpg,PAPER
train,train,paper1100_jpg.rf.c0e5369fcee2c8a00bd794c5689b4647.jpg,PAPER
train,train,paper1101_jpg.rf.5b35470e380902919353f257df0b8a41.jpg,PAPER
train,train,paper1104_jpg.rf.1f3c8c2d363e01faa12641281e04f927.jpg,PAPER
train,test,paper1105_jpg.rf.31d7f8ed7d6c6e0a509d3ed9e173710b.jpg,PAPER
train,train,paper1106_jpg.rf.b48e6734aad7fa6b9808433acd9bed21.jpg,PAPER
train,train,paper1107_jpg.rf.a71050adeb7947744f32989dc546b737.jpg,PAPER
train,train,paper1108_jpg.rf.6a62dc2beb27fa2b4e2662eb44fc68b7.jpg,PAPER
train,test,paper1109_jpeg.rf.d89ad9341d1044455bd6f8882fb7350f.jpg,PAPER
train,train,paper110_jpg.rf.401ba4c43f9673fbb0e29c5d4fc09d13.jpg,PAPER
train,train,paper1112_jpg.rf.80f37ae51eddbded3c5d11917eb5b579.jpg,PAPER
train,test,paper1113_jpg.rf.1378001b270042bc8468bdd363dc7c30.jpg,PAPER
train,train,paper1114_jpg.rf.e5589bbdc467f2b6a0995353f9eb8e46.jpg,PAPER
train,train,paper1116_jpg.rf.e5e13ca0dc8c00a1914f75d269e18e76.jpg,PAPER
train,test,paper1117_jpg.rf.fe30073759db99be6f0aba86d4f80f24.jpg,PAPER
train,train,paper111_jpg.rf.159c429025acf3446a92019b00b666ef.jpg,PAPER
train,train,paper1120_jpg.rf.bc36bb98092131e2442f80c713cd8989.jpg,PAPER
train,test,paper1124_jpg.rf.2c376d76614c337a21968137bd72f755.jpg,PAPER
train,train,paper1127_jpg.rf.3a6882225f2ac99b5a30e15293f9ed69.jpg,PAPER
train,train,paper1129_jpg.rf.037724fe218dafc7efc35a26743dcd6d.jpg,PAPER
train,train,paper1131_jpg.rf.c50e3ac2a48fd3e1ad54fe2fbe43c945.jpg,PAPER
train,test,paper1132_jpg.rf.be415b33a7f5d37bbaebe8843b08f31f.jpg,PAPER
train,train,paper1133_jpg.rf.17eb77292df15c622dae506f1c069480.jpg,PAPER
train,train,paper1135_jpg.rf.fe4a5a18adf1d57408f5441adf741ee5.jpg,PAPER
train,test,paper1138_jpg.rf.277c196770398f65b47df74ebbe39d5c.jpg,PAPER
train,train,paper1139_jpg.rf.cca087298711d99c091f44d8b9aedc1d.jpg,PAPER
train,test,paper113_jpg.rf.5393a69e8573287b844f4d1a8915e2a3.jpg,PAPER
train,train,paper1140_jpg.rf.9fd5cc78a9edb762e9d141ecba5e52a8.jpg,PAPER
train,test,paper1142_jpg.rf.220087605710e96d9774159ee538c855.jpg,PAPER
train,test,paper1143_jpg.rf.95c6679c591c633c350cc04a7c6cde0c.jpg,PAPER
train,train,paper1145_jpg.rf.24cdfe70c514b4f635deb0f4009bb9c3.jpg,PAPER
train,train,paper1146_jpg.rf.6e4d14a8f6198823c1a9fea50e843855.jpg,PAPER
train,test,paper1147_jpg.rf.452ab89aef1a03a117890911754c9257.jpg,PAPER
train,train,paper1148_jpg.rf.465e133b0f867e3acb90f99d5add79a9.jpg,PAPER
train,train,paper1149_jpg.rf.456b37fe9a6dc9f98193fc5ef0e1bf2f.jpg,PAPER
train,train,paper1153_jpg.rf.2e0f9e2895885223f8b8002e1118f40d.jpg,PAPER
train,train,paper1154_jpg.rf.fd59d4dea2d8e4c5c236cb53d9034677.jpg,PAPER
train,train,paper1157_jpg.rf.f64c176bc8c5585cd40c1ff0ee0a8921.jpg,PAPER
train,train,paper1159_jpg.rf.0c9791fe58621eabab2df8b055e7dfd2.jpg,PAPER
train,train,paper115_jpg.rf.cfc76ca18dda57f4a7e5fa9797ea0b36.jpg,PAPER
train,train,paper1161_jpg.rf.e39ae66c88847e3b293192f35d8ca3b7.jpg,PAPER
train,train,paper1163_jpg.rf.d7ac2fa2aa750f252968dce37e30a5e2.jpg,PAPER
train,train,paper1167_jpg.rf.55a01cea7aca1565e0de91f832f2e90b.jpg,PAPER
train,train,paper1168_jpg.rf.d8b7091439d12a52311334c4f1a585b5.jpg,PAPER
train,train,paper116_jpg.rf.7cebdf01ab68db6ca6c749643ac1057d.jpg,PAPER
train,train,paper1170_jpg.rf.289d7760cd5a314ed19d579190e8d2c5.jpg,PAPER
train,train,paper1171_jpg.rf.d4860a1f00c21a132cd2fb48b6c1f4b0.jpg,PAPER
train,train,paper1172_jpeg.rf.ad29406c57d48be67ca8f9f1a9a0a4f1.jpg,PAPER
train,train,paper1173_jpg.rf.4d86050dc297798a1377899f530e99f3.jpg,PAPER
train,train,paper1174_jpg.rf.482d3389b117a5af7a4f1a9696701419.jpg,PAPER
train,test,paper1176_jpg.rf.8ccb4fbf6dd3810ff364a40abead88ba.jpg,PAPER
train,train,paper1177_jpg.rf.56414fa08cd114b053a1fa6107a2defb.jpg,PAPER
train,test,paper1178_jpg.rf.e060fc420000147444e02a3312d00adf.jpg,PAPER
train,test,paper1179_jpg.rf.68eec3891d4ea9255176aae9262f754d.jpg,PAPER
train,train,paper117_jpg.rf.50f3b393c5e42df2428abb5a3a7c8aed.jpg,PAPER
train,train,paper1183_jpg.rf.5c5857185a76f754d5cefd71de033c52.jpg,PAPER
train,test,paper1184_jpg.rf.f84870e45aee6413db72c01b348a4f9e.jpg,PAPER
train,train,paper1185_jpg.rf.74100e383b3123a37858a0233667b6d9.jpg,PAPER
train,train,paper1186_jpg.rf.60ba846984db854221fa00237b649b56.jpg,PAPER
train,train,paper1187_jpg.rf.d5ae769127125946091c3340a8f99d3d.jpg,PAPER
train,train,paper1188_jpg.rf.a92e735eddf5a44d824bb7f666909dda.jpg,PAPER
train,test,paper118_jpg.rf.f0bca8cbd83cdcc49b1f614f7e5baef7.jpg,PAPER
train,train,paper1190_jpg.rf.48f5a8df9c150fb6550be12d94354330.jpg,PAPER
train,train,paper1191_jpg.rf.222ca3fb54295e5c8af66f81afba4ca1.jpg,PAPER
train,test,paper1192_jpg.rf.9ef85c58282210a6f2ce171959d274a2.jpg,PAPER
train,train,paper1193_jpg.rf.5d3707bf863cb902c7b1f7682e461b95.jpg,PAPER
train,train,paper1194_jpg.rf.f7d10c5adb5ec50c6581475fe273809b.jpg,PAPER
train,test,paper1195_jpg.rf.cf2feff31b6019f526235fe8e0d1b01f.jpg,PAPER
train,train,paper1196_jpg.rf.84ad5b76718a349b7df10891803ed580.jpg,PAPER
train,train,paper1197_jpg.rf.0daa90a04e549b39e650fe42ddbc615c.jpg,PAPER
train,train,paper1198_jpg.rf.0915f3dff6df4a52ef2760b060ece3ef.jpg,PAPER
train,train,paper119_jpg.rf.6bce364205e5f2601cb67d6553f2af46.jpg,PAPER
train,train,paper11_jpg.rf.ea8df8c3b1c8cc7153ed41a914dd9e9a.jpg,PAPER
train,train,paper1200_jpg.rf.fe7888fff1adc9f5f0963a350b7d12d2.jpg,PAPER
train,train,paper1201_jpg.rf.6bcd066c4f57d13d72f5d28bca5dbaf7.jpg,PAPER
train,train,paper1202_jpg.rf.7363c8ffbbcaa24401f9029c4261bf34.jpg,PAPER
train,train,paper1204_jpg.rf.490dbbd5117b1fd459019a4da0ebdcdc.jpg,PAPER
train,test,paper1207_jpg.rf.647e7da30763080f5d53e65618421496.jpg,PAPER
train,train,paper1208_jpg.rf.e73e04588f554ac3942b794996b8b2fc.jpg,PAPER
train,train,paper1209_jpg.rf.deef7e27c54931a21eb58e5c77ed2e3a.jpg,PAPER
train,test,paper1210_jpg.rf.646075edf83b07dcff73f66fb67158db.jpg,PAPER
train,train,paper1212_jpg.rf.2414b3bd8d53515b96afdc70ff4a2e01.jpg,PAPER
train,train,paper1213_jpg.rf.45aa93731ae20a9cd67c25bed6ec3a69.jpg,PAPER
train,train,paper1214_jpg.rf.cd78687b5d8f5902bd32b5cba371a762.jpg,PAPER
train,test,paper1215_jpg.rf.63ee995553d36e7d382838f911dadfbf.jpg,PAPER
train,test,paper1217_jpg.rf.0543e22276bee3a67d132f03a6bec93f.jpg,PAPER
train,test,paper121_jpg.rf.1cc2bc6fb640e0dd98d61722388ecb20.jpg,PAPER
train,train,paper1221_jpg.rf.25b1a730cb4e720d5df264e0bb30026e.jpg,PAPER
train,test,paper1222_jpg.rf.21d41c7c6d88f3f21c968e6c65dd0b88.jpg,PAPER
train,test,paper1223_jpg.rf.78dc8fe7fafc9e7395ea3e19f97ed75c.jpg,PAPER
train,train,paper1224_jpg.rf.1da715333e158bd87add2f103ef967cd.jpg,PAPER
train,train,paper1227_jpg.rf.86183ac232c29fbc6e14f7cd2eff11ce.jpg,PAPER
train,test,paper1228_jpg.rf.f500190a06dd042bbe09e742dee5e342.jpg,PAPER
train,test,paper1229_jpg.rf.b08691310dcf65bc72f6b1d7e163b837.jpg,PAPER
train,train,paper122_jpg.rf.c625783071226e154814bc62e4fc93de.jpg,PAPER
train,train,paper1230_jpg.rf.29a95d9839e17dd1e4b822fbb360074e.jpg,PAPER
train,train,paper1231_jpg.rf.6daf9bd0468cabe2d039ab0e72146676.jpg,PAPER
train,test,paper1232_jpg.rf.8d0d1f0dc4e421040bf904118d842f1c.jpg,PAPER
train,train,paper1233_jpg.rf.28a8451d4caf8b84e33c0eabc6d2fed3.jpg,PAPER
train,train,paper1234_jpg.rf.cf7da2a16976b9609929aa2f80e587d8.jpg,PAPER
train,train,paper1235_jpg.rf.95d47ffd819294f0f29a4c41d156e9ef.jpg,PAPER
train,train,paper1238_jpg.rf.1973077d15b8ee8372f608583ef6ce66.jpg,PAPER
train,train,paper1239_jpg.rf.83ae1909fac6cfc0eaed762236672a3f.jpg,PAPER
train,train,paper123_jpg.rf.675d0f7b08751cc63a53dbe5a92aa8b2.jpg,PAPER
train,train,paper1240_jpg.rf.8c40776fecd76c7245a93f93e5ae5335.jpg,PAPER
train,train,paper1241_jpg.rf.69f8ebcac1f5e7d7b4367b44384c4392.jpg,PAPER
train,test,paper1242_jpg.rf.43152a5f4c1cfa7325c510c022ec1c88.jpg,PAPER
train,train,paper1244_jpg.rf.b0d30514f60a12f8cf7246d5a4847ada.jpg,PAPER
train,test,paper1245_jpg.rf.0afc325e33b12ddceed8c2949b8e7cbe.jpg,PAPER
train,train,paper1246_jpg.rf.582d0aeadcc4618396fbaacc47feffbd.jpg,PAPER
train,train,paper1248_jpg.rf.452882e96424d5af799f2555f924ad07.jpg,PAPER
train,train,paper124_jpg.rf.69f0ab5e5669f94e1c6a83abce9ac857.jpg,PAPER
train,test,paper1250_jpg.rf.d4ac56970a76abf118e70a2e9860186b.jpg,PAPER
train,train,paper1251_jpg.rf.c009ff232a740bd0142d393bc9eda392.jpg,PAPER
train,train,paper1253_jpg.rf.d12d99efe50ea6022f5619cc785fd8d5.jpg,PAPER
train,train,paper1254_jpg.rf.f064daf9f418f983320c633f486e2261.jpg,PAPER
train,test,paper1255_jpg.rf.aa5bcab3d9b91ebc85aec9aa0096fb44.jpg,PAPER
train,train,paper1257_jpg.rf.f26ea1ffc2241221dc6fbbc86a05734c.jpg,PAPER
train,test,paper1259_jpg.rf.d6e23de52a248c6cf395d37c45a97a14.jpg,PAPER
train,train,paper125_jpg.rf.edefe33d318fca6be02e3816a153f035.jpg,PAPER
train,train,paper1261_jpg.rf.941ee7067318d814cb2c85ab64574b40.jpg,PAPER
train,test,paper1264_jpg.rf.612fcb2f9961cdd4c90133c529292735.jpg,PAPER
train,test,paper1265_jpg.rf.c4ee623657788eb0940a4f83fddd8c58.jpg,PAPER
train,test,paper1266_jpg.rf.19a8200ca268cec6afa5dba64bae9525.jpg,PAPER
train,train,paper1269_jpg.rf.832cba45ed18a84ad572976ff48f08c4.jpg,PAPER
train,train,paper1270_jpg.rf.6684063df2e8f5e437987d13ba572dab.jpg,PAPER
train,train,paper1272_jpg.rf.06381dbefe7094e26419c8d376a4ebc5.jpg,PAPER
train,test,paper1273_jpg.rf.6221648d2c7e78fd6829eccc6668ac3a.jpg,PAPER
train,train,paper1274_jpg.rf.e6ceb1c57d92ec8b45889d8ea0a0461f.jpg,PAPER
train,train,paper1278_jpg.rf.1c909023027b2f7a642cc437adb63b67.jpg,PAPER
train,train,paper1279_jpg.rf.e6068b617c1819ccad4f5725b1fb8636.jpg,PAPER
train,train,paper127_jpg.rf.7b41f5213a7e0ddd22afe69f49480e23.jpg,PAPER
train,test,paper1281_jpg.rf.787632783ce27ea232912c8f92a6db86.jpg,PAPER
train,train,paper1283_jpg.rf.aa1d702caab9eaa6456bb26fc53d2367.jpg,PAPER
train,train,paper1284_jpg.rf.29791be35113860299bf93f57704ab31.jpg,PAPER
train,train,paper1285_jpg.rf.cc21a318aa82f856a3746ef7a930be7f.jpg,PAPER
train,train,paper1286_jpg.rf.69424fba9055f302e9ed42443e4d5fc6.jpg,PAPER
train,train,paper1287_jpg.rf.f49cecbb810a04fd9d10486c112059c0.jpg,PAPER
train,train,paper1288_jpg.rf.6afb2c5d03efac23647a2f87f3108d38.jpg,PAPER
train,train,paper1289_jpg.rf.04c184b78afc2b29e216af04e1504c87.jpg,PAPER
train,train,paper128_jpg.rf.e5e29f6a67147fbe01ab338d9c1669c8.jpg,PAPER
train,test,paper1290_jpg.rf.89f2985bdade0818f972155d5d501f70.jpg,PAPER
train,train,paper1291_jpg.rf.9d00764b3ab36c7d2ada457bc36fd93d.jpg,PAPER
train,train,paper1293_jpg.rf.c2902911ac6a94b79978b09f21cd84ea.jpg,PAPER
train,test,paper1295_jpg.rf.d55cc806417a6c8c29667ee082080f7f.jpg,PAPER
train,train,paper1296_jpg.rf.f1292eb34e20de3382015d576c68def3.jpg,PAPER
train,train,paper1297_jpg.rf.e6b946a34b0a9bf54e9daa8dd4658b39.jpg,PAPER
train,test,paper1299_jpg.rf.0e2472e4a4198e9e0cda4153409aa3fb.jpg,PAPER
train,train,paper1302_jpg.rf.bba62e74dae8e8120d9f7955edd83c39.jpg,PAPER
train,train,paper1303_jpg.rf.f5bf08b0e1c608a7696b6b4d43f91967.jpg,PAPER
train,train,paper1305_jpg.rf.3d9f3ea24e973c870429496e06be9afb.jpg,PAPER
train,train,paper1306_jpg.rf.55e59ec14ede4252d2566aeaf7d0e68f.jpg,PAPER
train,train,paper1307_jpg.rf.d102cfee1a333696c0984880d127c955.jpg,PAPER
train,train,paper1308_jpg.rf.44db90cbcc7b80acd1eaee562f455926.jpg,PAPER
train,train,paper1309_jpg.rf.21b670be0aa430cedc29742987a70660.jpg,PAPER
train,train,paper130_jpg.rf.1f4c70aac56f319488df90b59e3e9420.jpg,PAPER
train,test,paper1310_jpg.rf.e1c86c5684432a2428eee4932b574e68.jpg,PAPER
train,test,paper1311_jpg.rf.7a08884c84817cefb0132ba3e4fbc7f2.jpg,PAPER
train,test,paper1313_jpg.rf.066d0743c74196ecac81e383642e0161.jpg,PAPER
train,test,paper1314_jpg.rf.154299814151b89c3e16728043b53e4e.jpg,PAPER
train,train,paper1315_jpg.rf.468f89432993af6a9b64bc229bfb12fb.jpg,PAPER
train,train,paper1318_jpg.rf.6ac95934d4efa611fb0bf81a8d73bd42.jpg,PAPER
train,test,paper1320_jpg.rf.2fd2a5ccbe96bda654afcc4a4c541199.jpg,PAPER
train,train,paper1321_jpg.rf.0bed3b6e20e5c3b0f393f10e0e4a1995.jpg,PAPER
train,train,paper1327_jpg.rf.6827703b2f68c5c56df008b474f77971.jpg,PAPER
train,train,paper1328_jpg.rf.491d0c117ede6fa6e75846410b0608aa.jpg,PAPER
train,test,paper1329_jpg.rf.e15d400e8fe5fcb267bcc4aeafc1795f.jpg,PAPER
train,test,paper132_jpg.rf.8e1c63baa489b5937ebf3e5079eaa54e.jpg,PAPER
train,train,paper1331_jpg.rf.07f979e50bd09823dba9ae57aa60de77.jpg,PAPER
train,train,paper1335_jpg.rf.83e200becf0af79063cc33d6b4298765.jpg,PAPER
train,test,paper1336_jpg.rf.39bab8911ab5c2814b56c1bd11aca0b5.jpg,PAPER
train,train,paper1338_jpg.rf.35fe4c1fdb13ed2c7f1939852a362325.jpg,PAPER
train,test,paper1339_jpg.rf.daafd1a8793b44cbaae6e1807e094061.jpg,PAPER
train,train,paper133_jpg.rf.30c6202274e9d088e5381bf088330541.jpg,PAPER
train,train,paper1340_jpg.rf.19ee1cf4daf36f8a2259a04785b85bfb.jpg,PAPER
train,train,paper1341_jpg.rf.22a62e2d8a6a30b6b4eab58715a41164.jpg,PAPER
train,train,paper1343_jpg.rf.c2ad90593807a008d4f7f4ce1b7ed3f4.jpg,PAPER
train,train,paper1344_jpg.rf.416ef2d98424f235dc92fda45bd0dfdc.jpg,PAPER
train,train,paper1345_jpg.rf.8fcf1839c867358aa0a5f0fb0c3245cd.jpg,PAPER
train,test,paper1346_jpg.rf.f8a9e1402da188da8c6b6924700e7db0.jpg,PAPER
train,train,paper1347_jpg.rf.724e69096c8546c96816e31c8d172324.jpg,PAPER
train,train,paper1348_jpg.rf.0a4e95f11929c77f1da3abfd7e04ca9b.jpg,PAPER
train,train,paper1349_jpg.rf.2c51de85537d6882236b90dfae251ab2.jpg,PAPER
train,train,paper1350_jpg.rf.b14e71031f30992d0e1236c9c2735b9a.jpg,PAPER
train,test,paper1351_jpg.rf.930be20fc3c2cda0cd8542a236b9b7a9.jpg,PAPER
train,test,paper1352_jpg.rf.3b9643d3ecddba65840996ae8447e4ac.jpg,PAPER
train,train,paper1353_jpg.rf.c6ff5e85bfa17cbaca06e1dd2cf296a0.jpg,PAPER
train,train,paper1354_jpg.rf.4bb5e37c70dc3409a333e5d70cd192ad.jpg,PAPER
train,train,paper1356_jpg.rf.afcf6f30d6f5faf8145d5069b7f62539.jpg,PAPER
train,train,paper1357_jpg.rf.25f3ec8cef05986b06524e85734eaf2b.jpg,PAPER
train,train,paper1358_jpg.rf.78767b03d566bb2e73a43d4448420e53.jpg,PAPER
train,train,paper1359_jpg.rf.9ba6b0931e5e693b00a0c00ab5619570.jpg,PAPER
train,test,paper135_jpg.rf.8b8233d87f9e9ce9b41f6f753ba34328.jpg,PAPER
train,train,paper1361_jpg.rf.dfab69dc4c9c6d2dce23f54f27834aca.jpg,PAPER
train,train,paper1364_jpg.rf.52930bf33717be7cce00bc685c7f5a72.jpg,PAPER
train,train,paper1365_jpg.rf.32c7f8de016444a7ff5f515413031cda.jpg,PAPER
train,train,paper1366_jpg.rf.ecd67b9c0a9bcd84bc7f1bb67e7552aa.jpg,PAPER
train,test,paper1367_jpg.rf.465ed49645b2f45e27bff1608be92f78.jpg,PAPER
train,train,paper1368_jpg.rf.80f4e5785b633e50139c14198d30892f.jpg,PAPER
train,test,paper1369_jpg.rf.f1b2cc39c25203a87eaf55a93e802638.jpg,PAPER
train,test,paper1372_jpg.rf.721bf3cdfcd8706ef9a1180238eaec8a.jpg,PAPER
train,test,paper1373_jpg.rf.2587a5c6ab9a315ddbe8c12bdf22a865.jpg,PAPER
train,test,paper1374_jpg.rf.674d66bae84605eb248dfa2b7440f52a.jpg,PAPER
train,train,paper1375_jpg.rf.66f40a0715e8aa619a935c6abcf70c15.jpg,PAPER
train,train,paper1376_jpg.rf.7b84b9e7a9b3d1865b6ca1af9d5c799e.jpg,PAPER
train,train,paper1378_jpg.rf.d6e8e52fe5e25cecbd3b3424ed8f9b66.jpg,PAPER
train,train,paper1379_jpg.rf.712dc3f9764821104cc9acf5fdfdf2fa.jpg,PAPER
train,train,paper1380_jpg.rf.cb1f8fd647d123f86718ef6ffb8cc59c.jpg,PAPER
train,test,paper1381_jpg.rf.8c8f0cfbe4fd464aaf3e4c82e7852294.jpg,PAPER
train,train,paper1384_jpg.rf.874c7decfee8ed30057a6a8fd57126ab.jpg,PAPER
train,train,paper1385_jpg.rf.db3af460c5b6e2082d15befec5479079.jpg,PAPER
train,train,paper1386_jpg.rf.dbd9b7699b2374545feb780221d2f6e9.jpg,PAPER
train,test,paper1388_jpg.rf.f2c63be1196ad10511f512160ddf2d79.jpg,PAPER
train,train,paper138_jpg.rf.1b32765f16848dc81bc286cf438a21c9.jpg,PAPER
train,test,paper1391_jpg.rf.7c53ba83d84a5812f2643d7c13629a10.jpg,PAPER
train,test,paper1392_jpg.rf.f24af313c5cbf848f4431ba35ee0a46b.jpg,PAPER
train,train,paper1393_jpg.rf.dbd847ab3b530a01b2f470fb62cd9708.jpg,PAPER
train,train,paper1395_jpg.rf.09a90c2b7ebcc355732e13987c1c89f5.jpg,PAPER
train,train,paper1398_jpg.rf.a0eeb495aa86b3023684ea4eb3a908a0.jpg,PAPER
train,train,paper1399_jpg.rf.d23321618b259cffd9527634b5eb39cd.jpg,PAPER
train,test,paper139_jpg.rf.392098cbd72727f2547661f98f2f0aa4.jpg,PAPER
train,test,paper13_jpg.rf.720e3c8ecd2d18a4dc4b607b307bd95e.jpg,PAPER
train,train,paper1401_jpg.rf.3923ec49c022094cf9eadb5116a5a45c.jpg,PAPER
train,train,paper1403_jpg.rf.545d87b85b90c91c9665bcf4ad76816f.jpg,PAPER
train,train,paper1404_jpg.rf.7eb3c07c0d617059c36d11777ab03fb8.jpg,PAPER
train,train,paper1405_jpg.rf.6b9703cd918c1d19bca223205e5c8904.jpg,PAPER
train,test,paper1407_jpg.rf.cc7f161194cd45a09da938f6bfed183a.jpg,PAPER
train,test,paper1411_jpg.rf.dbcdc802daa77764f2192d2735a8de79.jpg,PAPER
train,train,paper1414_jpg.rf.6c5679d0ef74229379a162d9c484ba97.jpg,PAPER
train,train,paper1415_jpg.rf.bf6b4eb7303feffb6bb3ee5dfad531a7.jpg,PAPER
train,train,paper1416_jpg.rf.fefd07434ae66fab07523e092cf3b8a6.jpg,PAPER
train,train,paper1418_jpg.rf.75a5f0332542bf7da296efc275a47e48.jpg,PAPER
train,test,paper1419_jpg.rf.f6e5288a0a8fd02f135e77b53d190d7d.jpg,PAPER
train,train,paper1420_jpeg.rf.88eb48d4f0288b87bd05672ca96aa5f6.jpg,PAPER
train,train,paper1422_jpg.rf.ede2e69d223e180854a3ff4e9eb7e4f1.jpg,PAPER
train,test,paper1424_jpg.rf.bfd7eeb512a0d3d7b31bbed8de29890a.jpg,PAPER
train,train,paper1425_jpg.rf.cbf0c93c09e6aefe456c284d0220d92b.jpg,PAPER
train,test,paper1426_jpg.rf.4f2f10a826f45063c711f45f482b2a83.jpg,PAPER
train,train,paper1429_jpg.rf.71e952b2e7eaff989fe82d54a783882e.jpg,PAPER
train,train,paper142_jpg.rf.46c3bfa1e0fb7f7afbacf68ca471dea1.jpg,PAPER
train,test,paper1430_jpg.rf.4da0e71eab5e1a13f510f439c7d7fd28.jpg,PAPER
train,train,paper1431_jpg.rf.99de2ccaff3a374e83025964bb2b25a9.jpg,PAPER
train,train,paper1432_jpg.rf.5ef5d227606e82c94b12358dc9f34bc6.jpg,PAPER
train,train,paper1433_jpg.rf.50bf96acdd39116447b13788121e1b75.jpg,PAPER
train,train,paper1434_jpg.rf.026e64c97629dfdb6076fcfaa7984b10.jpg,PAPER
train,train,paper1435_jpg.rf.0358f100afb0e2d76502767eaadf8a35.jpg,PAPER
train,train,paper1436_jpg.rf.564bc2c7d2a558ca8f4015622f1e42f2.jpg,PAPER
train,test,paper1439_jpg.rf.5c6a1603f56b2bd773851cf86884c40a.jpg,PAPER
train,test,paper143_jpg.rf.08ff416b9446cbc5843678244401f14b.jpg,PAPER
train,train,paper1440_jpg.rf.2bc4b9c0a09348d3623e99d273387507.jpg,PAPER
train,test,paper1441_jpg.rf.f92ea62ec3db772d510282fd8c57a581.jpg,PAPER
train,train,paper1442_jpg.rf.41f7376084587aec75ea8b7d9312e77f.jpg,PAPER
train,train,paper1445_jpg.rf.d84e3ca6595861638a27fd790dc8c057.jpg,PAPER
train,train,paper1446_jpeg.rf.e99297f36ba7b8cf58eaad13911a049a.jpg,PAPER
train,train,paper1448_jpeg.rf.1510b75e3356a3284fda135ca2cd264b.jpg,PAPER
train,train,paper1449_jpg.rf.0d06eee073348fc6fcb273fbdbdc10fb.jpg,PAPER
train,train,paper144_jpg.rf.40e6ac2ced0d64f8e6a3117b85d86549.jpg,PAPER
train,test,paper1450_jpeg.rf.f4bc69a8808833bbe34d14bdab1a4ab6.jpg,PAPER
train,train,paper1453_jpeg.rf.c8035a8508884ef3ea320e27c3f54be2.jpg,PAPER
train,test,paper1455_jpeg.rf.9be98392d6a04337a43fefcc3c395295.jpg,PAPER
train,test,paper1457_jpg.rf.28fcb91418fe6b651c9811a1c40f0634.jpg,PAPER
train,test,paper1458_jpeg.rf.fdecb3f8f142789b45c4a86e159c5818.jpg,PAPER
train,train,paper1459_jpeg.rf.42259a7d9769179e490e01b59bdaae79.jpg,PAPER
train,train,paper1460_jpeg.rf.4eb0735c4cb607566bbd0786f094cc7a.jpg,PAPER
train,test,paper1461_jpeg.rf.af48fe54493f9cf5a71db93de852512f.jpg,PAPER
train,test,paper1462_jpeg.rf.287b6636e8f9ad0f85d9eae3cea46b96.jpg,PAPER
train,test,paper1463_jpeg.rf.76aaa4fa2da90f6e1099d55be9cb0ebe.jpg,PAPER
train,train,paper1464_jpeg.rf.fe644e2058a6d20d4c2364f48fe5e9e6.jpg,PAPER
train,train,paper1465_jpeg.rf.382bf718df44d6f67f001aecae0b0485.jpg,PAPER
train,train,paper1466_jpeg.rf.681700a5af7d24ce5e3d91d907df953d.jpg,PAPER
train,train,paper1467_jpeg.rf.b4c9eebd96623d425dc1a409a5591ada.jpg,PAPER
train,test,paper1469_jpeg.rf.5805c8791a20d9fbac83816214cde59c.jpg,PAPER
train,test,paper146_jpg.rf.8f76eabddb31902b5e6df19c8e5961a7.jpg,PAPER
train,test,paper1470_jpg.rf.19906487889b0432225b62e74ecb8eed.jpg,PAPER
train,test,paper1471_jpeg.rf.c9662de4136121a0d5ef0d076c043243.jpg,PAPER
train,test,paper1472_jpeg.rf.08422d56861ef7f8d0a44496f6ae5628.jpg,PAPER
train,train,paper1473_jpeg.rf.451487c2c56cace677e800ddc3ff6ff6.jpg,PAPER
train,test,paper1474_jpeg.rf.7b1275fa33d8167b4a9ccf2f9e6d1e0a.jpg,PAPER
train,train,paper1475_jpg.rf.617c3570d04d7635c06a0cc0e5f5dce9.jpg,PAPER
train,train,paper1476_jpeg.rf.2dc5639976a77ce3ffac2e3ff94e1a51.jpg,PAPER
train,train,paper1478_jpeg.rf.29e9585c5e0b5ee252fe8ab9da565827.jpg,PAPER
train,train,paper1479_jpeg.rf.276a1f2af22ec79b360b057964aea488.jpg,PAPER
train,train,paper147_jpg.rf.afc6e9cb7d59dc845fc196ed48249f4c.jpg,PAPER
train,train,paper1481_jpeg.rf.3f864973fb7c99b0e36f7fc51dce3b96.jpg,PAPER
train,test,paper1483_jpeg.rf.1beba755906060a23e4118a243e2ec8e.jpg,PAPER
train,test,paper1484_jpeg.rf.9c6f1c34d0626655a3cc7e3e2629a435.jpg,PAPER
train,train,paper1485_jpg.rf.8a9af5879ba7238776ec7545aa739898.jpg,PAPER
train,test,paper1486_jpeg.rf.ac9dd28ca90ba7f7693ca4ba9b8ce44d.jpg,PAPER
train,train,paper1488_jpeg.rf.9345923feb0108640127fb9f5e105bb7.jpg,PAPER
train,train,paper148_jpg.rf.a977b474d9bead1e38e3c11e101db745.jpg,PAPER
train,train,paper1490_jpeg.rf.118c2663db655d9854f7b2c02cb4cb38.jpg,PAPER
train,test,paper1491_jpeg.rf.574016715e18e5f92f5bde4288dc76ef.jpg,PAPER
train,test,paper1492_jpeg.rf.76e266a1bc949fd448fde497a3c19cf5.jpg,PAPER
train,test,paper1494_jpg.rf.36ec9c812f4d58dafdaceee496651b2a.jpg,PAPER
train,train,paper1495_jpeg.rf.6c79fef08f2826c3b86017968edb257c.jpg,PAPER
train,train,paper1496_jpeg.rf.59ebb8f6d07efe590b97c2a1184c2c3f.jpg,PAPER
train,train,paper1497_jpeg.rf.b2b4151ff459dc18c23dd7a32bd0ac5c.jpg,PAPER
train,train,paper1498_jpeg.rf.9f4a8d84018ddbb9789a2025deb7eb04.jpg,PAPER
train,test,paper1499_jpeg.rf.3fa4f8a86bcfa5ba70718f1c7eede448.jpg,PAPER
train,test,paper149_jpg.rf.f9796ece1da38af52d3da7428887276f.jpg,PAPER
train,train,paper14_jpg.rf.9d80e5bc8bba520771aa0a33206e47c6.jpg,PAPER
train,test,paper1500_jpeg.rf.6f2baa1031b6102817392e06b9e6935b.jpg,PAPER
train,train,paper1502_jpeg.rf.2a0fcfdd4961f5a91e8d9dddfe22790e.jpg,PAPER
train,test,paper1503_jpeg.rf.417fb8d829f92bae36cf38ca140b64d8.jpg,PAPER
train,train,paper1504_jpeg.rf.b7f1a1de67f9795d5abb994c17f903f3.jpg,PAPER
train,train,paper1505_jpeg.rf.b4a5e4c43bf8d455ae859f9b0e480bc4.jpg,PAPER
train,train,paper1506_jpeg.rf.da67f313b4fe9cb831223ce3c5ee4ddf.jpg,PAPER
train,train,paper1508_jpeg.rf.44edd22a38f4dce90244c711a4e4ebf3.jpg,PAPER
train,test,paper1509_jpeg.rf.549384441b557ca900fbcec0a10d5950.jpg,PAPER
train,train,paper1510_jpeg.rf.131aab3de82dad34faadffb0b5b17496.jpg,PAPER
train,train,paper1511_jpeg.rf.b20ef9aaf99c625128d544383a41c55d.jpg,PAPER
train,train,paper1512_jpeg.rf.670162286931c64b351cb3e3ce25eddd.jpg,PAPER
train,train,paper1513_jpeg.rf.cd89b03141c31d9db6ca245d92589836.jpg,PAPER
train,test,paper1517_jpeg.rf.696a4aba453ad245d379280c36a47bd0.jpg,PAPER
train,train,paper1518_jpeg.rf.d5062ddd2a88ac2c14a3fd8354057a94.jpg,PAPER
train,train,paper1519_jpeg.rf.77d138485cb629c64ffc18c221793c68.jpg,PAPER
train,train,paper1520_jpeg.rf.b9b2903f3fb23e07df11fb247f292388.jpg,PAPER
train,test,paper1521_jpeg.rf.d4ca7d6fe8a200ec37536f2e15105448.jpg,PAPER
train,train,paper1522_jpeg.rf.1a2310fbc36bdf386f67b7c14da9af74.jpg,PAPER
train,train,paper1523_jpeg.rf.db592af040b453978dc47473c6da178f.jpg,PAPER
train,test,paper1524_jpeg.rf.d1551c0fe1db19341a97d8df78ad00e7.jpg,PAPER
train,train,paper1525_jpeg.rf.f4c27eb8419f72933c53471dacb832ac.jpg,PAPER
train,train,paper1526_jpeg.rf.584e85d31fbf923fbd7585d650460f38.jpg,PAPER
train,test,paper1528_jpg.rf.f3dcccbc810ed4d2e50ac40f95ad6648.jpg,PAPER
train,train,paper1529_jpg.rf.0152b9a48077af4f37ca122cbe0db0a1.jpg,PAPER
train,train,paper152_jpg.rf.a487c0a27653cc7ea8272938a0c9a815.jpg,PAPER
train,test,paper1532_jpeg.rf.51a41301d41a77b4abba6f4a5cd4ebf7.jpg,PAPER
train,train,paper1533_jpeg.rf.532b039b58a06bdb44c04d08e5bf0d1c.jpg,PAPER
train,train,paper1534_jpeg.rf.353af6c98ebfcd3986c08530e0113540.jpg,PAPER
train,test,paper1535_jpeg.rf.5d8937865f9cf740846f84049518a33b.jpg,PAPER
train,test,paper1538_jpeg.rf.e1aecb33c3e0b03011bba2c1ae8729fc.jpg,PAPER
train,train,paper1539_jpeg.rf.57270e339bbd32782a19bc76ce4f2ce7.jpg,PAPER
train,train,paper153_jpg.rf.d753b9268350445d8190942f60611306.jpg,PAPER
train,train,paper1540_jpeg.rf.788abdbcc6142b3ea7e4e8c7cae0f993.jpg,PAPER
train,test,paper1542_jpeg.rf.84b1f69a8f47d9204ade434bd822a7ff.jpg,PAPER
train,train,paper1543_jpeg.rf.ebade2a01f91a1c0012d857de1ad241b.jpg,PAPER
train,train,paper1545_jpeg.rf.22d52fe9f84b7ec7be4a684cac9515cd.jpg,PAPER
train,train,paper1547_jpeg.rf.ab5938288e38bf64278893c4509f3631.jpg,PAPER
train,train,paper1548_jpeg.rf.a90d78c4a8048ce4cf150e61dbe9cf85.jpg,PAPER
train,test,paper154_jpg.rf.e4669cb3dd5dd9e7d4305fe67706699b.jpg,PAPER
train,train,paper1550_jpeg.rf.ad38b5b8e65820f71854b9c2fec448ac.jpg,PAPER
train,train,paper1551_jpeg.rf.b437f10bdf97950ee51b888341a173f1.jpg,PAPER
train,test,paper1552_jpeg.rf.ffe7fc932cf75a1867edfaeb19447b28.jpg,PAPER
train,test,paper1553_jpeg.rf.d005570096bc5e6a1cc6387c839fd9f7.jpg,PAPER
train,train,paper1554_jpg.rf.4cd72f5ac0e5c9c152aead758b976cb4.jpg,PAPER
train,train,paper1555_jpeg.rf.6c96bcf2b79010415a278391375a5dec.jpg,PAPER
train,train,paper1556_jpeg.rf.30eb207695fb619d6503a58d55765fac.jpg,PAPER
train,train,paper1557_jpeg.rf.928aca22684b12e9adc9120ee513d319.jpg,PAPER
train,train,paper1558_jpeg.rf.e1af25f4b328248a0302f42a13684d8f.jpg,PAPER
train,train,paper1559_jpeg.rf.b5b151f99ad9d1fd77e4931a49654ccc.jpg,PAPER
train,train,paper1560_jpeg.rf.7f09157fcfa72a9ac794dcb61a496880.jpg,PAPER
train,test,paper1561_jpeg.rf.269f5d0a724c97cd65ea6c6b0d0f762f.jpg,PAPER
train,train,paper1564_jpeg.rf.0a73c22808eb7acb9f447d8866a22c5d.jpg,PAPER
train,train,paper1566_jpeg.rf.2e0c28e1c185a7234cb03120bc10cf08.jpg,PAPER
train,train,paper1568_jpeg.rf.337b0baa96e824393f74f54cfc96d56c.jpg,PAPER
train,train,paper156_jpg.rf.7d2af62b2934e1ee4bef51dfa4baa662.jpg,PAPER
train,train,paper1570_jpeg.rf.6e458d65b23bfb6dbaa8dc1ce96a0fe6.jpg,PAPER
train,train,paper1571_jpg.rf.8548301ee9e95b5e4da862d79b5bdc82.jpg,PAPER
train,test,paper1575_jpeg.rf.c9265f3bfccdcafe2973e9b847f13288.jpg,PAPER
train,train,paper1576_jpeg.rf.24b9281dd095330002f2a97d286b6700.jpg,PAPER
train,train,paper1577_jpeg.rf.231dbd2e171fa2cc700d9c53334aca61.jpg,PAPER
train,train,paper1578_jpeg.rf.1e1e0c8fed59d2e2609b572b9d0c4d41.jpg,PAPER
train,train,paper1579_jpeg.rf.6f8a819e8cdf7b6bff9363dd7ce6ab02.jpg,PAPER
train,test,paper157_jpg.rf.c0ce38237cb7a257216570af3e332720.jpg,PAPER
train,train,paper1580_jpeg.rf.50aec5c17c4d8986a2eef0786cc6e96c.jpg,PAPER
train,test,paper1581_jpg.rf.666aa0a0ec0102b5479e650e5c624eeb.jpg,PAPER
train,train,paper1582_jpeg.rf.5cc4d3826135a641d7fd92c65b6f1b5f.jpg,PAPER
train,train,paper1583_jpeg.rf.708d1537d7fc3e2da5825c2851bccd6b.jpg,PAPER
train,test,paper1584_jpeg.rf.c337933bac487efaaf59ada1173ac22d.jpg,PAPER
train,train,paper1585_jpeg.rf.f82f92c632ba7311674718836593970e.jpg,PAPER
train,train,paper1587_jpeg.rf.56838b867a2b2183c35aeda627bc5e56.jpg,PAPER
train,train,paper1588_jpeg.rf.f1ffad0ffd378c79ebd7d680858af673.jpg,PAPER
train,train,paper1589_jpeg.rf.ae3d5de11a89a5d112c1b9c830853669.jpg,PAPER
train,train,paper158_jpg.rf.49437e30d1e0c2c0ba42ab3a37e73eee.jpg,PAPER
train,test,paper1592_jpeg.rf.63cc08ad7993ddc4f7fd6cdd882373b1.jpg,PAPER
train,test,paper1593_jpeg.rf.dbd3e8acf7f6bb5130256118b2d7d9bc.jpg,PAPER
train,test,paper1594_jpeg.rf.c1b63198dd76a2cb5aeec154139b88c2.jpg,PAPER
train,train,paper1595_jpeg.rf.98afae6b4ae6899e7d29510baa29781a.jpg,PAPER
train,train,paper1599_jpg.rf.66e8929497a63260b359ba154b5a8e3f.jpg,PAPER
train,train,paper159_jpg.rf.3157d994c825d5f763f4f2b916e0d5bf.jpg,PAPER
train,test,paper1600_jpeg.rf.01c127f30597857aceac662472c60ee0.jpg,PAPER
train,train,paper1601_jpeg.rf.2f69160d2524e76f6e96e744a2eb8c77.jpg,PAPER
train,train,paper1602_jpeg.rf.03ba22b472a7b3e548132e1469834c8b.jpg,PAPER
train,train,paper1604_jpeg.rf.682794cf89a824259647e69c0626d38c.jpg,PAPER
train,train,paper1605_jpeg.rf.3c56253b7c3b02bd7261e791b1392274.jpg,PAPER
train,train,paper1606_jpeg.rf.26ea9031a502d7759750f7556c0c66f3.jpg,PAPER
train,train,paper1607_jpeg.rf.b6c564eca09279aca1e71fcd49caf9d1.jpg,PAPER
train,test,paper1610_jpeg.rf.a1bdbcd304ab1651a0ab9d7fc5723bc6.jpg,PAPER
train,train,paper1611_jpeg.rf.6889cf81a19702cdc604cf8fe21019b0.jpg,PAPER
train,train,paper1614_jpeg.rf.53a6652090d50f18124d42c19f2b30b8.jpg,PAPER
train,train,paper1616_jpeg.rf.b80548a600a1d39ccca5f212d366d060.jpg,PAPER
train,train,paper1617_jpeg.rf.6525e1749ad57b6744f23512cfccf808.jpg,PAPER
train,train,paper1618_jpg.rf.6f3ebc40297ba62161955c590e1b1ae0.jpg,PAPER
train,train,paper1619_jpeg.rf.16292003de5428a6cab590892995123d.jpg,PAPER
train,train,paper161_jpg.rf.ae18bd8aa26edbe711ef16eebcfa31c4.jpg,PAPER
train,train,paper1620_jpeg.rf.fe5cdc8d6b8ec0b3dd545350352a3b2a.jpg,PAPER
train,train,paper1621_jpeg.rf.ba8f8e01a87a901573a4170bd6d41606.jpg,PAPER
train,train,paper1622_jpeg.rf.a46f88216d4b38aa9bbca806c0b9f8d6.jpg,PAPER
train,train,paper1623_jpeg.rf.b19aec2ef609d03168e983b20c0a1ae1.jpg,PAPER
train,train,paper1624_jpeg.rf.043063800fe3ebaccb5dcf0314c4da71.jpg,PAPER
train,train,paper1625_jpeg.rf.a1bd15bdfee16459835d2cdd6925b8ba.jpg,PAPER
train,train,paper1626_jpeg.rf.0934bf829d2e16ae64d1729543a8e483.jpg,PAPER
train,test,paper162_jpg.rf.e4885f24ebc165499eaf97a6f5efdcd4.jpg,PAPER
train,train,paper1631_jpeg.rf.2724ac937526fdf470313ea444d182b6.jpg,PAPER
train,train,paper1632_jpeg.rf.81412a5513fc31844fe514f956d1070a.jpg,PAPER
train,train,paper1636_jpg.rf.6e7cebea83d0782ff2484bc5160e2aed.jpg,PAPER
train,test,paper1638_jpeg.rf.7075f9962456b5023978bbaa66e86e8d.jpg,PAPER
train,test,paper1639_jpeg.rf.f32f3b3a3ee4851bb63a07bc13713fed.jpg,PAPER
train,test,paper1640_jpeg.rf.00e233c0534d348608237fb2a899fbbb.jpg,PAPER
train,test,paper1644_jpeg.rf.7cf65b23f7781597a666d2993e0fd3f5.jpg,PAPER
train,train,paper1646_jpeg.rf.7775e5daa560bbb526907d1248c00ea9.jpg,PAPER
train,train,paper1647_jpeg.rf.d952eed444f3b8ccf1fadee20bacad4b.jpg,PAPER
train,test,paper1649_jpeg.rf.dbd8f20238a0945dfa23b45ca2bc03fb.jpg,PAPER
train,train,paper164_jpg.rf.c88f4fb023cecbbdacd7e033aacc1c1a.jpg,PAPER
train,train,paper1651_jpeg.rf.5cda20ffc5f44f63f9debc62a2fda727.jpg,PAPER
train,train,paper1652_jpeg.rf.aabb07064ca4a992e7148c5be26e22a6.jpg,PAPER
train,train,paper1655_jpeg.rf.fc28871a4da446b0f243a30b616b8bc8.jpg,PAPER
train,train,paper1656_jpeg.rf.27218e92b86b22f65feb9c7a482609dc.jpg,PAPER
train,test,paper1657_jpeg.rf.e206ed4574b6fcb895f2fb49c98c3386.jpg,PAPER
train,train,paper1659_jpeg.rf.7ec4d3f7517c4a6655b08faa313b690a.jpg,PAPER
train,train,paper165_jpg.rf.313d38f37a337097a35fad468f70b37b.jpg,PAPER
train,train,paper1660_jpeg.rf.ab113a10f3729c384aa7afc6c34f1037.jpg,PAPER
train,train,paper1661_jpeg.rf.0b1512f4228353998c63e9c22d9707d5.jpg,PAPER
train,train,paper1663_jpeg.rf.19b00ea56574005589d9d3ca23cf95ff.jpg,PAPER
train,train,paper1666_jpeg.rf.03352df547f049618a4dac1e6d66d2b3.jpg,PAPER
train,train,paper1668_jpeg.rf.77775e6b4d35c00ed3c8c04984773a9c.jpg,PAPER
train,train,paper1669_jpg.rf.085e4eb05a0e5e25d8d5238027001634.jpg,PAPER
train,train,paper166_jpg.rf.c428ef839bd701753f828dfcaa3e231b.jpg,PAPER
train,train,paper1671_jpeg.rf.1a71a83037d40daa15ab8a0909299a5d.jpg,PAPER
train,train,paper1673_jpeg.rf.7372be6e01aec253f61a7a668d39fda1.jpg,PAPER
train,train,paper1676_jpeg.rf.6891347c36fc2fd475f1c1e7c1b66efb.jpg,PAPER
train,train,paper1677_jpeg.rf.5128a500cbb1e230bd7eee688422485c.jpg,PAPER
train,test,paper1679_jpeg.rf.61995a96c11d1ec9e89670086fb9d57e.jpg,PAPER
train,train,paper167_jpg.rf.edfd5bedaa133e81455ec47f3618ede3.jpg,PAPER
train,train,paper1681_jpeg.rf.306984c636bea2c20e4332cfdb168d14.jpg,PAPER
train,train,paper1685_jpeg.rf.5d8acffba022ac7cfcd7ee643b0be2c1.jpg,PAPER
train,train,paper1686_jpeg.rf.1b7f9249f265f58412fac7d3f4b9eae8.jpg,PAPER
train,train,paper1689_jpeg.rf.886cf9c829684abb0966005a02acbe9b.jpg,PAPER
train,train,paper168_jpg.rf.8f370c204954050023d4a307fbce0f3d.jpg,PAPER
train,test,paper1690_jpeg.rf.f7cf9c2f0e6eb3abe312cb0ef9d8feb6.jpg,PAPER
train,test,paper1692_jpeg.rf.d5a17f7e57769764db3fcdfa86753674.jpg,PAPER
train,train,paper1694_jpeg.rf.e3cc70311f067d9e38cea8a8ad5b83dd.jpg,PAPER
train,test,paper1695_jpg.rf.c11903b75517e5c607f7121be0c2e874.jpg,PAPER
train,train,paper1696_jpeg.rf.9acc852c51e6d80359ec78b31d56e6ed.jpg,PAPER
train,train,paper1697_jpeg.rf.b199577cbd240b9eb1b04fd29936cb1d.jpg,PAPER
train,train,paper1698_jpeg.rf.8f9209f8db6c8217bb3a22c65cf69f9c.jpg,PAPER
train,train,paper1699_jpeg.rf.78ece75c3fb56a5d3330c16e6b2163b1.jpg,PAPER
train,train,paper16_jpg.rf.09433250e92943aea86ca82e3261c857.jpg,PAPER
train,train,paper1701_jpeg.rf.91e0d314160b86e208dd9b7a977148c7.jpg,PAPER
train,test,paper1702_jpeg.rf.5214c2c16e38d765e1ad3cbf74ce4bba.jpg,PAPER
train,train,paper1704_jpeg.rf.e1bb151d538bd88f6d749d163808a32c.jpg,PAPER
train,train,paper1705_jpg.rf.30037f3575d97c61386dee42f1e69008.jpg,PAPER
train,test,paper1706_jpeg.rf.1a253c37a8f67a9440e652e06fc45009.jpg,PAPER
train,train,paper1707_jpeg.rf.8daa67a667dfc3590d808f2fe92180b3.jpg,PAPER
train,train,paper170_jpg.rf.ab66b29a7c28f8a7e303e176dbb5fb1f.jpg,PAPER
train,train,paper1710_jpeg.rf.e93627224c26e2b08e33ee321cc44224.jpg,PAPER
train,train,paper1712_jpeg.rf.e194dd788ae79160eba4d31d0068c3ac.jpg,PAPER
train,test,paper1713_jpeg.rf.440f804d53b2ab8d8c1eec8957a88536.jpg,PAPER
train,train,paper1715_jpeg.rf.0ae7a7725b211ad830d2ff1dbbc22662.jpg,PAPER
train,train,paper1716_jpeg.rf.cf2ee2fc695167744dd7c980283ce8b2.jpg,PAPER
train,test,paper1717_jpeg.rf.c7a79940bf373e78f9255e0cb60f95a3.jpg,PAPER
train,train,paper1718_jpeg.rf.5718d9eaf6f298876fb9a32d74543964.jpg,PAPER
train,test,paper171_jpg.rf.282475af5fb90ca5c57166f0f4978ae2.jpg,PAPER
train,train,paper1720_jpeg.rf.26deca7ba12b73ee2364586813c40586.jpg,PAPER
train,train,paper1721_jpeg.rf.406d8bd8d02ef91eecfa190f86e71767.jpg,PAPER
train,train,paper1722_jpeg.rf.bc17cfd05df755c8362fc390b1a7d14f.jpg,PAPER
train,test,paper1723_jpeg.rf.adac2942d51bb6059a395802e8b64cae.jpg,PAPER
train,test,paper1724_jpg.rf.68e280409dc3fa835ecc0ff33393c511.jpg,PAPER
train,train,paper1725_jpg.rf.2af14c68f883e424b5adf92145291b23.jpg,PAPER
train,train,paper1727_jpeg.rf.087370dad8340d4c731504e7a980a5ef.jpg,PAPER
train,train,paper1728_jpeg.rf.b119256f30bd9da648049de0777eb353.jpg,PAPER
train,train,paper1729_jpeg.rf.579b6e310a034ed2eb15beeba3d6a7bc.jpg,PAPER
train,train,paper172_jpg.rf.05316596a728ae819d5fc294aadfc9f2.jpg,PAPER
train,train,paper1731_jpeg.rf.c04102b4247337d6fd61d65c86445215.jpg,PAPER
train,train,paper1733_jpeg.rf.c609146ee77455ee2de1ebda39e497f4.jpg,PAPER
train,test,paper1737_jpeg.rf.e41a68ca9ca2bb4270f27aee284609a9.jpg,PAPER
train,train,paper1738_jpeg.rf.2ec1c881752449e8e92063a947a4556c.jpg,PAPER
train,train,paper1739_jpeg.rf.a1bf202312d8dfd43ddf062522eb780b.jpg,PAPER
train,train,paper1740_jpeg.rf.5ebb3dc5b2d28a0b3c78e5d31392bebb.jpg,PAPER
train,test,paper1741_jpeg.rf.4ec3f1538ca91a5e8ddff3d15b183f52.jpg,PAPER
train,train,paper1742_jpg.rf.e8028cfae3aecacebb3f948a7d038028.jpg,PAPER
train,train,paper1744_jpeg.rf.7e87489c1dd544c2656bab4be23c5c7a.jpg,PAPER
train,train,paper1746_jpeg.rf.9e0ed849299d8c39a8c396e967d1b8fc.jpg,PAPER
train,train,paper1748_jpeg.rf.b420972cc30775254b3736da03e2ab08.jpg,PAPER
train,train,paper1752_jpeg.rf.ed7b4682afb5ad95f0a5467fcf701178.jpg,PAPER
train,test,paper1754_jpeg.rf.98932f4be5b81af4662cefb4346b287d.jpg,PAPER
train,train,paper1755_jpeg.rf.282472f27455da0b955e30bab615be29.jpg,PAPER
train,test,paper1757_jpeg.rf.e9d10756022be25aa2aca72ebd18cde5.jpg,PAPER
train,train,paper1758_jpeg.rf.cb356e0168df827babe4b37a7258433d.jpg,PAPER
train,train,paper175_jpg.rf.1c04ba04a7f10c405c2984c572e1fbbb.jpg,PAPER
train,test,paper1760_jpeg.rf.a5ef79062a508e2ff013a6b646a323c2.jpg,PAPER
train,train,paper1761_jpeg.rf.3d83fcb05d0053d968f4dbf2c3f6d277.jpg,PAPER
train,train,paper1765_jpeg.rf.6b0c99e285e86122c8be71f3fe470532.jpg,PAPER
train,train,paper1766_jpeg.rf.53103a261eaa808091a5fb8f6dc1d8f0.jpg,PAPER
train,train,paper1767_jpeg.rf.14e6a301b93a41b99a091b372445fccc.jpg,PAPER
train,train,paper1768_jpeg.rf.159c6cf4fe1375d8cc96280f042bbf70.jpg,PAPER
train,test,paper1769_jpeg.rf.567b9ac0f848e28ed0213f55b4447fb9.jpg,PAPER
train,test,paper176_jpg.rf.02d3f497612019f24e2341ddcfbfd36a.jpg,PAPER
train,test,paper1770_jpeg.rf.8c0021d88d87d697c4669e3f033eb871.jpg,PAPER
train,test,paper1772_jpeg.rf.1926adbf1a9636eb9dace52d1fb0cb69.jpg,PAPER
train,train,paper1775_jpg.rf.22a51a01603699ab49d211552cd1d199.jpg,PAPER
train,train,paper1778_jpeg.rf.9569d71ec344998ccf17e78fb2b23648.jpg,PAPER
train,test,paper1780_jpeg.rf.e9f5b6a5a53da82bb05a64c9b37ae999.jpg,PAPER
train,train,paper1781_jpeg.rf.93f241c4e54934b646f8a7ebcc356425.jpg,PAPER
train,test,paper1782_jpeg.rf.bade48f2eb29c8af24b3d46c885cd2d8.jpg,PAPER
train,train,paper1784_jpg.rf.521df2f7067b0d9dd925b93a4b51e379.jpg,PAPER
train,train,paper1785_jpeg.rf.20bc154d73729b6bd0875d605b7ccf16.jpg,PAPER
train,train,paper1787_jpeg.rf.0484d84697da2275fbb27ca3c1b3d188.jpg,PAPER
train,train,paper1788_jpeg.rf.94cea79571e55abbffbd5c202bc57c74.jpg,PAPER
train,test,paper1789_jpeg.rf.e5efd33118fa2e3155bbbdac80c9878c.jpg,PAPER
train,test,paper1790_jpeg.rf.84326b626a99aadb1536f033c0f55354.jpg,PAPER
train,test,paper1793_jpeg.rf.1b76b945469aa6a64d38eec68575eb1e.jpg,PAPER
train,train,paper1794_jpg.rf.9f9aa5314ebb00f38f7cff9040b5e931.jpg,PAPER
train,train,paper1797_jpeg.rf.b8a8a10e2fa460a23808ea036df8e255.jpg,PAPER
train,train,paper1799_jpeg.rf.25000504b9f89eb693ab10d8a1e4c18d.jpg,PAPER
train,test,paper179_jpg.rf.a2e4648695b14094d700d199c285902d.jpg,PAPER
train,train,paper1800_jpeg.rf.4dc0cc4cc2e31dee99e2194af0fc0f41.jpg,PAPER
train,test,paper1801_jpeg.rf.f9ae11cabf545a2ec90d715db3ba11c2.jpg,PAPER
train,train,paper1802_jpeg.rf.345c8c690345fcea07a4738bb4f65d5e.jpg,PAPER
train,test,paper1804_jpeg.rf.76ad580a915eb5cd3238fb8c04d3722f.jpg,PAPER
train,train,paper1805_jpeg.rf.3cbe8e415d51c085ff0165a12cea5880.jpg,PAPER
train,train,paper1807_jpeg.rf.e78d60afd10c20ac9d0a0d86092da074.jpg,PAPER
train,train,paper1809_jpeg.rf.356463336f2ca80b80a6830711fb0798.jpg,PAPER
train,test,paper1812_jpg.rf.e4aaa20430988a4504883320eb09971d.jpg,PAPER
train,test,paper1813_jpg.rf.4a332da7220cad1708caa06223b804b8.jpg,PAPER
train,train,paper181_jpg.rf.a9ca85214a85d56b7fe7692f215081d0.jpg,PAPER
train,test,paper1823_jpg.rf.0e225a881a53f8cebe68cb06f1cfca26.jpg,PAPER
train,train,paper182_jpg.rf.bdd78e7ad3f637af028d3d3a5655ed0e.jpg,PAPER
train,train,paper1833_jpg.rf.1e6cd95f5b40d12ee6bb53cce0b535b1.jpg,PAPER
train,train,paper1835_jpg.rf.5f52cb3c558abab7c535862ec4ff2d8d.jpg,PAPER
train,train,paper1836_jpg.rf.f617533ac1419645b7208a7b36cfac4a.jpg,PAPER
train,test,paper183_jpg.rf.0a02cd08383d2d3c1c5ff1b465b3adda.jpg,PAPER
train,train,paper1848_jpg.rf.56b44c5f4fff710f403c76cee6dd8205.jpg,PAPER
train,test,paper1849_jpg.rf.79c94501cb38efba7d296c903d78b6f4.jpg,PAPER
train,train,paper184_jpg.rf.d16795d53df97aed42deee1b285578f6.jpg,PAPER
train,train,paper1857_jpg.rf.759ac7458e69a475fdcc1f956da45181.jpg,PAPER
train,train,paper1858_jpg.rf.72c1c3f0afed9ecb03f66e4cd9180a69.jpg,PAPER
train,test,paper185_jpg.rf.9d6cd3d85b01ec05ee33e25bcfc34695.jpg,PAPER
train,train,paper1860_jpg.rf.3377581f6ac2f6e2a2384e71398d4943.jpg,PAPER
train,train,paper1861_jpg.rf.face72fc9339ffd52368c06af76f720a.jpg,PAPER
train,train,paper1864_jpg.rf.f40cecbd7f57a849b6c16f9854075d7e.jpg,PAPER
train,train,paper1865_jpg.rf.38298c8ec1ba4f8a9f492b3cb511d59d.jpg,PAPER
train,train,paper1866_jpg.rf.1ee8319b268797bd884acf2e1e0e1a63.jpg,PAPER
train,train,paper1867_jpg.rf.12dde0e7674adab32ca4ed5b21f6a0d4.jpg,PAPER
train,train,paper1868_jpg.rf.dd989747cf25bf7a9a9376612b89cf0c.jpg,PAPER
train,train,paper1870_jpg.rf.26bc1494337692ca48c23b0fbf57ec15.jpg,PAPER
train,test,paper1871_jpg.rf.45fe4d67e7958fdf980956a36f78b275.jpg,PAPER
train,test,paper1872_jpg.rf.6362a62c6b60b921d7dc998f2402e8bc.jpg,PAPER
train,train,paper1873_jpg.rf.55847d263debc33b843038ec191934ab.jpg,PAPER
train,test,paper1874_jpg.rf.b661c0fb7bf99e8631ae666f404c21ff.jpg,PAPER
train,train,paper1876_jpg.rf.adcf5a4a8a73a657f1bc3bd42f9134f9.jpg,PAPER
train,train,paper1877_jpg.rf.52bf487981534ec904005d6e379a01e6.jpg,PAPER
train,test,paper1879_jpg.rf.ca630a3dc00fc754e0d600c688c9053a.jpg,PAPER
train,train,paper187_jpg.rf.7aa1f2155d68007361f26145f2daf008.jpg,PAPER
train,test,paper1880_jpg.rf.3a2cd3557ed0493f25135993234663de.jpg,PAPER
train,train,paper1882_jpg.rf.4b1a980456649fe73a439205ca322999.jpg,PAPER
train,test,paper1885_jpg.rf.c413af3146e4d89d16d7c382319e305b.jpg,PAPER
train,test,paper1886_jpg.rf.9b8589fe44a9191442c5ae5e302438ce.jpg,PAPER
train,train,paper1887_jpg.rf.d9110a216dc8d18737289640b62831aa.jpg,PAPER
train,test,paper1888_jpg.rf.115250fb12746e29dfd7e0ae6d67cf96.jpg,PAPER
train,train,paper1889_jpg.rf.f7db64c2fcb547e2412e4f7fd71f23bf.jpg,PAPER
train,test,paper1891_jpg.rf.ef044dcd8424f3ccf56d42c291d0fb5e.jpg,PAPER
train,test,paper1892_jpg.rf.528f955f63e89e4bbf87f839684d9a85.jpg,PAPER
train,train,paper1893_jpg.rf.a23fdfc8a9254196fb54e28df0c0f57a.jpg,PAPER
train,train,paper1896_jpg.rf.87be59c06c3b5c82baad376b0483b4b9.jpg,PAPER
train,train,paper1898_jpg.rf.df7551e7b72a8e74d10a791e376aa693.jpg,PAPER
train,train,paper1899_jpg.rf.b499f1af2eb547071221b0d4f5e0461a.jpg,PAPER
train,train,paper189_jpg.rf.143a0e3142442b0b8323094cb153afc5.jpg,PAPER
train,train,paper18_jpg.rf.7bdc731de9821164d6c72a45acf0ebbc.jpg,PAPER
train,train,paper1901_jpg.rf.66b2ce6ad544fa141cda8fc4c8d1f67e.jpg,PAPER
train,train,paper1903_jpg.rf.bfdf6fa6e0d31554e10bf690e5e88744.jpg,PAPER
train,train,paper1905_jpg.rf.e8558e084360785d55bfd5c40cbaad18.jpg,PAPER
train,train,paper1906_jpg.rf.eae3448d8ac341c019e471e1a5386629.jpg,PAPER
train,train,paper1909_jpg.rf.4776ed4e1e88095983ee56b4911652ea.jpg,PAPER
train,train,paper1910_jpg.rf.8b78d1ed2d10af7c065eaf2bec29f6c5.jpg,PAPER
train,train,paper1911_jpg.rf.e015501ca4463d93cbecd17cfe0fd314.jpg,PAPER
train,train,paper1912_jpg.rf.6061d2d349951c1bee4ff3287da2265e.jpg,PAPER
train,train,paper1914_jpg.rf.24bdda4581496c07044536b36a69a480.jpg,PAPER
train,train,paper1916_jpg.rf.5f769892108327822c3f9735b649713f.jpg,PAPER
train,train,paper1917_jpg.rf.21e34560f8181a619970a9e1860ba80f.jpg,PAPER
train,train,paper1918_jpg.rf.4b48c2758973be12ff5ded77540e97fa.jpg,PAPER
train,train,paper1920_jpg.rf.4e23438c5f148816f5816f9aebdc712e.jpg,PAPER
train,test,paper1923_jpg.rf.48dc1b53cafdf273abd65b4acfbd6f7d.jpg,PAPER
train,train,paper1924_jpg.rf.351c60b6bc9382aaacb9fef30ea4f080.jpg,PAPER
train,train,paper1925_jpg.rf.4d86dd922ff6eb7308eec43ab556f673.jpg,PAPER
train,train,paper1926_jpg.rf.5307e41e8218d674615e20b6a8bf27f3.jpg,PAPER
train,test,paper1927_jpg.rf.60bb941871f8e3f35e2012afdbcb1cdf.jpg,PAPER
train,test,paper1930_jpg.rf.755fb69c284b334f50cb58c998f3b59e.jpg,PAPER
train,train,paper1931_jpg.rf.1a2635063d9aacef8c747f24d954badd.jpg,PAPER
train,train,paper1932_jpg.rf.dc5de0d1b0fea9d5d2d352e96745d394.jpg,PAPER
train,test,paper1933_jpg.rf.78b9ba014bb5b5a3b869347f18f81a2b.jpg,PAPER
train,train,paper1934_jpg.rf.5747cd5e7fde642bca35a69e1c4b314e.jpg,PAPER
train,train,paper1935_jpg.rf.c9e964c4f72bb2aa291d6bcdf7cc677a.jpg,PAPER
train,train,paper1936_jpg.rf.21ec5e5ee80a2a2ceb3720a8a8d9372a.jpg,PAPER
train,test,paper1937_jpg.rf.548d7e1ae58223dd8c732adfeb30f21a.jpg,PAPER
train,train,paper1939_jpg.rf.5ada9ea1e2c1e8546b66635777c2d5cb.jpg,PAPER
train,train,paper193_jpg.rf.b28b17f432d2054450748a4ad8f3de95.jpg,PAPER
train,train,paper1940_jpg.rf.7b1f4612d26cabac4641b70d6c1e64f9.jpg,PAPER
train,test,paper1941_jpg.rf.97890b219d53f3aa9eb31b7746051afe.jpg,PAPER
train,train,paper1942_jpg.rf.2a4c46dc71f26c975490579d07d04780.jpg,PAPER
train,train,paper1944_jpg.rf.36cd67726f2323cbb60a58f14209bd61.jpg,PAPER
train,test,paper1945_jpg.rf.92be333614b2e6cd0b213550c4b61b7e.jpg,PAPER
train,train,paper1947_jpg.rf.60204414f8a0945e71508915f959bbdf.jpg,PAPER
train,train,paper1950_jpg.rf.4abfe3410c2ae469f35c764585116d50.jpg,PAPER
train,test,paper1954_jpg.rf.870ce4c758f5e87dffd18227191decca.jpg,PAPER
train,train,paper1955_jpg.rf.7b1bac6480b2c2edf880b69e13968716.jpg,PAPER
train,train,paper1956_jpg.rf.7a4774f6aa51715f90c3acec08d02e13.jpg,PAPER
train,train,paper1957_jpg.rf.ed689606a83bea78f3d64f5f00309ec0.jpg,PAPER
train,train,paper1958_jpg.rf.a020c3ca59ac00bf85ed8d8c1531ef2b.jpg,PAPER
train,train,paper1959_jpg.rf.7d2210186ec645b0b9ee5d7d3ef444ef.jpg,PAPER
train,test,paper1960_jpg.rf.224c213092f9ba5089d019f0e15cc6e6.jpg,PAPER
train,train,paper1961_jpg.rf.c048d10ef01646d81918d9c269498ecf.jpg,PAPER
train,train,paper1963_jpg.rf.287b52b53a1983b34ccb5fc8602b4dc8.jpg,PAPER
train,test,paper1964_jpg.rf.bb2e063aa39767d1884703f1ce8f84df.jpg,PAPER
train,test,paper1965_jpg.rf.1b83196ecaa8313c24d47c4a3e371161.jpg,PAPER
train,train,paper1967_jpg.rf.96e7b6da9690d25f1aaaf035976cbcdb.jpg,PAPER
train,train,paper1968_jpeg.rf.a601c27a7c53f6254a13968b8b8faa7c.jpg,PAPER
train,test,paper1969_jpg.rf.afa7e829fd7f0daa154771229be9341f.jpg,PAPER
train,test,paper1970_jpg.rf.9d3042fdcde02cb455aa1af54cf77000.jpg,PAPER
train,train,paper1971_jpg.rf.604a498c7c13727882454c9c7f3a4c75.jpg,PAPER
train,test,paper1972_jpg.rf.475f24802dc077b13768998313c6e603.jpg,PAPER
train,test,paper1974_jpg.rf.f3b75927251f3b8c60265d6ab719a36e.jpg,PAPER
train,train,paper1976_jpg.rf.69615c72d4a576bb223bf0e16ea8264e.jpg,PAPER
train,train,paper1978_jpg.rf.363206b11424400f69a10c0638adb282.jpg,PAPER
train,train,paper1979_jpg.rf.5993c702d2ca258dbf2b7d7b4f69c008.jpg,PAPER
train,test,paper197_jpg.rf.5d75fa4c807d25e39b9c1527a0a59f70.jpg,PAPER
train,train,paper1980_jpg.rf.57c6bd3ca8125a41ad7ced147e92a080.jpg,PAPER
train,test,paper1982_jpg.rf.002ab77a31e072e853c90fb22ddee20b.jpg,PAPER
train,train,paper1983_jpg.rf.2447ec8f6b469c41e1351dd002f851dc.jpg,PAPER
train,train,paper1985_jpg.rf.63a892ec7b30c3bb9ca113b14e92a775.jpg,PAPER
train,train,paper1988_jpg.rf.50362ad19deb30ee1f61a845259303fc.jpg,PAPER
train,train,paper1989_jpg.rf.438b31605f407b94fc329b6bfa9cfbe4.jpg,PAPER
train,train,paper1990_jpg.rf.27a2ee1e91e02f5b3989b60b681b2179.jpg,PAPER
train,train,paper1992_jpg.rf.d20791df1da418a58d952583552890ed.jpg,PAPER
train,test,paper1993_jpg.rf.55a094fe46fd1a651a93ada7ee89e243.jpg,PAPER
train,train,paper1994_jpg.rf.d5cd1283459bc8da4b033582eeaf6fd2.jpg,PAPER
train,train,paper1996_jpg.rf.1d9dc60b9fc440a4266c1ed4e5dc35ae.jpg,PAPER
train,test,paper1997_jpg.rf.0552f0f4dd4bea3b4cc268545f4db649.jpg,PAPER
train,train,paper199_jpg.rf.b8e471b1f54497edd697c54309a32e84.jpg,PAPER
train,test,paper2002_jpg.rf.2fd84aa5456d2f859590f8153fc75c5d.jpg,PAPER
train,train,paper2003_jpg.rf.ed53d988f025a95cd0ddc9a388b8c6bb.jpg,PAPER
train,train,paper2005_jpg.rf.d1d57827755a57b025687dbaa277a126.jpg,PAPER
train,train,paper2007_jpg.rf.6a79c16f4a39092a09a71d0baeae9dc3.jpg,PAPER
train,train,paper2008_jpg.rf.4eb7f1980e967f129282ac2c07d30b86.jpg,PAPER
train,train,paper2011_jpg.rf.85720f8a439e8686247c3ff5846c2b61.jpg,PAPER
train,train,paper2012_jpg.rf.425112d5959a40a10ce2911bc53581ee.jpg,PAPER
train,train,paper2013_jpg.rf.c603bcefcc84c2ed653907a03a2e593c.jpg,PAPER
train,test,paper2014_jpg.rf.46088fcc7b1a5f2a0f42f5cf02c499aa.jpg,PAPER
train,train,paper2015_jpg.rf.1282ff3776d86e1ddc4af078e5c34617.jpg,PAPER
train,test,paper2016_jpg.rf.f9499507eb33dd134f2a4592dc1774e3.jpg,PAPER
train,train,paper2018_jpg.rf.c049029fabac8ab692d96f4d7c1b3575.jpg,PAPER
train,test,paper2019_jpg.rf.587a67764676891b4da8718fd1e06bdd.jpg,PAPER
train,train,paper201_jpg.rf.621c9b891530ecfcb52ec11eb37392c5.jpg,PAPER
train,test,paper2020_jpg.rf.5a0d7a923846ee8d776e9b2c44f49a64.jpg,PAPER
train,train,paper2021_jpg.rf.f91c36c3aa3bc0b5d570f8bac7ec08d8.jpg,PAPER
train,test,paper2022_jpg.rf.bbf2710b4266db471da44f65caf4303d.jpg,PAPER
train,test,paper2023_jpg.rf.19c0554abfdae8ff34bc887fcbf6c4db.jpg,PAPER
train,train,paper2025_jpg.rf.effa63cda87ff972c8579ea4b997d21f.jpg,PAPER
train,train,paper2026_jpg.rf.ed0e908ba5177e1f84241019bf83db80.jpg,PAPER
train,test,paper2027_jpg.rf.6779d1dbbace5ffa306f0d1840f3ffb6.jpg,PAPER
train,train,paper2028_jpg.rf.f3cbf866c0eefe4de2b61b982411c17d.jpg,PAPER
train,train,paper202_jpg.rf.77a36cc56ba8add80b8b3df5d74fb5f1.jpg,PAPER
train,train,paper2032_jpg.rf.feed7ea69919a5cc4e327d6036976469.jpg,PAPER
train,test,paper2033_jpg.rf.2e9b8363c60fb79241a8213094207dc3.jpg,PAPER
train,train,paper2034_jpg.rf.0b3ecbb1752dcc4a57834ca27a330390.jpg,PAPER
train,test,paper2035_jpg.rf.dd34355a4d6224d18961626e6d34264c.jpg,PAPER
train,test,paper2036_jpg.rf.bd1287d3e2dd5c910f9bac32113d7795.jpg,PAPER
train,test,paper2037_jpg.rf.5bedf37abdc3190ecc1faa9f19495256.jpg,PAPER
train,train,paper2038_jpg.rf.91849ed77add675ad4d5da0855ad8b83.jpg,PAPER
train,train,paper2039_jpg.rf.211e76c4eb3ee1a8511ee5c830691337.jpg,PAPER
train,train,paper2040_jpg.rf.fddf9d1a356c29c38d790a9212c26c76.jpg,PAPER
train,train,paper2042_jpg.rf.0fad105dd993270662f072e79f4488f1.jpg,PAPER
train,test,paper2043_jpg.rf.9d160c06f8cf1c864ab364f22ec9507f.jpg,PAPER
train,train,paper2045_jpg.rf.ec0f00ebaedd10a044065d4298f025a0.jpg,PAPER
train,train,paper2046_jpg.rf.af1f79e2e801880086742636178775af.jpg,PAPER
train,train,paper2048_jpg.rf.9cbd2d20944b47914f49b47f048e0ad9.jpg,PAPER
train,train,paper2049_jpg.rf.5a1e620017bf63d02c94f51a90a9f931.jpg,PAPER
train,train,paper2050_jpg.rf.bdb6a5d0a0bc09dfeb3e9c06416251e5.jpg,PAPER
train,test,paper2052_jpg.rf.1f8b12c3a37eb20250426fcc75d034aa.jpg,PAPER
train,train,paper2053_jpg.rf.77e1a88f9137c2d3049ac6666e54f2bc.jpg,PAPER
train,train,paper2056_jpg.rf.cacf02598bbe294d052880cd2a1906d4.jpg,PAPER
train,train,paper2057_jpg.rf.3cf7b18e6b8282acd5182999a30c60f1.jpg,PAPER
train,train,paper2058_jpeg.rf.19020ee7e39fcdae5ad02569247c082f.jpg,PAPER
train,train,paper2059_jpg.rf.1840f2f29ae6ac338c6d5db0ce045852.jpg,PAPER
train,train,paper2060_jpg.rf.299e3bb72de68c22a5d7075cb081fb58.jpg,PAPER
train,test,paper2062_jpg.rf.fb5e4a83812ba8540b0309199662a0c6.jpg,PAPER
train,test,paper2064_jpg.rf.b0e97de2f7172d4665310444bd3864fd.jpg,PAPER
train,train,paper2066_jpg.rf.e9264de0b674a758957ce442595b2be6.jpg,PAPER
train,test,paper2067_jpg.rf.ce07c24f278112990bfed277707f8565.jpg,PAPER
train,train,paper2068_jpg.rf.e09506ed163a0b76d9ecdcbe52c96410.jpg,PAPER
train,train,paper2069_jpg.rf.7a34ab722abb47b365cabbcb5e28c3ab.jpg,PAPER
train,train,paper206_jpg.rf.a83d57f473fe1804ca54ea6376c21e20.jpg,PAPER
train,train,paper2071_jpg.rf.0350f036d853d3fb554df01f0c80ea38.jpg,PAPER
train,train,paper2072_jpg.rf.26ede102575f09e0f66626711324e2c0.jpg,PAPER
train,train,paper2074_jpg.rf.b39ba5d767845d36432e5c2258b0de9f.jpg,PAPER
train,train,paper2076_jpg.rf.c38e75757e65a95cea6e9ac0a22472f6.jpg,PAPER
train,train,paper2077_jpg.rf.9b50ea17dc06d51d5f9cf991f239a7a5.jpg,PAPER
train,train,paper2078_jpg.rf.e6c6add819c33c4ae3b81c216d417592.jpg,PAPER
train,train,paper2079_jpg.rf.ff9e8519388f88d4912d558bfd067463.jpg,PAPER
train,test,paper2080_jpg.rf.2415d11a4d2ef1029e7fedd7a7b3eaa0.jpg,PAPER
train,test,paper2081_jpg.rf.2bf0c50a8c5a72e2fb6c2d96639db498.jpg,PAPER
train,train,paper2084_jpg.rf.d4745b758eb33e8d46aac6fd9050a8b1.jpg,PAPER
train,train,paper2086_jpg.rf.007b1370e836f2519001eedb86aff694.jpg,PAPER
train,train,paper2087_jpg.rf.a532957e3ca4bc226a2fcdb5fa50dc4d.jpg,PAPER
train,train,paper2088_jpg.rf.c334eedd46c71a73b4c09254eafa226b.jpg,PAPER
train,test,paper2089_jpg.rf.dd5c404fd4ca6a095b18fdab68b7f55d.jpg,PAPER
train,train,paper208_jpg.rf.c9990e90cfa1fb152f75af87487792d9.jpg,PAPER
train,train,paper2090_jpg.rf.173a378eb3197dcabf7b4b67ba4e0532.jpg,PAPER
train,train,paper2092_jpg.rf.6cb04346e652f2e29c3d1079519463d5.jpg,PAPER
train,train,paper2093_jpg.rf.c831e19c45e70c43ae771e0193a6800c.jpg,PAPER
train,test,paper2094_jpg.rf.294326de859310533c8a5d8a8c56efb1.jpg,PAPER
train,train,paper2095_jpg.rf.05356bd63396e6ec72580dfc6d2474a9.jpg,PAPER
train,train,paper2096_jpg.rf.8d2191aef8fb78650e7ffa587b1037a7.jpg,PAPER
train,train,paper2097_jpg.rf.8c8a5cc4cab76e6eba703a7193a30f38.jpg,PAPER
train,train,paper2098_jpg.rf.7ce8e4a66d1d8ffa702e9394596214d7.jpg,PAPER
train,test,paper2099_jpg.rf.c6a5dc168e1e5cf2086e255fe49546b6.jpg,PAPER
train,train,paper20_jpg.rf.d1fe28229c09cb772c6d5d289f7ec69f.jpg,PAPER
train,train,paper2100_jpg.rf.50536a1752c38c753f8224e442f6683c.jpg,PAPER
train,train,paper2101_jpg.rf.226b067fab5f8cde5df87b5030c0256a.jpg,PAPER
train,train,paper2102_jpg.rf.e9dc6c6accc160a0e3e894a085c8270e.jpg,PAPER
train,train,paper2104_jpg.rf.b03ed91bf490febd58da63eecc411cb3.jpg,PAPER
train,train,paper2107_jpg.rf.a5dd9a92384c1c2be6fa14eab4eab197.jpg,PAPER
train,train,paper2109_jpg.rf.fd1f78dcd350ab23f5c10a029e672c90.jpg,PAPER
train,train,paper210_jpg.rf.31c1a9b56739ea9284cb3b2aa027b198.jpg,PAPER
train,test,paper2113_jpg.rf.7032475057c506b531608db0df51cfa9.jpg,PAPER
train,test,paper2115_jpg.rf.b9845e846d154f22faec63d97fbba828.jpg,PAPER
train,test,paper2116_jpg.rf.bc3ecb03a9117107054746b9db2cbf48.jpg,PAPER
train,train,paper2117_jpg.rf.290aa541818cf3ce168d0cf1a00ac8ea.jpg,PAPER
train,train,paper2119_jpg.rf.953484818b6352e56fc3d8f9ad027849.jpg,PAPER
train,test,paper2120_jpg.rf.b72390054aac147a6f1975abf0d52eff.jpg,PAPER
train,train,paper2121_jpg.rf.bd33866b4c28836f6fd5682e7e7105c9.jpg,PAPER
train,train,paper2122_jpg.rf.891d2a6c17dc1c76df225a5e10ac1d02.jpg,PAPER
train,test,paper2126_jpg.rf.799e3357c76ee7f5a86c20c8cd717c59.jpg,PAPER
train,test,paper2127_jpg.rf.29d4df8c7b05dac6a3c7608d009cbce1.jpg,PAPER
train,test,paper2128_jpg.rf.53900a2e1de6ffd7b51f95994500754d.jpg,PAPER
train,train,paper212_jpg.rf.0c7c57f3a193b51dfa5f1b49b1fb4434.jpg,PAPER
train,test,paper2130_jpg.rf.1311a84ec1c51cf2317300284fdb3729.jpg,PAPER
train,train,paper2131_jpg.rf.d98d599729552635debfc9de56bfadb2.jpg,PAPER
train,train,paper2136_jpg.rf.dff07179db2a559b506564ee26e0dc9c.jpg,PAPER
train,train,paper2137_jpg.rf.e1906a831c25942c6b8eea410e4895fc.jpg,PAPER
train,train,paper2138_jpg.rf.3bb5ee22d587845faa4fc974d1a82fe5.jpg,PAPER
train,train,paper213_jpg.rf.5d14ae89ba3d8376c1e213eec97c22d6.jpg,PAPER
train,test,paper2141_jpg.rf.56dd753962aeff54fe8d29a109202491.jpg,PAPER
train,test,paper2142_jpg.rf.5857195c4f91022d7c0b2a1bfc866c9a.jpg,PAPER
train,train,paper2143_jpg.rf.455879f99b388c03197c85b80958ed0a.jpg,PAPER
train,train,paper2145_jpg.rf.5b5b8a913b2859d3f6d2182f018a0309.jpg,PAPER
train,test,paper2147_jpg.rf.d662257dc82f63f4b96d23201cbc46c2.jpg,PAPER
train,test,paper2149_jpg.rf.72c25979a527c9b0f8108496ae3d643b.jpg,PAPER
train,test,paper214_jpg.rf.2504f590401f3dab6a1e18ead130a9de.jpg,PAPER
train,train,paper2152_jpg.rf.c1a1c674e5aa286ab08b1bc7a69b96ca.jpg,PAPER
train,train,paper2153_jpg.rf.b36abc2f09671dbd40d0082cd494d803.jpg,PAPER
train,train,paper2154_jpg.rf.9a2f92243df118a910b1568f924c0e26.jpg,PAPER
train,train,paper2159_jpg.rf.35fc9b06f868e842d5873e0014654908.jpg,PAPER
train,train,paper215_jpg.rf.ef962c9252a7e3af48ee8682694652a4.jpg,PAPER
train,train,paper2160_jpg.rf.f627370f725633d18e838cd612e15ea5.jpg,PAPER
train,train,paper2161_jpg.rf.8be3935ddc56bb55cc4cfd3d226c61f0.jpg,PAPER
train,train,paper2162_jpg.rf.f552b6e6121efdbd2b6483339e48f988.jpg,PAPER
train,test,paper2163_jpg.rf.e59cf9903a9306fad977d735bb256e86.jpg,PAPER
train,train,paper2164_jpg.rf.3fc6f632aa5011806640cadf19c272c9.jpg,PAPER
train,train,paper2167_jpg.rf.d1907fa6232f666cb02be569206677a7.jpg,PAPER
train,train,paper2168_jpg.rf.43f70d00fd28bd3018c78eff15329654.jpg,PAPER
train,test,paper2169_jpg.rf.787c6a816dd5a5c12bd22ce4924fbe0e.jpg,PAPER
train,train,paper216_jpg.rf.8af854bc1fc4fd0d8e42f56c79943146.jpg,PAPER
train,test,paper2170_jpg.rf.fc9637ccb617fcbfb0d861eca6779df0.jpg,PAPER
train,train,paper2171_jpg.rf.abe6a26d48248c115a9e2566cac67807.jpg,PAPER
train,train,paper2172_jpg.rf.e923174e0d12a39bd51b34735da744f2.jpg,PAPER
train,test,paper2173_jpg.rf.1183e5d56ac3dc68425076ab5364db66.jpg,PAPER
train,train,paper2174_jpg.rf.3c837c161bb50736508765e9677b67bc.jpg,PAPER
train,train,paper2175_jpg.rf.e25bb29fcf2dc56e737d0439cd3304b7.jpg,PAPER
train,train,paper2176_jpg.rf.9e0f81c7b96dcded690658cca5a435bc.jpg,PAPER
train,train,paper2177_jpg.rf.f84d2aa09ecf8496360dc12a6247fc2d.jpg,PAPER
train,train,paper2179_jpg.rf.980491db19477a8034bf571a8848ab8b.jpg,PAPER
train,test,paper217_jpg.rf.f0cd0719b595d0d459d60f5c37340f34.jpg,PAPER
train,train,paper2180_jpg.rf.dfe86011fb4e4fb8ee3e25c1c35fb179.jpg,PAPER
train,train,paper2183_jpg.rf.bc9f078baf76f3159a3b38d635061c6d.jpg,PAPER
train,train,paper2185_jpg.rf.1461ac555f7770791140bb10cb2a8c0e.jpg,PAPER
train,test,paper2186_jpg.rf.1fb74c79d86aea1b0fd92f8109fbfdeb.jpg,PAPER
train,train,paper2187_jpg.rf.e81959d27982e4b1f55682f1fdb1e3c3.jpg,PAPER
train,train,paper2188_jpg.rf.0cf4e2e09f14feabd448900a524aa010.jpg,PAPER
train,test,paper2189_jpg.rf.fb8d89693e62d74bd48ddb5d5d70cb35.jpg,PAPER
train,train,paper2190_jpg.rf.90279ccfb5314e9601ae34d435c981dc.jpg,PAPER
train,train,paper2191_jpg.rf.beb555d56c542b5b176a3c38da612710.jpg,PAPER
train,train,paper2192_jpg.rf.b340dec31dbd710353e0efd46ffccec4.jpg,PAPER
train,train,paper2193_jpg.rf.62fe4fb2c80cbc1154b338ad58ebbb76.jpg,PAPER
train,test,paper2194_jpg.rf.c628d798965c4554cfdb2125eee020a2.jpg,PAPER
train,train,paper2195_jpg.rf.796f151c466b25fada4e0a1f740323e4.jpg,PAPER
train,train,paper2197_jpg.rf.441777489d4bd5caddba7f6366260d1e.jpg,PAPER
train,train,paper2198_jpg.rf.3d607ba9528c64cc7e1bb88442447a49.jpg,PAPER
train,train,paper2199_jpg.rf.281c5b4c184fec292e004c08fbef2c3f.jpg,PAPER
train,train,paper219_jpg.rf.45986388a9af14bf4298c77f29eabfb7.jpg,PAPER
train,train,paper2201_jpg.rf.b6fa054c4e9b4f45233591ab9a24f123.jpg,PAPER
train,train,paper2203_jpg.rf.6e9a73cf744f3a42969443260d50b19a.jpg,PAPER
train,train,paper2204_jpg.rf.2ac63c3da7a283b97372abbd887cdbc6.jpg,PAPER
train,train,paper2205_jpg.rf.c57840a1486fbd1e0e6a2647956c8db4.jpg,PAPER
train,train,paper2207_jpg.rf.89b6b99e3a06561f10f46b0e51127ea9.jpg,PAPER
train,train,paper2208_jpg.rf.dc290307c0cb583caf614ec5de7917cf.jpg,PAPER
train,train,paper220_jpg.rf.c1b9d5272396370a3b896804eca79fed.jpg,PAPER
train,train,paper2210_jpg.rf.60bf7b5e08f20d9e790f836a24030b66.jpg,PAPER
train,test,paper2213_jpg.rf.8d9281476741f36c397488030c16e26b.jpg,PAPER
train,train,paper2216_jpg.rf.8d0b9d069620d6cfe5f9384c85e6c934.jpg,PAPER
train,test,paper2218_jpg.rf.41f7221df31f6b9f4b37b026d6624028.jpg,PAPER
train,train,paper2219_jpg.rf.261a51b96a6ffcbfbe0598a66d323894.jpg,PAPER
train,train,paper221_jpg.rf.df344098cef7b70907d030ebf3744d4b.jpg,PAPER
train,train,paper2220_jpg.rf.912cd0c428cf445e636cc76f578a114b.jpg,PAPER
train,train,paper2221_jpg.rf.8fdab43e0d713b57064b0a5dd3ad1f8e.jpg,PAPER
train,test,paper2222_jpg.rf.0ebf1ac8aa2a15389adc8a2670dd9438.jpg,PAPER
train,train,paper2224_jpg.rf.96e223dc21ebd4a306d99e9539134e4a.jpg,PAPER
train,test,paper2225_jpg.rf.7a9970a495dba06cbb86d9af99b38eb5.jpg,PAPER
train,test,paper2226_jpg.rf.97c2d0798aaffb0b57b43868241eefd0.jpg,PAPER
train,test,paper2227_jpg.rf.02c361e77f9f4bd8fe7bbbcfc0110b4b.jpg,PAPER
train,train,paper2228_jpg.rf.5052f2819e6448ee0569600a8be13262.jpg,PAPER
train,test,paper222_jpg.rf.d874ed26a5c2e14221dca13e938b4de9.jpg,PAPER
train,test,paper2230_jpg.rf.66265d56d7b2373853fc3757a38de651.jpg,PAPER
train,test,paper2231_jpg.rf.ac7ab2286ea87168bde4bc54e176994b.jpg,PAPER
train,test,paper2232_jpg.rf.dce49e3add0bc4b759642f2f66ff2031.jpg,PAPER
train,train,paper2233_jpg.rf.28aaca67742c00a8b614abada419b73f.jpg,PAPER
train,test,paper2234_jpg.rf.500354ebb88185b74e48401739c0ef77.jpg,PAPER
train,train,paper2235_jpg.rf.ac986a15454fc6efcef4d88746f663da.jpg,PAPER
train,test,paper2236_jpg.rf.9c309611c09ef76981cbc7e9440bed71.jpg,PAPER
train,train,paper2237_jpg.rf.e41764bb00d228b3c8cb67c7e201a460.jpg,PAPER
train,test,paper2239_jpg.rf.4515558fb70e5f6c67c3b821afb4a0d4.jpg,PAPER
train,train,paper223_jpg.rf.f81837a88d028ec658a03442f6689377.jpg,PAPER
train,train,paper2240_jpg.rf.1f96b5c19455b382407bfd4feb904e42.jpg,PAPER
train,train,paper2241_jpg.rf.1e4936cfc9a7ab30e410fa80fa0cc1bf.jpg,PAPER
train,train,paper2243_jpg.rf.3277124e0889131a68df356f85b7fe90.jpg,PAPER
train,train,paper2247_jpg.rf.2f4d9da840d28126fade411d3b4daa5f.jpg,PAPER
train,train,paper2251_jpg.rf.51462bf90546a4f8db7b79e74a78b2ca.jpg,PAPER
train,train,paper2253_jpg.rf.e1f06040b6896e3466b2df6c425d2619.jpg,PAPER
train,train,paper2256_jpg.rf.56e4a0674a14428a16ed980726130a1c.jpg,PAPER
train,train,paper2259_jpg.rf.d40965e2a5275171aaf0fdb2f8a4ed41.jpg,PAPER
train,train,paper225_jpg.rf.cd89d3e785333eecbe5464b4beb0985a.jpg,PAPER
train,train,paper2263_jpg.rf.0093232f5903cb42bb66f33999b2a367.jpg,PAPER
train,train,paper2264_jpg.rf.e8837cc3b86e3bf10f97da22e3711e3c.jpg,PAPER
train,train,paper2266_jpg.rf.f51b9f0a17cb692caa84810d13ea3ce4.jpg,PAPER
train,train,paper2270_jpg.rf.feb1a32605a557f57d31312de533c817.jpg,PAPER
train,train,paper2272_jpg.rf.10aac6c9241fa474404b6e39e6234a6b.jpg,PAPER
train,train,paper2275_jpg.rf.10cc7f714d2d4a705092dd323a3f77b1.jpg,PAPER
train,train,paper2276_jpg.rf.21404f8afa45eefab915ce965124b16b.jpg,PAPER
train,train,paper2277_jpg.rf.7096fecd773ac70a3187763d2d7a6a2a.jpg,PAPER
train,test,paper2279_jpg.rf.769904fd52f03f159ebc816994ffaa2b.jpg,PAPER
train,train,paper2280_jpg.rf.adf4788e4bd72bb35a6480eb03e25cf0.jpg,PAPER
train,train,paper2281_jpg.rf.2dc4043c0074e22540b48a7b2701cec9.jpg,PAPER
train,train,paper2283_jpg.rf.4728b9a85996fbe80a17e0dc139124dd.jpg,PAPER
train,train,paper2287_jpg.rf.3c0130a038674d255ecf685c7205e01c.jpg,PAPER
train,test,paper2294_jpg.rf.a33df3755d0362a7a9f4cb1a5de8e2ae.jpg,PAPER
train,train,paper2297_jpg.rf.526d44944800d8fab58e3bf10901f3a5.jpg,PAPER
train,train,paper2299_jpg.rf.391477768950c7a5f08f3af7c5a1a66f.jpg,PAPER
train,test,paper22_jpg.rf.81cef5b8e329e771025d1fd9a8d25499.jpg,PAPER
train,test,paper2300_jpg.rf.f935733dabaad3bb86780b11f2c2e1a9.jpg,PAPER
train,test,paper2301_jpg.rf.a1055e036036a3ce2a310e121919b9ef.jpg,PAPER
train,train,paper2305_jpg.rf.af188f766532845b223c120e1c867a5d.jpg,PAPER
train,train,paper2307_jpg.rf.d873d4bca5f5e77ef4933fdf09887f78.jpg,PAPER
train,test,paper2309_jpg.rf.8ef3a3c070a40ea4c3675dadaecdd116.jpg,PAPER
train,train,paper2311_jpg.rf.38dd87e894888e1e47e5f76dd8aa7fd5.jpg,PAPER
train,train,paper2314_jpg.rf.eb20e3e55e642a34fc527c1f2eba7a83.jpg,PAPER
train,test,paper2318_jpg.rf.19cf1006b185737f8b16837e98d05e07.jpg,PAPER
train,test,paper2320_jpg.rf.bb094a2ce325519ccb563cf0fb82668c.jpg,PAPER
train,train,paper2322_jpg.rf.8fb833cbf04608cea7cc981b2baf7940.jpg,PAPER
train,test,paper2323_jpg.rf.06bed8eccf4b3404360f78f4531f3c99.jpg,PAPER
train,train,paper2327_jpg.rf.6fa745aa10e1dfae724d452e5d3c9b1f.jpg,PAPER
train,test,paper2329_jpg.rf.af40575cd5b7642bf166115e19181fba.jpg,PAPER
train,train,paper2331_jpg.rf.19afc0f10142bc6fe0e3647f5958788e.jpg,PAPER
train,train,paper2332_jpg.rf.b20651e247d66a57681826f890b7dd39.jpg,PAPER
train,train,paper2333_jpg.rf.caf4f5bb5aa38f216dfae7ad1583b226.jpg,PAPER
train,test,paper2334_jpeg.rf.4fe7445c42570372cc2326fcfb0bbed3.jpg,PAPER
train,train,paper2335_jpg.rf.de0a751a15586ea34b74373f2f80c4e9.jpg,PAPER
train,train,paper2336_jpg.rf.7cc8907d13ecaf39adf431c567ab2543.jpg,PAPER
train,train,paper2337_jpg.rf.c33ebdb3d8df1eb1b40e8e1dc5252a8a.jpg,PAPER
train,train,paper2338_jpg.rf.7d5f6fe1a1830719ca3b5a215b7b5dce.jpg,PAPER
train,train,paper2339_jpg.rf.4e5560555b7bd2bdf7fe2dd30d58b9bd.jpg,PAPER
train,train,paper2340_jpg.rf.969055f6353396fe0813c436e22ad2da.jpg,PAPER
train,train,paper237_jpg.rf.7e41bf8494ebbf09ca4aee303120805c.jpg,PAPER
train,train,paper239_jpeg.rf.b4f5f55bda6d81746f7c08042df0861a.jpg,PAPER
train,train,paper242_jpg.rf.511c9fde818d32d2b9e8345e90df586b.jpg,PAPER
train,test,paper254_jpg.rf.76049f1b811916c75a597d6a4d3edb05.jpg,PAPER
train,train,paper268_jpg.rf.cadac343073c6d49740cfe24cff62d2c.jpg,PAPER
train,train,paper26_jpg.rf.bb465cd2e1b8d92cd70eb06a7ff201c2.jpg,PAPER
train,train,paper271_jpg.rf.95e7bf7f4333b3d7d02679444ec9c109.jpg,PAPER
train,test,paper280_jpg.rf.2054bac2f30d3f0c1b3539c80a56118b.jpg,PAPER
train,train,paper294_jpg.rf.32b38841c598a86605975e0c941d7e20.jpg,PAPER
train,train,paper297_jpg.rf.e3cefe7f60fed1cd98baa2e9e4d2c151.jpg,PAPER
train,train,paper2_jpg.rf.1a7d93c01908ae0f7356762eb0c10e97.jpg,PAPER
train,train,paper304_jpg.rf.2bc2335d0e32fb9b33748efe72f48334.jpg,PAPER
train,train,paper30_jpg.rf.9ba61ac26b83e6d26639508049fdda4f.jpg,PAPER
train,train,paper316_jpg.rf.a46be0721c2aa7556ba768bae5b6a8d5.jpg,PAPER
train,test,paper322_jpg.rf.f3c91ac9bb0bd49daa611df5b6c814ff.jpg,PAPER
train,train,paper329_jpg.rf.2061a39d87b0e1c6f127a369c7164345.jpg,PAPER
train,train,paper335_jpg.rf.ddf2c6c0ff018642fd0fa0d64336dcf5.jpg,PAPER
train,train,paper33_jpg.rf.2c158e273dabcee0bf1f9294df187673.jpg,PAPER
train,train,paper340_jpg.rf.484ac82a004d000f5da1419c386a4e60.jpg,PAPER
train,test,paper348_jpg.rf.5285bdbe6774f4ea096976498372dc73.jpg,PAPER
train,test,paper35_jpg.rf.1cb510cef6606f3a7db610610d94d05b.jpg,PAPER
train,train,paper366_jpg.rf.9f61906a5e8322643667dcee94c0e695.jpg,PAPER
train,train,paper375_jpg.rf.3810ff26c93bc35c3ec61f116043ddff.jpg,PAPER
train,test,paper377_jpg.rf.740266af8a61f515da06b29b1321fa86.jpg,PAPER
train,train,paper380_jpg.rf.0dfb4349ff248791951f29051afe53c1.jpg,PAPER
train,test,paper38_jpg.rf.49dee0b013e1b41f508b473d1bde544d.jpg,PAPER
train,train,paper391_jpg.rf.15a911732e902d2cfd9f412317ed7704.jpg,PAPER
train,test,paper392_jpg.rf.7cc088497906d8d8ddc56482b3f53f26.jpg,PAPER
train,train,paper3_jpg.rf.945ca41fe4db9d1a9b1cf346fc6db7ec.jpg,PAPER
train,train,paper402_jpeg.rf.20eaf383a95b625ce18c9c20050eefbb.jpg,PAPER
train,train,paper405_jpg.rf.10c397807456491d318739f2ca3c5d64.jpg,PAPER
train,test,paper408_jpg.rf.2a65ff92d39c4fe1f8e105f29c9c2c9d.jpg,PAPER
train,train,paper40_jpg.rf.5ea92d41d922211dcd4e62ccc41b6e21.jpg,PAPER
train,test,paper419_jpg.rf.28ac5751d2af3154e8da5d18d1a7a1c5.jpg,PAPER
train,train,paper422_jpg.rf.8501922241515d574f16f32c025ebe82.jpg,PAPER
train,train,paper430_jpg.rf.311b7b1f937084012244c85eee1760a1.jpg,PAPER
train,train,paper45_jpg.rf.3cfea38e8b1a49439d7874ec6b0631fd.jpg,PAPER
train,test,paper460_jpg.rf.6fe0e6094f13a327631e820d6788ca00.jpg,PAPER
train,train,paper467_jpg.rf.6ed530e7b25cf1a6515ae2e33f5abca0.jpg,PAPER
train,test,paper473_jpg.rf.063b774ccd80089de7da6b143ff04146.jpg,PAPER
train,train,paper486_jpg.rf.8fbc76efaaa147ec491fd8d0f815c54c.jpg,PAPER
train,train,paper4_jpg.rf.4ed6d74198799a94a72d9c9d0f5c1859.jpg,PAPER
train,test,paper501_jpg.rf.2a7f08034470eb93292c2ed6812731cc.jpg,PAPER
train,test,paper518_jpg.rf.fc2563d0937a626810a5d5af9cbaa3f4.jpg,PAPER
train,train,paper519_jpg.rf.5b0bf7f6681c1968ce1137545dfe20dc.jpg,PAPER
train,train,paper531_jpg.rf.a1af347d77395b986062a228dbb9315c.jpg,PAPER
train,train,paper53_jpg.rf.0d40fb9d84f07f2eb717f91fd6b1ea6e.jpg,PAPER
train,test,paper548_jpg.rf.096721ff323334fa2c8533470b0a2e03.jpg,PAPER
train,train,paper54_jpg.rf.3866bb4bc9406d92e63079557a04cbf5.jpg,PAPER
train,train,paper558_jpg.rf.82ef46295fabeb8f3a942e2b3e6328e9.jpg,PAPER
train,train,paper55_jpg.rf.4281053c1321bc9200b378d70d0e003c.jpg,PAPER
train,test,paper562_jpg.rf.89315689cea2673047f5b88e01661eda.jpg,PAPER
train,train,paper571_jpg.rf.ec27b74b6480b9ab8a261f66c66f6050.jpg,PAPER
train,test,paper583_jpg.rf.90a8bcd3d6299bb5c95b9d19915f183c.jpg,PAPER
train,train,paper589_jpg.rf.258d90d325916b7d79d7d3e656c00b3c.jpg,PAPER
train,train,paper591_jpg.rf.081dc34f1dd71827a98bfd5f4e10ec10.jpg,PAPER
train,train,paper59_jpg.rf.e8a251fd9a01cdc40dceb37c37d551d3.jpg,PAPER
train,train,paper5_jpg.rf.ec4e7a652de00fb811b064ed540aa903.jpg,PAPER
train,train,paper605_jpg.rf.f7cb9fd9ccfbce2186c54df5ba2e6b6b.jpg,PAPER
train,train,paper611_jpg.rf.ae3c06d96f129bfbbb86e958b1b7524b.jpg,PAPER
train,test,paper615_jpeg.rf.62db703bb87ba606c84d1e8cf58f316b.jpg,PAPER
train,train,paper619_jpg.rf.ec50dcd7beda143b40cd5a6dffc8a50b.jpg,PAPER
train,train,paper623_jpg.rf.c850d9e9d06dd6f25e3de7af6c43ddf0.jpg,PAPER
train,test,paper625_jpg.rf.814cf0851463cf8cc25dfab877671d84.jpg,PAPER
train,train,paper62_jpg.rf.9c85d0d8544d265ed2acb16c387011a5.jpg,PAPER
train,test,paper634_jpg.rf.f62c079bf4a9c06fef430badbb3b717f.jpg,PAPER
train,train,paper637_jpg.rf.d34960636154b1b70236ecdd6917959d.jpg,PAPER
train,test,paper638_jpg.rf.e9124a6a52585c8fdd5c4f50d8afe35a.jpg,PAPER
train,train,paper648_jpg.rf.5509c142db8a262f008faaec1c7ef0f0.jpg,PAPER
train,train,paper649_jpg.rf.fa89181aba7571eab0b5c3144ff6162d.jpg,PAPER
train,train,paper64_jpg.rf.d38223d3b05350a313b949c4b5efd8d1.jpg,PAPER
train,train,paper650_jpg.rf.a6e6dca9feed4553afac30305d929adc.jpg,PAPER
train,test,paper662_jpg.rf.efc89651f150494644b74f53cea67af9.jpg,PAPER
train,train,paper669_jpg.rf.fe31e313b4dd4b1062d27946440d7b8c.jpg,PAPER
train,test,paper66_jpg.rf.f682f25aceb205878a8d01fa5d620753.jpg,PAPER
train,train,paper673_jpg.rf.0991e239b1268f0ce2c5002f18823830.jpg,PAPER
train,train,paper676_jpg.rf.4eb5174988bfc5bed2d310faffb015b7.jpg,PAPER
train,train,paper679_jpg.rf.d5823ad67136d92c0b9afeb747919695.jpg,PAPER
train,train,paper687_jpg.rf.fc8a2175cd251fe54c0a150a8d0186f3.jpg,PAPER
train,test,paper699_jpg.rf.a0b83cad670f4456b8e7f7aa752d8021.jpg,PAPER
train,train,paper703_jpg.rf.ec3a52830d1720fcaacac71c59cef256.jpg,PAPER
train,train,paper707_jpg.rf.1518660e8859a5c0e667a3c92332327a.jpg,PAPER
train,train,paper708_jpg.rf.cc9e7ce5668808a8db72f1972f947cb7.jpg,PAPER
train,train,paper710_jpg.rf.98fc2ff9596ab301c01f00c865ad574a.jpg,PAPER
train,test,paper711_jpg.rf.de93795a10b332a3f0658c6d4acb7c5d.jpg,PAPER
train,train,paper712_jpg.rf.ca431e191271ee777274fdf183381d40.jpg,PAPER
train,train,paper715_jpg.rf.b85a907ace870581f841b4733e5f9f78.jpg,PAPER
train,train,paper716_jpg.rf.57a994c12364624cea56b49bc8e5f06c.jpg,PAPER
train,train,paper718_jpg.rf.4a659345b43867cfcc71dc510eaeb24c.jpg,PAPER
train,train,paper719_jpeg.rf.6536c0ae9795d948bebefb60b45f7200.jpg,PAPER
train,train,paper722_jpg.rf.8f918353d38de2059f012c01195e7b72.jpg,PAPER
train,train,paper723_jpg.rf.3124c641d9e6002c1ef9946f4f22a4af.jpg,PAPER
train,train,paper725_jpg.rf.2a496c0f65446a947f76595510c4fb59.jpg,PAPER
train,test,paper726_jpg.rf.a433f27d491fde457ec2660379bd02d2.jpg,PAPER
train,train,paper733_jpg.rf.7de47748be1a406fffa4a1be36af050f.jpg,PAPER
train,test,paper741_jpg.rf.a76648eed82f0e98fcdeba7a7139f97d.jpg,PAPER
train,test,paper742_jpg.rf.bff9e1071eecbab20312f12065eab494.jpg,PAPER
train,train,paper747_jpg.rf.139ba9929d96de27a29868bcd59bbc2a.jpg,PAPER
train,train,paper749_jpg.rf.6f4e7055d48839d5afac84fd9190d215.jpg,PAPER
train,train,paper756_jpg.rf.68777167b445afdf2673b4e9ed0ef473.jpg,PAPER
train,test,paper757_jpg.rf.8df196676cb35ea32fba8819d6acade7.jpg,PAPER
train,train,paper759_jpg.rf.93c0e2559356778b21cb7847552436d7.jpg,PAPER
train,train,paper760_jpg.rf.a82eeeeae4caf72552540415aada7914.jpg,PAPER
train,train,paper763_jpg.rf.047b6ddce2cc875141e6c29530b20e34.jpg,PAPER
train,test,paper764_jpg.rf.1c5a3cb9041c333b2eafca75174072e0.jpg,PAPER
train,train,paper765_jpg.rf.e2ad25410bc684db564ad70b8a8b980f.jpg,PAPER
train,train,paper766_jpg.rf.16caefa2abbc0f599eb74201ccc9180a.jpg,PAPER
train,test,paper767_jpg.rf.70ce84042d9f09370d1a3a7739196545.jpg,PAPER
train,train,paper768_jpg.rf.64bfc8915b77bfe9d3646fb0f00106c1.jpg,PAPER
train,test,paper769_jpg.rf.f98053948ba1f5ee0a7726757a022c57.jpg,PAPER
train,train,paper771_jpg.rf.56aa41464aa293114d15881a439663f0.jpg,PAPER
train,train,paper773_jpg.rf.1732a8f2233fb25cb6f62444c4ad7213.jpg,PAPER
train,test,paper774_jpg.rf.228eef394185b9836b73c740723e92c5.jpg,PAPER
train,train,paper776_jpg.rf.3f869f30997cdbb67075269ce64cf630.jpg,PAPER
train,train,paper777_jpg.rf.7860914b7eedd1525bb008b274745f84.jpg,PAPER
train,train,paper780_jpg.rf.75423318e831b99a7bb1c2b7412e4ca3.jpg,PAPER
train,train,paper781_jpg.rf.af00ce16ab1afe85661fe7ab17056146.jpg,PAPER
train,train,paper784_jpg.rf.de5c943534bc77cf192db995ac82077f.jpg,PAPER
train,test,paper785_jpg.rf.ec7f90772ed18e5dbe9c7eafbeee3c30.jpg,PAPER
train,train,paper787_jpg.rf.a776cf355b31868a4cfda6ff51850600.jpg,PAPER
train,train,paper788_jpg.rf.edd20dc8bc6525d6ac140a10ac9dc699.jpg,PAPER
train,train,paper789_jpg.rf.ef18c2a194dffe3679f7b4ae3b3c07e3.jpg,PAPER
train,train,paper790_jpg.rf.e01aeafdece8e1d6365dc6709422343e.jpg,PAPER
train,train,paper791_jpg.rf.82e5f8f95499596c6d211e6b4151fe5e.jpg,PAPER
train,train,paper792_jpg.rf.d8c0cff5e1dcfcda30da9fdafa4df03c.jpg,PAPER
train,test,paper793_jpg.rf.e08ea19e0b4f38ac77e548d58cf201ab.jpg,PAPER
train,test,paper794_jpg.rf.c979ef20d1ae13a3a34bb4e7313b4ed2.jpg,PAPER
train,train,paper795_jpg.rf.9217e0dc5dec1492e5830dbe9776c730.jpg,PAPER
train,train,paper796_jpg.rf.8aef4419f2ad977c0bb56c12df888dc1.jpg,PAPER
train,train,paper797_jpg.rf.81630618e1d70b3c961bf45cfc0ab944.jpg,PAPER
train,train,paper798_jpg.rf.6bd112ba0235d5c571b0c8931d186af8.jpg,PAPER
train,train,paper799_jpg.rf.570ad7a943449483d60e75c08a78cd57.jpg,PAPER
train,train,paper7_jpg.rf.6b397ec1af1c12f0c114128395ea4d04.jpg,PAPER
train,test,paper800_jpg.rf.1daddef667371d14af6f22e6507c6946.jpg,PAPER
train,train,paper802_jpg.rf.b20563ce1c124ba03a958011a05c7d4e.jpg,PAPER
train,test,paper803_jpg.rf.773139c0a2ccfd21a5b55abc223d5acb.jpg,PAPER
train,train,paper805_jpg.rf.008460acd9b8e45b89c92cdddf2f21be.jpg,PAPER
train,train,paper806_jpg.rf.8dd2e6f2a7557d92fcc84e74c7d92233.jpg,PAPER
train,train,paper807_jpg.rf.ed48ddc594a846ce58e84cdfe299245e.jpg,PAPER
train,train,paper809_jpg.rf.99ce418e78bc8b4faa9c6f0e974519b1.jpg,PAPER
train,train,paper811_jpg.rf.985264e64a7475dbc242ff869b363a32.jpg,PAPER
train,train,paper812_jpg.rf.dc0806da99d7a40485b8835332c4e712.jpg,PAPER
train,train,paper816_jpg.rf.320e0d2ca8cbf14c79f342d481231f1e.jpg,PAPER
train,test,paper817_jpg.rf.51c71ecf5409258bf671e5a2a16e4954.jpg,PAPER
train,train,paper818_jpg.rf.9e46693599621f7148b194bcb9059f25.jpg,PAPER
train,train,paper81_jpg.rf.e54562b93afc7fcfcc614b214f7c2689.jpg,PAPER
train,train,paper821_jpg.rf.a61836cb298b2c465af0bba6bbcf9b03.jpg,PAPER
train,train,paper822_jpg.rf.d77d1a76116b497b75290a4e025fc944.jpg,PAPER
train,train,paper825_jpg.rf.ceaec19d5652fdb7acd80e4b85f88b46.jpg,PAPER
train,train,paper827_jpg.rf.d8a20425de8f0fc8394ea47977be6b9d.jpg,PAPER
train,train,paper829_jpg.rf.0e3650d52bcb75d1fcbac1bedb46d624.jpg,PAPER
train,train,paper830_jpg.rf.e3b75ec8c5f04d07c75418762d5bf7f0.jpg,PAPER
train,train,paper831_jpg.rf.1542144aa8dac12c9a02c80fc73b819d.jpg,PAPER
train,train,paper833_jpg.rf.f2b937e5a2d4e89eb7d7a40bf85e9ffc.jpg,PAPER
train,train,paper835_jpg.rf.e2ada31723e7f06dc983290c0e7371b7.jpg,PAPER
train,train,paper836_jpg.rf.0fdbe1f99de136aec2560dad4d7bac2b.jpg,PAPER
train,train,paper837_jpg.rf.1db9eb7e588d5d5f81638387f2651962.jpg,PAPER
train,train,paper840_jpg.rf.145035f355aa2fb3e6bfe4dabcc4cc0b.jpg,PAPER
train,test,paper842_jpg.rf.9ab4cc19a05165a8041d37a0ce80074a.jpg,PAPER
train,train,paper844_jpg.rf.3e1f999e7d8008a195233f8b0db2f558.jpg,PAPER
train,train,paper846_jpg.rf.d8a4ae9f564189e4b36d04a715abbe12.jpg,PAPER
train,train,paper847_jpg.rf.70c9e1cf6a1d8975311fc10e45737dd3.jpg,PAPER
train,test,paper848_jpg.rf.38a2fcdf2902b8e858cdbaf95d1fe5df.jpg,PAPER
train,train,paper84_jpg.rf.45dfd2e50f1f626e91c469125dfae2b0.jpg,PAPER
train,test,paper850_jpeg.rf.9578c9dcaf437c287ab5bc6d3ffb3cde.jpg,PAPER
train,train,paper851_jpg.rf.9d364755a90dd3ddb65f42c66eef56c3.jpg,PAPER
train,train,paper852_jpg.rf.d4ccecabe8f2ecc61b38cc2c72248003.jpg,PAPER
train,train,paper853_jpg.rf.a8f651da1a3138f4d2be3c27dc373c73.jpg,PAPER
train,train,paper854_jpg.rf.29d38383b3a5424a9efe59385fc5dccb.jpg,PAPER
train,train,paper857_jpg.rf.1c51028fae29912d7c2bd1887ca5440a.jpg,PAPER
train,test,paper858_jpg.rf.158c8f1c1d9bf8ecfe4f1a281b8b0dbe.jpg,PAPER
train,train,paper859_jpg.rf.7e6bc8c1e2edaf2b95231cfe343986ea.jpg,PAPER
train,test,paper860_jpg.rf.251c19de49b68fce5146648af9f2c96d.jpg,PAPER
train,test,paper861_jpg.rf.969f43ac9b87cc0b09539a50c95baf6d.jpg,PAPER
train,train,paper862_jpg.rf.77158df39c630505e16e2e4c506bdf9d.jpg,PAPER
train,train,paper863_jpg.rf.1a71a29675152d8e7b7350fd8928cba2.jpg,PAPER
train,test,paper864_jpg.rf.d564a763edd19380b62b1a43a51cb0a9.jpg,PAPER
train,test,paper865_jpg.rf.36e50ce9ddf978d1adf29731e052383a.jpg,PAPER
train,test,paper867_jpg.rf.dd3ff2c05642feae0991508558002361.jpg,PAPER
train,train,paper868_jpg.rf.1b7654652106810f6c0ac26acad18f90.jpg,PAPER
train,test,paper869_jpg.rf.db09d0af7a5ccef6f0cb668e32344b37.jpg,PAPER
train,train,paper870_jpg.rf.ba76a183bdf1197f272ac9c18b2b0ea3.jpg,PAPER
train,train,paper871_jpg.rf.76b36d4375a64639ad8dea6aff85854d.jpg,PAPER
train,train,paper872_jpg.rf.4163e497baf953c3b83c2d18b647f326.jpg,PAPER
train,test,paper875_jpg.rf.3d460c6f64d23d6787a3e8062455fa74.jpg,PAPER
train,train,paper876_jpg.rf.7bd9e803363e78c14e9c84ac482e0f54.jpg,PAPER
train,train,paper877_jpg.rf.cf9246d212f143fddae6a107ee066e0e.jpg,PAPER
train,train,paper879_jpg.rf.1b74932aeb8b73e845986a7fb9b41089.jpg,PAPER
train,train,paper881_jpg.rf.47432e8a898db625bfdaa45faaae0e44.jpg,PAPER
train,test,paper885_jpg.rf.8cf6c5f127f42a9547d6afce4d097040.jpg,PAPER
train,train,paper886_jpg.rf.2ce5e85d0e720e62f28d048503208236.jpg,PAPER
train,train,paper887_jpg.rf.6fe3a62168897d944f7e7f9a7815b584.jpg,PAPER
train,test,paper888_jpg.rf.e138370686200ecd0b15a7c33901c081.jpg,PAPER
train,test,paper889_jpg.rf.7993c55f279a24e423eaefa9f01ee73c.jpg,PAPER
train,train,paper890_jpg.rf.d87e8bc2693a860266e29ac39b821f5e.jpg,PAPER
train,test,paper891_jpg.rf.7054bb243bafd00c08baa1e04d5c2240.jpg,PAPER
train,train,paper892_jpg.rf.3a35dcbe7160d02fbbbd7e7b2084f173.jpg,PAPER
train,train,paper893_jpg.rf.d6c1f8c6993c79d427c5d04080fda8e0.jpg,PAPER
train,train,paper894_jpg.rf.1b6a2b4acd89e48177cefa9e96c42081.jpg,PAPER
train,train,paper895_jpg.rf.cf068bca94862a1013f2d20dc1ba3651.jpg,PAPER
train,train,paper896_jpg.rf.c51ef3adce80e61efb94ba87bbe6851f.jpg,PAPER
train,train,paper897_jpg.rf.3eab5d87a1a85ba98f37809b1c173c14.jpg,PAPER
train,train,paper898_jpg.rf.8b2e2a6d01625bd97e5bb3d6f026ba02.jpg,PAPER
train,test,paper899_jpg.rf.999e71699de641259b065666937e6c54.jpg,PAPER
train,test,paper900_jpg.rf.ee4ec5fd0896ee853eee6c911a6eeabf.jpg,PAPER
train,train,paper901_jpg.rf.96bf07ebe63bbbf263c7ad4d81e26ed7.jpg,PAPER
train,test,paper902_jpg.rf.690b6430fc8694346f8f94c17e088d92.jpg,PAPER
train,train,paper903_jpg.rf.83011e3818a413af7b917f94da3c3335.jpg,PAPER
train,train,paper904_jpg.rf.672e3883437bfe9b60fa2dec7a16c082.jpg,PAPER
train,test,paper905_jpg.rf.7cde30543f0b1d4ac163bd961342071d.jpg,PAPER
train,train,paper906_jpg.rf.40f96d196d68ff63463f0e22a177bbb4.jpg,PAPER
train,train,paper907_jpg.rf.8094aa3796e83408b9f91b73b76fc403.jpg,PAPER
train,test,paper908_jpg.rf.351a6146efde2d04392b76383d064c93.jpg,PAPER
train,train,paper910_jpg.rf.3baac250d4bcb303c461b7216bed360f.jpg,PAPER
train,test,paper911_jpg.rf.2a4553d9c0937925ccc868da2d909e57.jpg,PAPER
train,train,paper914_jpg.rf.3c1bded110d8b40604262db61cf264d0.jpg,PAPER
train,test,paper915_jpg.rf.ae8945f846874176b82c5cc1b9c8a24f.jpg,PAPER
train,train,paper916_jpg.rf.5fbbe7b1f37d8422cc79a0022b7e7bf8.jpg,PAPER
train,test,paper917_jpg.rf.3328df889ab71b4b63d719dfb0b8b887.jpg,PAPER
train,train,paper918_jpg.rf.678984a424aaa6016d23ff8e16258e2e.jpg,PAPER
train,test,paper919_jpg.rf.d6a8c87ff66df19dd0da05a362e52e98.jpg,PAPER
train,train,paper920_jpg.rf.4c6da85aa367dafd1f61d33471f50d81.jpg,PAPER
train,train,paper921_jpg.rf.e3bc1d7d2151db76798967e7f8c8e2eb.jpg,PAPER
train,test,paper922_jpg.rf.3640774a80015258dca5f7b875bb3637.jpg,PAPER
train,train,paper923_jpg.rf.ae23207b8872b131c43cc209b2846fc8.jpg,PAPER
train,train,paper925_jpg.rf.0e164fb07efdf8344bb10b4d0eb4fd20.jpg,PAPER
train,train,paper927_jpg.rf.7e7d54368797a8c87ab79e25af7f3f98.jpg,PAPER
train,test,paper928_jpg.rf.41cc5f7b5bebbe47ce31937390eeb0f1.jpg,PAPER
train,train,paper929_jpg.rf.3a3922de9ccbe33ebba34fd046b1045f.jpg,PAPER
train,train,paper930_jpg.rf.73466616a22e0865b467301c84937b70.jpg,PAPER
train,train,paper931_jpg.rf.77000bf4357a00bef0c2a5302fe2abea.jpg,PAPER
train,test,paper933_jpg.rf.0962f60627f9c3ddab49f110699d6e56.jpg,PAPER
train,test,paper935_jpg.rf.ecebea00a83120218064700f2c555928.jpg,PAPER
train,test,paper937_jpg.rf.f3755c1737189244813fde7084ab7fde.jpg,PAPER
train,train,paper939_jpg.rf.51ff8205cfe070e30ac1f6883356613b.jpg,PAPER
train,train,paper940_jpg.rf.3c80860c85f719ac533d63f8379995f8.jpg,PAPER
train,train,paper941_jpg.rf.33a03fa7a3708d495e2384a3c9a5d7a7.jpg,PAPER
train,test,paper942_jpg.rf.fd0ed6b5f12c94fa022900de0c9a3762.jpg,PAPER
train,train,paper944_jpg.rf.19fbbdd3654d7362183f24bebb94d281.jpg,PAPER
train,test,paper946_jpg.rf.aabd5fd53f4dc1dd1a02479ce52db5fa.jpg,PAPER
train,train,paper947_jpg.rf.a1951e243c424d86dff36357256cfd89.jpg,PAPER
train,train,paper948_jpg.rf.593163ba0cf248a66d096d795e8e3b7a.jpg,PAPER
train,train,paper950_jpg.rf.4c13367e0747b505bbab951e0fd4663d.jpg,PAPER
train,train,paper951_jpg.rf.569e08f2ce4b520a640f503d1ae228c2.jpg,PAPER
train,train,paper953_jpg.rf.c03e5910a26b45a9f57eafa1e58ff4b1.jpg,PAPER
train,train,paper954_jpg.rf.19564839649e99ff3201a9863d792dec.jpg,PAPER
train,test,paper955_jpg.rf.54395ea437cfb1e9debc3e240777c2a8.jpg,PAPER
train,train,paper956_jpg.rf.ccf853ee95f97e53eefc277d1d4443c4.jpg,PAPER
train,train,paper957_jpg.rf.0930ff5badcf5a47caa570dc3bf5d857.jpg,PAPER
train,train,paper958_jpeg.rf.c2e81fdaf5b130464cce4eefb2f887f0.jpg,PAPER
train,test,paper960_jpg.rf.c120e205b94dae6f03737e26a4868863.jpg,PAPER
train,test,paper964_jpg.rf.6d60976ac42fc860db4b0a4f525def1a.jpg,PAPER
train,train,paper965_jpg.rf.d3a6a4c2af777f8818fbb71cfa681b6f.jpg,PAPER
train,train,paper966_jpg.rf.20143796a04850849408167ab1065c81.jpg,PAPER
train,train,paper968_jpg.rf.81dc24e0d108fc9afe48f331c287b0f2.jpg,PAPER
train,train,paper969_jpg.rf.350af43d9f6ee654424d06642898432a.jpg,PAPER
train,train,paper970_jpg.rf.6ea3c663c45aa183e74d1aa3de5ddb53.jpg,PAPER
train,train,paper971_jpg.rf.0ca6f4897499347586409047b93bbae9.jpg,PAPER
train,test,paper972_jpg.rf.192fdb82f746a8b1b26751c3bdb84eb2.jpg,PAPER
train,train,paper973_jpg.rf.ed0e3cdf9f317087a04c64fd451bc758.jpg,PAPER
train,train,paper976_jpg.rf.adf723ffc34ccf5d7d1a657c7620dfd3.jpg,PAPER
train,train,paper977_jpg.rf.9e73fd72a5d50f67f428ab712daa0a64.jpg,PAPER
train,test,paper979_jpg.rf.bfab45e9cb6ed8beddca6b5438e3d6b0.jpg,PAPER
train,train,paper980_jpg.rf.c950eab135b80435330870d548ffd400.jpg,PAPER
train,train,paper981_jpg.rf.9c4c09d072153184f7ad2fff378da634.jpg,PAPER
train,train,paper983_jpg.rf.ae1010442b5860f3b512c79abf3e714b.jpg,PAPER
train,train,paper984_jpg.rf.0c070c306327bd5570c277bd9b861189.jpg,PAPER
train,train,paper987_jpg.rf.23d158a02547a65f5cee69d76a820e34.jpg,PAPER
train,train,paper988_jpg.rf.49e1a5ae5fbec2c5312f96c75fae5013.jpg,PAPER
train,train,paper992_jpg.rf.9844fd1ccf40ad6afd81d0b13df18d70.jpg,PAPER
train,test,paper994_jpg.rf.cfcc3ca0909f6b67ef58c305db4ed700.jpg,PAPER
train,train,paper995_jpg.rf.8311fd4d3caf4857dfd5bc0d3ce7e586.jpg,PAPER
train,train,paper996_jpg.rf.cb233c444ed8ff1c53de3a6e181ea75a.jpg,PAPER
train,train,paper997_jpg.rf.5c14b0c494695494866b1df83f2ee883.jpg,PAPER
train,test,plastic1000_jpg.rf.95ce60bfa39d5f58268fed7c803e16bd.jpg,PLASTIC
train,train,plastic1001_jpg.rf.1fcc7cb0d4ba3d2e90f25a85ae79db7e.jpg,PLASTIC
train,train,plastic1003_jpg.rf.a2c27564a3a7e6aaf947da49a0fca54e.jpg,PLASTIC
train,train,plastic1004_jpg.rf.ab94630fbaea5f98924c182cc3c4f64f.jpg,PLASTIC
train,test,plastic1005_jpg.rf.a15dffbe756cdbf4776badf294e7eb2d.jpg,PLASTIC
train,train,plastic1007_jpg.rf.b61a1a17c8b06fb9058656d5a23083b5.jpg,PLASTIC
train,train,plastic1009_jpg.rf.bf66a6a95fe3be523c243f239cfe788b.jpg,PLASTIC
train,train,plastic1010_jpg.rf.17a07e3d5ded99dc39d0e0ac63acea65.jpg,PLASTIC
train,test,plastic1011_jpg.rf.5e011fd11806d79ed4373fa3ee00e230.jpg,PLASTIC
train,train,plastic1012_jpg.rf.3cb56794b86347ce585052784af1c79d.jpg,PLASTIC
train,train,plastic1013_jpg.rf.302aa51298f9b562a2f341a70ddfcdda.jpg,PLASTIC
train,test,plastic1014_jpg.rf.819f5f6039c59284a07a84654711e086.jpg,PLASTIC
train,train,plastic1016_jpg.rf.97f0944065a2996ae3de7efe5d9d5323.jpg,PLASTIC
train,train,plastic1019_jpg.rf.cd6baab15a8fc8c113122a3624de2672.jpg,PLASTIC
train,test,plastic101_jpg.rf.64a6e8898b121dfb844736d06598f9fa.jpg,PLASTIC
train,test,plastic1020_jpg.rf.4e9a9f7c246cd99a212989e76e8f1f50.jpg,PLASTIC
train,train,plastic1022_jpg.rf.7ab0defd116164a33ecb2542837252d9.jpg,PLASTIC
train,test,plastic1024_jpg.rf.88933b6bb1bc184254cbd3c89bee28c5.jpg,PLASTIC
train,train,plastic1025_jpg.rf.7ac20af8be2c2f48b0561494247b06ba.jpg,PLASTIC
train,train,plastic1027_jpg.rf.f4160ddd389746a18ea0391b039a11c3.jpg,PLASTIC
train,test,plastic1029_jpg.rf.08ce629a36fc4b3ad66d9e9e88a814d6.jpg,PLASTIC
train,train,plastic1030_jpg.rf.b9bb18d8333e2ecf6caf8a0291a9a6ed.jpg,PLASTIC
train,train,plastic1031_jpg.rf.b213a64880c2c9af4a3afeccaba3e4ae.jpg,PLASTIC
train,train,plastic1032_jpg.rf.12421c5fae8e0097b5558a4aa196b0a5.jpg,PLASTIC
train,train,plastic1034_jpg.rf.557df65d5df03031c61e90526136043e.jpg,PLASTIC
train,test,plastic1036_jpg.rf.453f3fc06f5cae9eb31f1086740d736c.jpg,PLASTIC
train,train,plastic1038_jpg.rf.22b8295b1abb200ec3b0ec8d4a8cc290.jpg,PLASTIC
train,test,plastic103_jpg.rf.73d937bf968bb443f529dd4517a3e581.jpg,PLASTIC
train,train,plastic1041_jpg.rf.54708d55b0ad693ee47682277e298a77.jpg,PLASTIC
train,test,plastic1042_jpg.rf.7156dc527a30d9e2047bd1a652cc7509.jpg,PLASTIC
train,test,plastic1046_jpg.rf.0d7c0c20f26ac6ca342bfc6bf8487739.jpg,PLASTIC
train,test,plastic1048_jpg.rf.f3b65940675153f10623046c95742fb3.jpg,PLASTIC
train,train,plastic1049_jpg.rf.2fc7b0154ba5bce9d74ff92503448bb2.jpg,PLASTIC
train,train,plastic104_jpg.rf.06d2650c34c409f4a7996934f7c4d5ad.jpg,PLASTIC
train,test,plastic1050_jpg.rf.92d4396b7a953d335b3e4a3c30080e73.jpg,PLASTIC
train,test,plastic1051_jpg.rf.015e8aa1fde1cf491f2cba3a2cee9c77.jpg,PLASTIC
train,test,plastic1052_jpg.rf.eec7a7107cf3a6dc6c3add848d2ff4d1.jpg,PLASTIC
train,train,plastic1053_jpg.rf.37b420fd8cf36fe5821763daed1e6d5d.jpg,PLASTIC
train,train,plastic1055_jpg.rf.c9777f0122cba50b2c06a32afcbb9e05.jpg,PLASTIC
train,train,plastic1057_jpg.rf.bed6d3a1a74c3b7cf414e9240d810988.jpg,PLASTIC
train,train,plastic1058_jpg.rf.6e5b6c9bdfcc525300eb015f339af550.jpg,PLASTIC
train,train,plastic1059_jpg.rf.9e63ab1066fd3a193137df891bfb3b45.jpg,PLASTIC
train,train,plastic1060_jpg.rf.c193280e08ad1572ad8c285b30de0f32.jpg,PLASTIC
train,train,plastic1061_jpg.rf.a03298c4fc853e3a99016afb833c4614.jpg,PLASTIC
train,train,plastic1062_jpg.rf.8e4dbcd0dde69750f2c48b751792d403.jpg,PLASTIC
train,train,plastic1064_jpg.rf.d0414800dcf6a9836b79dd05e5933fff.jpg,PLASTIC
train,train,plastic1066_jpg.rf.249ec0a02573784510e7e89a9a7b8319.jpg,PLASTIC
train,test,plastic1067_jpg.rf.c1075440656785e46bc440ac699dd5a8.jpg,PLASTIC
train,train,plastic1068_jpg.rf.9cc698b53e4c060b93ccc0f15437864d.jpg,PLASTIC
train,train,plastic106_jpg.rf.3d93ad8518f9694d76f3b7aa768709d6.jpg,PLASTIC
train,test,plastic1070_jpg.rf.75f888a0feffa542a2750e4a09ad9853.jpg,PLASTIC
train,train,plastic1071_jpg.rf.a2e02e99e5d63900cff71a0d521822d2.jpg,PLASTIC
train,test,plastic1072_jpg.rf.2481cd669a065842b9673e29ab639c1e.jpg,PLASTIC
train,test,plastic1073_jpg.rf.a2b088c76a6292a82da25f0e128f1b59.jpg,PLASTIC
train,train,plastic1074_jpg.rf.1534561b209a9b04ce41f8c2c97767da.jpg,PLASTIC
train,train,plastic1075_jpg.rf.74e36204020833615f0af1e3087cfae3.jpg,PLASTIC
train,test,plastic1077_jpg.rf.6f59a27f402df18c6089913f05334ecc.jpg,PLASTIC
train,train,plastic1078_jpg.rf.cb6916e5f28bb58ced9aad1ae847dc4e.jpg,PLASTIC
train,train,plastic1081_jpg.rf.2a1b023d4ad5492e1082b2c12a3eec6c.jpg,PLASTIC
train,test,plastic1085_jpg.rf.c195b23a0b44e2a856e2749b2c0b499b.jpg,PLASTIC
train,train,plastic1088_jpg.rf.7fe0c55733e2683c4f564a4caad9fc14.jpg,PLASTIC
train,train,plastic108_jpg.rf.6be5f8c45f0938e86b9f143b607daee9.jpg,PLASTIC
train,test,plastic1090_jpg.rf.3de032c2dca415d7dd0630efd2dff365.jpg,PLASTIC
train,train,plastic1093_jpg.rf.e2c28a2d952e57d015496ffd62929bd3.jpg,PLASTIC
train,train,plastic1096_jpg.rf.50de73d326d03b2f232a1ee13f63d4ad.jpg,PLASTIC
train,train,plastic109_jpg.rf.478adffb9784f865c27639eae5980abc.jpg,PLASTIC
train,train,plastic10_jpg.rf.2da9f8dd9dce8d599d3d039cdfe66dbb.jpg,PLASTIC
train,test,plastic1100_jpg.rf.9af6ba9019b43b0985dc351e66d38338.jpg,PLASTIC
train,test,plastic1103_jpg.rf.324a4d333f5db24b99a3e5228cc90f6e.jpg,PLASTIC
train,train,plastic1104_jpg.rf.0c24dcda85b6602101d25f6a514788e5.jpg,PLASTIC
train,test,plastic1106_jpg.rf.546a42c3e7ffdee4f211df10b5246f85.jpg,PLASTIC
train,train,plastic1107_jpg.rf.3bfe90064361f3e97cce2e1582ae8e31.jpg,PLASTIC
train,test,plastic1108_jpg.rf.a177e3d8318f1b4a0f2f296c710a9903.jpg,PLASTIC
train,train,plastic110_jpg.rf.e90b55cad6255dfdb3da727127880dc6.jpg,PLASTIC
train,train,plastic1110_jpg.rf.f2096641acde14dd20c3083a25944fa1.jpg,PLASTIC
train,train,plastic1115_jpg.rf.c798947b5680b75884049b269686a4b0.jpg,PLASTIC
train,train,plastic1116_jpg.rf.84523758896414bc41a7b53e9f54050d.jpg,PLASTIC
train,test,plastic1117_jpg.rf.148604128e6475e71065ad443c98c6b1.jpg,PLASTIC
train,test,plastic1119_jpg.rf.25ea69edabae9dc5a9332fb141acf818.jpg,PLASTIC
train,test,plastic1120_jpg.rf.7f37d3f8578d8202a2ef5f7482e7d001.jpg,PLASTIC
train,test,plastic1121_jpg.rf.f54f3de93a5d0708492a21a28b3c45a4.jpg,PLASTIC
train,train,plastic1123_jpg.rf.e28271604a7baca754f9f04ab5811ec7.jpg,PLASTIC
train,train,plastic1124_jpg.rf.262c5f8c5d2ec798e50378e80aa00b41.jpg,PLASTIC
train,train,plastic1125_jpg.rf.0c233a3941d237f7b512a6e541ca08bf.jpg,PLASTIC
train,test,plastic1126_jpg.rf.dd88c6a67b05b637fff69e5fbe62ed14.jpg,PLASTIC
train,train,plastic1127_jpg.rf.59e098feca6fb4392bdf64b56dad4190.jpg,PLASTIC
train,train,plastic1129_jpg.rf.c09d08e7defd344dbee54b54f269b3d1.jpg,PLASTIC
train,train,plastic112_jpg.rf.e42f050c9e3c960baa18c1edb249c32f.jpg,PLASTIC
train,test,plastic1130_jpg.rf.6bfe9e04d67020ff98b362a81d97b307.jpg,PLASTIC
train,test,plastic1131_jpg.rf.2038396af8062ce13116f81e41c612ae.jpg,PLASTIC
train,train,plastic1133_jpg.rf.38dabe3abfe0fa1ebd9a0c1d9374e1cc.jpg,PLASTIC
train,train,plastic1134_jpg.rf.d032d56296ec83d159838d93bfb1d8c6.jpg,PLASTIC
train,test,plastic1135_jpg.rf.e348d8b8bf226d5a07e3277dc4d7abeb.jpg,PLASTIC
train,train,plastic1137_jpg.rf.0350a8f297fec4ff315a649e00f01ab9.jpg,PLASTIC
train,train,plastic1139_jpg.rf.6789c6d57b83c462ab147e88c19bc5de.jpg,PLASTIC
train,train,plastic1143_jpg.rf.b9fc09e56065a58410082084c92a9d65.jpg,PLASTIC
train,test,plastic1144_jpg.rf.517bfd022dc761cc878fbe68826644b6.jpg,PLASTIC
train,test,plastic1145_jpg.rf.1d40d3f101cbb069c4177b0b5491fe8a.jpg,PLASTIC
train,train,plastic1146_jpg.rf.b01cd2d83a0ca471c71e9bebf8cd8552.jpg,PLASTIC
train,train,plastic1148_jpg.rf.5b868d11a9c6ee4ac46b85162b41b5ea.jpg,PLASTIC
train,train,plastic1149_jpg.rf.3c7ceab3edf31d140e4046e8601396b0.jpg,PLASTIC
train,train,plastic1153_jpg.rf.3baee204c38a0c53be1f205967b452b9.jpg,PLASTIC
train,test,plastic1155_jpg.rf.5023afd1e1545cc8df56e0f495afcd92.jpg,PLASTIC
train,train,plastic1156_jpg.rf.dd8c2e4bd18a0ac55d5ab5195ef6773a.jpg,PLASTIC
train,train,plastic1157_jpg.rf.45090524cfd092e452ca3af9b59c8b44.jpg,PLASTIC
train,train,plastic1158_jpg.rf.d0a23c8ad36f631f870d31b2258708cc.jpg,PLASTIC
train,test,plastic1159_jpg.rf.42409a90c97bc7c157add229d295c3d1.jpg,PLASTIC
train,test,plastic1161_jpg.rf.75af89fd4dc0c39790194564a9851a99.jpg,PLASTIC
train,train,plastic1163_jpg.rf.dfa2e2d30e1dde716c6930eefcd25d2d.jpg,PLASTIC
train,train,plastic1164_jpg.rf.72a67cb87c6ad88c662b51aa7d650e61.jpg,PLASTIC
train,train,plastic1165_jpg.rf.ac721a2197392de46e90e2a852ed342a.jpg,PLASTIC
train,train,plastic1166_jpg.rf.7b742f18c279f24b87c7a28f14b67e52.jpg,PLASTIC
train,train,plastic116_jpg.rf.90851b9e40885f6af5be0bb653b6aefe.jpg,PLASTIC
train,train,plastic117_jpg.rf.b0835aa85906c08f782abfa472ae03b6.jpg,PLASTIC
train,train,plastic118_jpg.rf.62bb68dbc624de22ad2ea37f75a14bbc.jpg,PLASTIC
train,train,plastic11_jpg.rf.5d7404eac8871b3208d0ef608bd08738.jpg,PLASTIC
train,train,plastic120_jpg.rf.a472e052460668f7a4af51243b13a4c2.jpg,PLASTIC
train,train,plastic121_jpg.rf.eddc1e589d90e7f8bf803b541fec5497.jpg,PLASTIC
train,test,plastic122_jpg.rf.23e3bd37474ea824b8b05f374dd60ab9.jpg,PLASTIC
train,train,plastic123_jpg.rf.2252c7e179fa6344b2bc81db944e48aa.jpg,PLASTIC
train,train,plastic125_jpg.rf.d77e78d4cdcbad9f606c087af6fc99df.jpg,PLASTIC
train,train,plastic126_jpg.rf.1ce67740fa4cf3bf788145ba38a129bd.jpg,PLASTIC
train,test,plastic127_jpg.rf.a641a9c64d2244d0cd9ad1c94dd6ac0e.jpg,PLASTIC
train,train,plastic128_jpg.rf.b48d43aee3cbc03b97e61e41b7663182.jpg,PLASTIC
train,train,plastic129_jpg.rf.98d050a4b00bb8023ee76ddd03dc981e.jpg,PLASTIC
train,train,plastic12_jpg.rf.44de231e0474759c811848ae1a62e137.jpg,PLASTIC
train,test,plastic130_jpg.rf.9fee68bd7e84a04bc2ce2c8857ef824d.jpg,PLASTIC
train,train,plastic131_jpg.rf.9be2d97b04bb468079ec775546dee23e.jpg,PLASTIC
train,test,plastic132_jpg.rf.3ff5aef2c1e1130267013b611a808b44.jpg,PLASTIC
train,train,plastic133_jpg.rf.4971801ceceb4a753f82667c934308c4.jpg,PLASTIC
train,test,plastic134_jpg.rf.30660e9fc873b7059a9648f7b4cc71a7.jpg,PLASTIC
train,train,plastic135_jpg.rf.9e24644472871e737b0fd2663f5bf940.jpg,PLASTIC
train,train,plastic136_jpg.rf.eb3fcd11207e237f3aabb6a6eb2899d6.jpg,PLASTIC
train,train,plastic138_jpg.rf.b598024e3ad1f5225da6ea52a74a3df4.jpg,PLASTIC
train,test,plastic139_jpg.rf.a7cc5c65dfe7fc376e7c6a6b19a07ffd.jpg,PLASTIC
train,train,plastic13_jpg.rf.90557b9786692dc8973f0c921df35780.jpg,PLASTIC
train,train,plastic141_jpg.rf.0d3d4a284bfe7e922095aac65d8244fe.jpg,PLASTIC
train,test,plastic142_jpg.rf.8d3f1d69064a6da810a457df81dc4789.jpg,PLASTIC
train,train,plastic143_jpg.rf.bbc04001eca04463e7aa7c341928ad6d.jpg,PLASTIC
train,train,plastic145_jpg.rf.dabf2b5590ae59c7050f4f9ce3531030.jpg,PLASTIC
train,test,plastic146_jpg.rf.310a873d1ea3be5571b73c5f582e37ea.jpg,PLASTIC
train,test,plastic148_jpg.rf.e8c639289800792a254ef85e2d9141f4.jpg,PLASTIC
train,train,plastic149_jpg.rf.9ebc649988bb7b4a363569b823b965bd.jpg,PLASTIC
train,train,plastic150_jpg.rf.bc0839273933347d84e600f8dd6d10be.jpg,PLASTIC
train,train,plastic151_jpg.rf.07f1f4cdf0763690263bfa85b624aa3c.jpg,PLASTIC
train,test,plastic152_jpg.rf.246260a8d05c223e7d363b50a96a2c5c.jpg,PLASTIC
train,train,plastic153_jpg.rf.21c8f3ca981aff9fd29b1d44d966a161.jpg,PLASTIC
train,train,plastic154_jpg.rf.27650a0ee146d58fab1bd67874b5e8fb.jpg,PLASTIC
train,train,plastic155_jpg.rf.b494048106e5f21ff081893807d1c68d.jpg,PLASTIC
train,train,plastic156_jpg.rf.99d05029b4d78c7af90fe061876b449a.jpg,PLASTIC
train,test,plastic157_jpg.rf.6b65d12923e6c4cc9e86d580a358d8c8.jpg,PLASTIC
train,test,plastic158_jpg.rf.55e967f004e41d5c79cfda6100e4efa9.jpg,PLASTIC
train,test,plastic159_jpg.rf.9f83db1e84fc31a93267cbead83532ae.jpg,PLASTIC
train,train,plastic15_jpg.rf.0f0eea074342be3cb2fd7f7b4de3cdf7.jpg,PLASTIC
train,test,plastic160_jpg.rf.24ca6a76eac2f15714334dfa6d26486e.jpg,PLASTIC
train,train,plastic163_jpg.rf.0cce2c60b54a4ca2e5fbeaf0b2ee5e75.jpg,PLASTIC
train,train,plastic164_jpg.rf.7ae2cdab98ff95db67c10265d9027ee4.jpg,PLASTIC
train,train,plastic165_jpg.rf.78d762c076d8e8337a1b1c76ea47d013.jpg,PLASTIC
train,train,plastic166_jpg.rf.9087bc576e3590695c85956ba62d8b76.jpg,PLASTIC
train,train,plastic168_jpg.rf.312b138684da0580e7b93405bf38476f.jpg,PLASTIC
train,train,plastic170_jpg.rf.9668e57c8e4b8c248a6d582f0e328921.jpg,PLASTIC
train,test,plastic171_jpg.rf.ab270d3c04899bb1447e0da799b64864.jpg,PLASTIC
train,train,plastic172_jpg.rf.09b9acd31233fec8a3e3fda98fd76cb1.jpg,PLASTIC
train,train,plastic173_jpg.rf.bcdde112397eddf4497054efb702999b.jpg,PLASTIC
train,train,plastic174_jpg.rf.9e0822c3f558d00a4620a3b3b4ed9c48.jpg,PLASTIC
train,train,plastic175_jpg.rf.8cb5797bd522e5a6c3714c3c46f8f74f.jpg,PLASTIC
train,test,plastic176_jpg.rf.dc9ddb1abc3c80e2d87cf65867ce5d04.jpg,PLASTIC
train,test,plastic177_jpg.rf.dfb488784791a3d398641797a7aae6ed.jpg,PLASTIC
train,train,plastic178_jpg.rf.939717cc9e40220d1d9666a18ba0379b.jpg,PLASTIC
train,test,plastic17_jpg.rf.1e6aa688deaafcbf58d07dc1e8cbda21.jpg,PLASTIC
train,train,plastic181_jpg.rf.a9b1415e819392d446bd612f52481a6d.jpg,PLASTIC
train,test,plastic182_jpg.rf.d41da2ecd4b9ae32af0912f100f5778d.jpg,PLASTIC
train,test,plastic184_jpg.rf.2c91c5aa1db5bb367ca13499dfeb4853.jpg,PLASTIC
train,train,plastic185_jpg.rf.a5b758aa43100b31d1c4937063485ed6.jpg,PLASTIC
train,test,plastic186_jpg.rf.79f11837d65001519e9f29139654aee7.jpg,PLASTIC
train,train,plastic187_jpg.rf.49714835d2f9962c1ba8e7403227f91b.jpg,PLASTIC
train,train,plastic189_jpg.rf.a1aab84ccb58f8cdd68c537d38883afa.jpg,PLASTIC
train,train,plastic18_jpg.rf.feb4e2bddc2c611a2778c2a7bbadf3c0.jpg,PLASTIC
train,train,plastic192_jpg.rf.59fb0ade16584717566f6527608c146f.jpg,PLASTIC
train,train,plastic195_jpg.rf.25e5123e0ca113baec77b12254dcc32d.jpg,PLASTIC
train,train,plastic197_jpg.rf.bfa9498a40ca021a75eef61146ae97a4.jpg,PLASTIC
train,test,plastic19_jpg.rf.7ec140cacb6a0f1dcb483dd46f4d4ddc.jpg,PLASTIC
train,train,plastic1_jpg.rf.41e8c04bbd05769e93dce9be94028041.jpg,PLASTIC
train,test,plastic200_jpg.rf.d602961aecfad99d0ebb86d23d126d5b.jpg,PLASTIC
train,test,plastic201_jpg.rf.8c8fe7781adfa87c1e9aadca31de4ee8.jpg,PLASTIC
train,test,plastic202_jpg.rf.88b016357e7b20ba8f302931e182d9e0.jpg,PLASTIC
train,train,plastic203_jpg.rf.bdf400c296648d1743431bdfcf0853bf.jpg,PLASTIC
train,train,plastic204_jpg.rf.faaee7117df483f4bd217059eb61397c.jpg,PLASTIC
train,test,plastic205_jpg.rf.2a08660bffb24d4c32aaf7f2db06aeb9.jpg,PLASTIC
train,train,plastic206_jpg.rf.ca1fda05c1fd564f27783c92578eac08.jpg,PLASTIC
train,train,plastic207_jpg.rf.6a33082715328673e1e57ca11912b1ad.jpg,PLASTIC
train,train,plastic208_jpg.rf.67dee7bab95df438f9123faf409c0b45.jpg,PLASTIC
train,train,plastic209_jpg.rf.e67ddbacf48c3aca63e59ab028749179.jpg,PLASTIC
train,test,plastic20_jpg.rf.6b6841696757c2e821b31cf4a0fd8399.jpg,PLASTIC
train,train,plastic210_jpg.rf.abf87ca72744d93a76e7ab7724ca1a0a.jpg,PLASTIC
train,train,plastic211_jpg.rf.7697d969502a09c071aa079018878470.jpg,PLASTIC
train,train,plastic214_jpg.rf.c5c94e217e06c31b90ce04ff57ba94f4.jpg,PLASTIC
train,train,plastic215_jpg.rf.854e81671e2c9192d280633e2b979416.jpg,PLASTIC
train,train,plastic217_jpg.rf.2f59fb714ae25500adbc966d2e6e6c16.jpg,PLASTIC
train,train,plastic218_jpg.rf.125b1f51585294712ec4fb00103f8c71.jpg,PLASTIC
train,test,plastic21_jpg.rf.7edbeac41766cdbf5b3b0199c2406a4f.jpg,PLASTIC
train,train,plastic220_jpg.rf.02a645d7de267808f040b5ff3e5186f2.jpg,PLASTIC
train,test,plastic222_jpg.rf.72f77dacff1d20a004f2a23ebdb2d217.jpg,PLASTIC
train,test,plastic223_jpg.rf.0a2e5ce825a467110aca41437fce4daa.jpg,PLASTIC
train,train,plastic227_jpg.rf.6362a2b46c939518ac08e0cd0b17cf0d.jpg,PLASTIC
train,train,plastic229_jpg.rf.097a45689640e8fae5e67e67e09e40ea.jpg,PLASTIC
train,train,plastic230_jpg.rf.4bce0db5f0dfdc566665ea3ec1476960.jpg,PLASTIC
train,train,plastic231_jpg.rf.3f317f854a82ba005a24788a78513464.jpg,PLASTIC
train,train,plastic234_jpg.rf.d0df6a32a3461bce019f149e7ea2fb9f.jpg,PLASTIC
train,train,plastic235_jpg.rf.7fde4e4921aee2a8b408641c4e005411.jpg,PLASTIC
train,train,plastic236_jpg.rf.0bf540e4064d022e8245d9b717c45654.jpg,PLASTIC
train,train,plastic238_jpg.rf.e665a2031f92ef16fa82b2bb2ccdc23e.jpg,PLASTIC
train,train,plastic239_jpg.rf.faac0a84a7acde2cc69e1b91b18fcd64.jpg,PLASTIC
train,test,plastic23_jpg.rf.51ff85a83046763f0d525bc9d2094c2b.jpg,PLASTIC
train,train,plastic240_jpg.rf.f64546d69fbca005acf81df45527b92f.jpg,PLASTIC
train,train,plastic243_jpg.rf.b38cb12b7baa2f6d30d8872b620cbf54.jpg,PLASTIC
train,train,plastic244_jpg.rf.29f7b7077b30c79bfe81cfbb4a273109.jpg,PLASTIC
train,train,plastic245_jpg.rf.65c0fa9785e45c949a672a6b6af47dcc.jpg,PLASTIC
train,train,plastic246_jpg.rf.fd9627271c85e04383f3bc15aa13dc5e.jpg,PLASTIC
train,train,plastic247_jpg.rf.123f6d5fd9be3746ca63aeaaaba7951f.jpg,PLASTIC
train,test,plastic248_jpg.rf.86ad3a6dc0a5612276ff55d673ef5c4b.jpg,PLASTIC
train,train,plastic249_jpg.rf.df8e5895396f0953b76748761255a432.jpg,PLASTIC
train,train,plastic24_jpg.rf.4a4e57a523defed5bf8fe966bcc7a6a0.jpg,PLASTIC
train,train,plastic250_jpg.rf.8b61a6afbc411f4f6cc5e7cba0bb32a2.jpg,PLASTIC
train,train,plastic251_jpg.rf.9df8e91bc9edb177b82824627b960565.jpg,PLASTIC
train,train,plastic252_jpg.rf.ceee1de872055e87edafef7a5628e327.jpg,PLASTIC
train,train,plastic253_jpg.rf.5c68aadff2930794ef264e8d0a3e0463.jpg,PLASTIC
train,test,plastic255_jpg.rf.e6e140038bd944122c7ac05aace3acb3.jpg,PLASTIC
train,train,plastic256_jpg.rf.08555728a98b826954a24ff45bd73749.jpg,PLASTIC
train,train,plastic257_jpg.rf.26b58a2030509f6963a9c2b223c1ae6e.jpg,PLASTIC
train,train,plastic258_jpg.rf.073867897e22db69a506ba9273b94a90.jpg,PLASTIC
train,train,plastic259_jpg.rf.32eda23d2a1ebf0b4ac8a55fe902fb32.jpg,PLASTIC
train,train,plastic25_jpg.rf.a6f06effaa58c619514788ddc13aeee8.jpg,PLASTIC
train,train,plastic261_jpg.rf.7e3002eb02c22c6a3cb22cb30e6f2caf.jpg,PLASTIC
train,test,plastic262_jpg.rf.6515d8fff3d9e05ba8672fae0dc87994.jpg,PLASTIC
train,test,plastic264_jpg.rf.d1af29a89df530d08cc51ee1c4b579ef.jpg,PLASTIC
train,train,plastic265_jpg.rf.89359b0842a54b7c36c5fb8a44b7ce29.jpg,PLASTIC
train,test,plastic266_jpg.rf.b6800ab17258d9ae974d28b1651c20f9.jpg,PLASTIC
train,train,plastic267_jpg.rf.50d4ac11347298aa8692e86ff9256fed.jpg,PLASTIC
train,train,plastic268_jpg.rf.16885862f77de294dd90cb3d3e344aa7.jpg,PLASTIC
train,train,plastic26_jpg.rf.f796a459279cb830b0dc3103e9cac430.jpg,PLASTIC
train,train,plastic271_jpg.rf.ea125f39026b7546d2da98ca9af3cf92.jpg,PLASTIC
train,train,plastic272_jpg.rf.f74933f2df9b1abff20e3d42903d446f.jpg,PLASTIC
train,train,plastic273_jpg.rf.8f4d604d709d6f5ab1b4dcbbe0d59e43.jpg,PLASTIC
train,train,plastic274_jpg.rf.890a8bb1bd92c4608d0760221b4f2fd7.jpg,PLASTIC
train,train,plastic275_jpg.rf.f648697667e6e869d401461759a29481.jpg,PLASTIC
train,test,plastic276_jpg.rf.beedefacc49c06b1a9f8a574f8a41aee.jpg,PLASTIC
train,train,plastic277_jpg.rf.fa56385e8c2f1ad3e98063d0cb1f103f.jpg,PLASTIC
train,train,plastic278_jpg.rf.37ccb21654d2c1299d3a25753a654f8f.jpg,PLASTIC
train,train,plastic279_jpg.rf.b9aaa22201fcab3c243b22541fb30262.jpg,PLASTIC
train,train,plastic280_jpg.rf.522b200c1b7eeeab5e9e99e3eca000e5.jpg,PLASTIC
train,test,plastic281_jpg.rf.324e1dc261fd75f16de63b6b5eeeaf47.jpg,PLASTIC
train,train,plastic282_jpg.rf.cdae0175c801e9229f18a4e117653f29.jpg,PLASTIC
train,train,plastic283_jpg.rf.b2d4a044134015923a5e2a5c81b85b7e.jpg,PLASTIC
train,train,plastic287_jpg.rf.f173025910e07814ccbc5b875c582fae.jpg,PLASTIC
train,test,plastic28_jpg.rf.f589ff53f213208261e668997fd969d6.jpg,PLASTIC
train,train,plastic290_jpg.rf.67c1505ca1208889b955600ea2ea4eab.jpg,PLASTIC
train,train,plastic291_jpg.rf.a9dbc35c735fb7b05dc447d6675ac357.jpg,PLASTIC
train,train,plastic292_jpg.rf.03bc2b883344cbd1aaa4d7ec5c800c7e.jpg,PLASTIC
train,train,plastic295_jpg.rf.f1ce15d83b753a57e9878eb18cbf6b25.jpg,PLASTIC
train,train,plastic296_jpg.rf.38c6a52530f78605fe5d21a1ac972fac.jpg,PLASTIC
train,train,plastic297_jpg.rf.a2a7aa03c22384b4374cbf4c3343f317.jpg,PLASTIC
train,test,plastic298_jpg.rf.8b67d603d377ebd14b4aaaa858e16744.jpg,PLASTIC
train,test,plastic299_jpg.rf.d65a31940af5ec9332211d1c414f8e5d.jpg,PLASTIC
train,train,plastic300_jpg.rf.595cbfc4bd8ca7e3ab60a90458c2f47a.jpg,PLASTIC
train,test,plastic301_jpg.rf.7fc463768f7357e178c1246aea842da9.jpg,PLASTIC
train,train,plastic302_jpg.rf.7619c1334f6c2c01ea27333de238fbfb.jpg,PLASTIC
train,train,plastic304_jpg.rf.505050bb0a78cc6dd08353f30ff75dd6.jpg,PLASTIC
train,train,plastic305_jpg.rf.9a9146312315697166b2548ab2a6663a.jpg,PLASTIC
train,train,plastic307_jpg.rf.d3fd115948c59a1dbd6da68c6ca9d7b9.jpg,PLASTIC
train,train,plastic308_jpg.rf.65abb5050e68fec2bc30d6b7fed04e9a.jpg,PLASTIC
train,train,plastic30_jpg.rf.aab7a3f1568c9e46c72555cf29b64032.jpg,PLASTIC
train,test,plastic310_jpg.rf.793dc6ad0bbba727137fa5f6029aff28.jpg,PLASTIC
train,test,plastic312_jpg.rf.f2368dc3e8f41dfd435fcc38546fde47.jpg,PLASTIC
train,train,plastic313_jpg.rf.340e7726828ba8935c270f23dd67d276.jpg,PLASTIC
train,train,plastic315_jpg.rf.9df4e6443784409ceda5b9b8c842e781.jpg,PLASTIC
train,train,plastic316_jpg.rf.bf85ed1224f6bf19892ac93aa04820ef.jpg,PLASTIC
train,test,plastic317_jpg.rf.ce381d4d0452b76c883e68fd949fbb34.jpg,PLASTIC
train,train,plastic318_jpg.rf.ae84ba3afbdbcc477e86024c600d39de.jpg,PLASTIC
train,train,plastic319_jpg.rf.d823d71817336f1ff4f472643b22874a.jpg,PLASTIC
train,test,plastic31_jpg.rf.8825a4c50f86b829c904e9a7b8dbe784.jpg,PLASTIC
train,train,plastic320_jpg.rf.1b4f67fb5833583b73e199422608517c.jpg,PLASTIC
train,train,plastic321_jpg.rf.5c3b351b9b3e61fa9c51eda889654606.jpg,PLASTIC
train,test,plastic326_jpg.rf.b936718c41cea979e7d7301d9c233097.jpg,PLASTIC
train,train,plastic327_jpg.rf.f4eec88692bb49df95b0eb324c96969a.jpg,PLASTIC
train,train,plastic328_jpg.rf.b271ca4ac86440423c2a15fedbc48048.jpg,PLASTIC
train,train,plastic329_jpg.rf.2d0823842b3ac6f89543f5c44d34f613.jpg,PLASTIC
train,train,plastic330_jpg.rf.546d095c187087bcdf3658418c056fe8.jpg,PLASTIC
train,train,plastic331_jpg.rf.78c3a0d3b81505a27ccb38c3675323cb.jpg,PLASTIC
train,train,plastic332_jpg.rf.fe06528b2ae085c62fe0a85a7ab22847.jpg,PLASTIC
train,test,plastic333_jpg.rf.aad9bc91911f70809ca9d63504bd2084.jpg,PLASTIC
train,test,plastic334_jpg.rf.ab309b8dd757973dcfd40ba1c9ad5a90.jpg,PLASTIC
train,train,plastic335_jpg.rf.1aa14886e98a0f01ea87c9f75b05c501.jpg,PLASTIC
train,test,plastic339_jpg.rf.725ea0eeeab4e11092b9455726f69d83.jpg,PLASTIC
train,train,plastic33_jpg.rf.0231f8b356a44f014cfd67538bb1957a.jpg,PLASTIC
train,train,plastic340_jpg.rf.0d8e0d1413ba42f3e54463da3c1bf4b8.jpg,PLASTIC
train,test,plastic343_jpg.rf.d5e325dc2b2a1b7e5ee13b05df48fa3e.jpg,PLASTIC
train,train,plastic345_jpg.rf.ee780b412820aaa45d5bebb6db355190.jpg,PLASTIC
train,train,plastic346_jpg.rf.4544b755284f6c90c6a6d5317425b948.jpg,PLASTIC
train,train,plastic347_jpg.rf.1ac14a6c68a768bd6277a62629800991.jpg,PLASTIC
train,train,plastic349_jpg.rf.939fddca2902f4dce26005816411a907.jpg,PLASTIC
train,train,plastic34_jpg.rf.400eb07b5cd8844d495a0a6a94a12618.jpg,PLASTIC
train,test,plastic350_jpg.rf.f0db59656de9977ab04c9ffe4bbc3147.jpg,PLASTIC
train,test,plastic351_jpg.rf.d4e3fc1b04bd97839e743b1e74ebdb28.jpg,PLASTIC
train,train,plastic353_jpg.rf.b6faa59f3652cc9cb0bdb4b255db69c8.jpg,PLASTIC
train,train,plastic354_jpg.rf.10f5f1c16b217ccb304c6f24ce43eae5.jpg,PLASTIC
train,test,plastic355_jpg.rf.ec6dc9f4b8904416df9c82e5646f0855.jpg,PLASTIC
train,train,plastic358_jpg.rf.fcff105d0c30ad37615561a38a4219a1.jpg,PLASTIC
train,test,plastic359_jpg.rf.0178e72c666b199e3dac66e38357f1c7.jpg,PLASTIC
train,train,plastic362_jpg.rf.cc9b1c589278e1a85430c2447c26c717.jpg,PLASTIC
train,train,plastic363_jpg.rf.4b99e4aaf2f6dbf436a8f6fb3c0719c7.jpg,PLASTIC
train,train,plastic364_jpg.rf.d0ecbeaeb159f724f5ed3099f27d61b6.jpg,PLASTIC
train,train,plastic365_jpg.rf.cdbdc686528f14bfa3dc8c94ecdda652.jpg,PLASTIC
train,train,plastic368_jpg.rf.e82260e157df4af42be2b872e56b6760.jpg,PLASTIC
train,train,plastic369_jpg.rf.9e405a30fdb444a20523c221cc797a58.jpg,PLASTIC
train,train,plastic36_jpg.rf.44bcd7c519571ede96b66502b8487c1d.jpg,PLASTIC
train,test,plastic371_jpg.rf.6876225c20f5a744c6cb6fa37811b7c1.jpg,PLASTIC
train,test,plastic372_jpg.rf.7a28433bc74522194bd45adf5769353f.jpg,PLASTIC
train,test,plastic373_jpg.rf.5b28b2b1f76d74ed5aa0d2da66ce5586.jpg,PLASTIC
train,train,plastic376_jpg.rf.24139fdf7a5742928cbe3fb806b49223.jpg,PLASTIC
train,train,plastic377_jpg.rf.04c49f22b39e99280cd6b6dc8dcc6816.jpg,PLASTIC
train,train,plastic378_jpg.rf.9875c8c4adf64be11a42dfd2bcdf9d98.jpg,PLASTIC
train,train,plastic379_jpg.rf.ae638488533fbb2b122776b55d167f08.jpg,PLASTIC
train,train,plastic37_jpg.rf.abd28dbf9d207a9473fe9bd42077c353.jpg,PLASTIC
train,train,plastic380_jpg.rf.cdf7d544014ade51df295f7db0aed5e1.jpg,PLASTIC
train,train,plastic381_jpg.rf.a852508823357709cc102c6e29dbf28c.jpg,PLASTIC
train,train,plastic382_jpg.rf.fd6d7d02f876d91537b7c3c88e879882.jpg,PLASTIC
train,test,plastic383_jpg.rf.6f3ef81465f9015a063ce67bef0893e9.jpg,PLASTIC
train,train,plastic384_jpg.rf.9a4303e7d578337808ea1829555f4a3d.jpg,PLASTIC
train,train,plastic385_jpg.rf.17c293c3d659a98db209c4e95d48e0b8.jpg,PLASTIC
train,train,plastic386_jpg.rf.6aa977400077aa36695b3fe17773f139.jpg,PLASTIC
train,train,plastic387_jpg.rf.e4184bccb44783aa97be25ed1be6e501.jpg,PLASTIC
train,train,plastic388_jpg.rf.a9039681372f9d7448b14b8a100005a3.jpg,PLASTIC
train,train,plastic392_jpg.rf.9e8cad33bc373ceb3a2ca13fd21b17ae.jpg,PLASTIC
train,train,plastic393_jpg.rf.49c3d26ff9f4d67bc15a53fe3731dda8.jpg,PLASTIC
train,train,plastic394_jpg.rf.1c2b818b6c82837239597edb65e5a560.jpg,PLASTIC
train,train,plastic395_jpg.rf.763239ba7f5c874b0127cf99d92534d6.jpg,PLASTIC
train,train,plastic396_jpg.rf.caa8522da86f4782aa958b6d2434155e.jpg,PLASTIC
train,train,plastic397_jpg.rf.1ed60c8f0ecfd17d7ae21ea4214eeee5.jpg,PLASTIC
train,train,plastic398_jpg.rf.4f33de653ad2dbb54fcce46b34e075c1.jpg,PLASTIC
train,test,plastic401_jpg.rf.d1835f2fbbd03857d4ab7c102ff3b08a.jpg,PLASTIC
train,test,plastic402_jpg.rf.fd6033a92b970d42bfc8fab15e80bebb.jpg,PLASTIC
train,train,plastic404_jpg.rf.d2b2a0ba9014193970bed9ab0bc3820b.jpg,PLASTIC
train,test,plastic405_jpg.rf.fe65ae6f02fc4250e1b3735d4a9a7b79.jpg,PLASTIC
train,test,plastic406_jpg.rf.449829c069824c620a2eaf8e65a265f8.jpg,PLASTIC
train,train,plastic408_jpg.rf.acf732ff5e561b220fc86edc2a5582f1.jpg,PLASTIC
train,test,plastic409_jpg.rf.225036fef9192c50ee5177b5ee5810db.jpg,PLASTIC
train,test,plastic40_jpg.rf.68395edd9938bfc8e500b963db1d1a1e.jpg,PLASTIC
train,train,plastic412_jpg.rf.d19d54e3586441f23e5c229b984842f5.jpg,PLASTIC
train,test,plastic413_jpg.rf.f988ab359d9a0e7e50ae27da44800950.jpg,PLASTIC
train,train,plastic414_jpg.rf.6add7197417c9f74e00ccf26274dd8da.jpg,PLASTIC
train,train,plastic415_jpg.rf.9c9b6a220f8bbf9f88940b41d6eea712.jpg,PLASTIC
train,train,plastic420_jpg.rf.476a8a0525a928479c1b4efbd4d3027e.jpg,PLASTIC
train,train,plastic421_jpg.rf.3822fbb6b6f634e0ee9a823b7f0e3dbc.jpg,PLASTIC
train,test,plastic422_jpg.rf.a5745eaff976a19ce7c3c00ce0be3cb1.jpg,PLASTIC
train,train,plastic423_jpg.rf.8911212fc0bd2b6384eae663b0df3420.jpg,PLASTIC
train,train,plastic424_jpg.rf.0e650356abcbfe6c7e3353191068dac7.jpg,PLASTIC
train,test,plastic425_jpg.rf.7eb6a23b0a77c7413a7c8600ac9a682b.jpg,PLASTIC
train,train,plastic426_jpg.rf.71b194b83148fcdc5da22ac88aa6b631.jpg,PLASTIC
train,train,plastic428_jpg.rf.173add7551afec3048e6f56f8646086b.jpg,PLASTIC
train,train,plastic429_jpg.rf.1cc1968e1198ca21d921f5b060295848.jpg,PLASTIC
train,train,plastic42_jpg.rf.8b80fb43b70aa7191155b5130cbe7171.jpg,PLASTIC
train,train,plastic435_jpg.rf.f89a62f66a03ebea176672c22bdb4c20.jpg,PLASTIC
train,train,plastic436_jpg.rf.78d41e1552c3646a4b1bc7fb8c9f29a5.jpg,PLASTIC
train,train,plastic438_jpg.rf.e016925236568c0b4b31ac4d46ad5dbd.jpg,PLASTIC
train,train,plastic441_jpg.rf.09f391976c155707be1b24e99ff0023e.jpg,PLASTIC
train,train,plastic443_jpg.rf.32178eb4f27a5d548ef6f19f6c3f0163.jpg,PLASTIC
train,train,plastic445_jpg.rf.ea8fa639d01a8e87fbc383b1bd6497f1.jpg,PLASTIC
train,train,plastic446_jpg.rf.452e00acbfd238e89b9525d2f3bf2c2c.jpg,PLASTIC
train,train,plastic447_jpg.rf.e6b4df63f9c58c9c9a3827394b83fea5.jpg,PLASTIC
train,test,plastic448_jpg.rf.a09e34495d8cceb1467c9126606d36eb.jpg,PLASTIC
train,train,plastic449_jpg.rf.88f9bb7f485087afdc3d0c17204c918a.jpg,PLASTIC
train,train,plastic450_jpg.rf.c038ca0b3f9af1937f3ca7b1deff6df0.jpg,PLASTIC
train,train,plastic452_jpg.rf.e4387a0bfde8989b4fe3985728146c75.jpg,PLASTIC
train,train,plastic453_jpg.rf.fd4ee00d83c03cbbaf07efc0c3898788.jpg,PLASTIC
train,test,plastic455_jpg.rf.814ec005fa75a1f692d2dd6188f35af9.jpg,PLASTIC
train,train,plastic456_jpg.rf.f800a10dca888562fdfbc856dfd55945.jpg,PLASTIC
train,train,plastic458_jpg.rf.e3afd7e6f6673701b2b47508a3e24935.jpg,PLASTIC
train,train,plastic459_jpg.rf.becbf7c0cc9a95ddc1d97c9096dd48c6.jpg,PLASTIC
train,train,plastic45_jpg.rf.68afc0da69071d4ce5ed5069f389094e.jpg,PLASTIC
train,train,plastic460_jpg.rf.1bcdae73a415fe072cb735cb13a0881f.jpg,PLASTIC
train,train,plastic463_jpg.rf.0e2472bacd8b36f5748ac5b497d8d238.jpg,PLASTIC
train,train,plastic464_jpg.rf.c271a5be5e6a806b328706b8336c6310.jpg,PLASTIC
train,train,plastic465_jpg.rf.4f55081f79be711df18bde4f451f62e1.jpg,PLASTIC
train,train,plastic466_jpg.rf.b18e40c14bf8356103b6b970a150bd14.jpg,PLASTIC
train,train,plastic467_jpg.rf.f2a98cd7284f1b98020eba061506d720.jpg,PLASTIC
train,train,plastic468_jpg.rf.d58781521e97dcc1e347b7af69c3fb43.jpg,PLASTIC
train,train,plastic469_jpg.rf.9dbc08f1bb7dd82ff7efa4e3f583c2d7.jpg,PLASTIC
train,train,plastic46_jpg.rf.c57b3fb1754f3b8594b68c6e06ff203e.jpg,PLASTIC
train,train,plastic471_jpg.rf.5ff001d3e3e7363125701058bc0b47cf.jpg,PLASTIC
train,train,plastic472_jpg.rf.2116b643a23719bebf96693fbd9dd099.jpg,PLASTIC
train,train,plastic473_jpg.rf.3417f7be095c26c65cae87a559892b81.jpg,PLASTIC
train,test,plastic475_jpg.rf.4747c34a0d9c2a9ee0465805ae8d2e7d.jpg,PLASTIC
train,train,plastic476_jpg.rf.20edec6b4d25967378d933ba4b52157f.jpg,PLASTIC
train,test,plastic477_jpg.rf.0e5cf5f0aa12b659ceb0d9dff33edc8a.jpg,PLASTIC
train,test,plastic478_jpg.rf.7b160c151dec8d693cb3507f16bd7fb5.jpg,PLASTIC
train,test,plastic479_jpg.rf.6b9662b2cf71e58a9d2e1cc90f3b91df.jpg,PLASTIC
train,train,plastic47_jpg.rf.61c429f31ccbffbef023005297529844.jpg,PLASTIC
train,train,plastic481_jpg.rf.50dedf2ce810148a14ca3988a30d24cc.jpg,PLASTIC
train,test,plastic484_jpg.rf.24fd3ef38d9ef71e7946b93b4112291f.jpg,PLASTIC
train,train,plastic485_jpg.rf.04d40872281e2ed17ec113e2a6622d37.jpg,PLASTIC
train,train,plastic486_jpg.rf.78f6a4d12d0d5d7ed14b89e95f82e990.jpg,PLASTIC
train,train,plastic487_jpg.rf.7554a33a7cd5128d3645beb38e4bcaab.jpg,PLASTIC
train,test,plastic488_jpg.rf.74ca86a0e28c133545ac677c05435110.jpg,PLASTIC
train,train,plastic489_jpg.rf.e0d27722052f2a31a4eb7139b6d4a8f3.jpg,PLASTIC
train,train,plastic490_jpg.rf.01635bb8e6e30cb3ca0aa246ad183d3f.jpg,PLASTIC
train,train,plastic491_jpg.rf.caac12a2e329b41a3f457cb17176d26c.jpg,PLASTIC
train,train,plastic492_jpg.rf.e4560fdac10a21558ab90a111d9b4e94.jpg,PLASTIC
train,test,plastic494_jpg.rf.2c76bf2840e73e06ab5ecc88306e104f.jpg,PLASTIC
train,train,plastic496_jpg.rf.7bf3c62c3fa86d7e32065edb7ff7e2ea.jpg,PLASTIC
train,test,plastic497_jpg.rf.e2b1b09d695ef3ca8b35f498c3b5c4dc.jpg,PLASTIC
train,train,plastic499_jpg.rf.b8ffe5b5041ab2371b2f5af8a3e65907.jpg,PLASTIC
train,train,plastic49_jpg.rf.550c21c8fe5ec79a7e637860c25b22bb.jpg,PLASTIC
train,train,plastic4_jpg.rf.b95a6c7a4b88ed31b318ef6446912ea0.jpg,PLASTIC
train,test,plastic500_jpg.rf.1418aca53e6d65c360dad26c97ddb7d4.jpg,PLASTIC
train,train,plastic501_jpg.rf.7c92b05f3e7e8e7fac235323b2d052e6.jpg,PLASTIC
train,train,plastic502_jpg.rf.0df576e72795abc04282628aee947e05.jpg,PLASTIC
train,test,plastic503_jpg.rf.f533e95f435c8c0a005e9066c9dab08c.jpg,PLASTIC
train,train,plastic504_jpg.rf.a1850ca89c00650c28bb4a254334383f.jpg,PLASTIC
train,test,plastic505_jpg.rf.6c07ec0a3ca992e7184333532fe9bbd3.jpg,PLASTIC
train,test,plastic506_jpg.rf.1dfe68ebedfd82534d5907334367d16c.jpg,PLASTIC
train,train,plastic508_jpg.rf.93670b88d190bec93a47359154e0d50a.jpg,PLASTIC
train,test,plastic509_jpg.rf.06bdacbd0f22900e5b90b6f3523b474a.jpg,PLASTIC
train,train,plastic50_jpg.rf.56b2b95bf7596dce7c9376e6a33e8fcb.jpg,PLASTIC
train,train,plastic510_jpg.rf.f45cf2c491141e41ec6963057b294535.jpg,PLASTIC
train,test,plastic511_jpg.rf.2e344fd7c7f61077ae82f53adf53b38a.jpg,PLASTIC
train,train,plastic512_jpg.rf.6b8941ef210699a14eb081ab9cbe39cf.jpg,PLASTIC
train,test,plastic513_jpg.rf.68da1f0ff965040bb88d56fcce8fb829.jpg,PLASTIC
train,train,plastic514_jpg.rf.192adedb706887b631fd85954b671f8a.jpg,PLASTIC
train,train,plastic516_jpg.rf.1add22618213a576b6d1bf661d9de3cd.jpg,PLASTIC
train,train,plastic517_jpg.rf.d624bb1db473bd782dd046d464c26aae.jpg,PLASTIC
train,train,plastic518_jpg.rf.927ee41489b550cd1c258a2514872516.jpg,PLASTIC
train,train,plastic519_jpg.rf.6dc50ca6108a9d9f6ab84aa836d9a80e.jpg,PLASTIC
train,train,plastic51_jpg.rf.7b95471a53b588f20a66aaccba669105.jpg,PLASTIC
train,train,plastic520_jpg.rf.c4b9957ed46d6ea2c79a1d76aed73d2d.jpg,PLASTIC
train,train,plastic523_jpg.rf.1e5e81db84401f428dff397b7b6ca2c8.jpg,PLASTIC
train,train,plastic524_jpg.rf.d682ad98ac52a1cfcf251327d7c13715.jpg,PLASTIC
train,train,plastic526_jpg.rf.35be6f8ef58d0140bdc0a3f6e9d9662b.jpg,PLASTIC
train,train,plastic527_jpg.rf.04aa0ab39cc4e2bcdc04c0a296af8773.jpg,PLASTIC
train,test,plastic528_jpg.rf.7db009e828a81925b777191bf623b48f.jpg,PLASTIC
train,test,plastic529_jpg.rf.eb2f4e030207b381f9383197b95bc4e5.jpg,PLASTIC
train,train,plastic52_jpg.rf.a38f445d4e0060337b27aaf163372dbd.jpg,PLASTIC
train,train,plastic530_jpg.rf.4d488acef7715069c31f5d68ec88c2a2.jpg,PLASTIC
train,train,plastic532_jpg.rf.9f415c6f3d6a70667d2e5b2cc3d2de44.jpg,PLASTIC
train,train,plastic536_jpg.rf.3ad11a614441cda1f69fefb44e1eab95.jpg,PLASTIC
train,train,plastic537_jpg.rf.d66a78c2baab0363458cfed89b742715.jpg,PLASTIC
train,train,plastic538_jpg.rf.8cfcaf81f00a3812de7daf3b9446bc72.jpg,PLASTIC
train,train,plastic53_jpg.rf.0126abd95fe264bb94bf2b82405c5de0.jpg,PLASTIC
train,train,plastic540_jpg.rf.ed9604aad9645b9b9b81e6b418be998f.jpg,PLASTIC
train,test,plastic541_jpg.rf.fe4833fc1555f2c3abb02407687ca2ea.jpg,PLASTIC
train,train,plastic542_jpg.rf.3ec48aa7c974a86d8d77ef145acc7f4f.jpg,PLASTIC
train,train,plastic543_jpg.rf.a525a4b0a772bc2ed2969ddac0166f18.jpg,PLASTIC
train,test,plastic545_jpg.rf.5acc39cd42225a107bc29dd8b4e30052.jpg,PLASTIC
train,train,plastic546_jpg.rf.2db06db4b85fb795408ccdf0baa3ddb3.jpg,PLASTIC
train,test,plastic548_jpg.rf.463109a83041ca3c5470b188bdf07b45.jpg,PLASTIC
train,train,plastic549_jpg.rf.435688f3a7648ea92faf551939dbf381.jpg,PLASTIC
train,train,plastic54_jpg.rf.2f432248a8353765ee8e519b4194564e.jpg,PLASTIC
train,train,plastic550_jpg.rf.1829f90eca170aab478973acf732588a.jpg,PLASTIC
train,test,plastic551_jpg.rf.3b298b2a7eb9fa2aefe12f3d7ab570d2.jpg,PLASTIC
train,train,plastic552_jpg.rf.6b5435b7a085bc0e0a0b772e0bf926ae.jpg,PLASTIC
train,train,plastic554_jpg.rf.2948b4a1409380f729c256b8c4a317ef.jpg,PLASTIC
train,test,plastic556_jpg.rf.5a51d3675b4686d23872985494b4be0a.jpg,PLASTIC
train,test,plastic558_jpg.rf.9e5e8bddcd2382037ac1e7d685f03c52.jpg,PLASTIC
train,train,plastic559_jpg.rf.bd98dba5a466f4effa8f391f7bb466b4.jpg,PLASTIC
train,test,plastic55_jpg.rf.1c8e1c2bf6e588a6b409472558ffa5c9.jpg,PLASTIC
train,train,plastic560_jpg.rf.a835f68a36219783aa173462acc4d2c7.jpg,PLASTIC
train,train,plastic561_jpg.rf.b9c87bd0e467d03bf36b99bb008e1004.jpg,PLASTIC
train,train,plastic563_jpg.rf.28936a7e7bd64e9f4db87cffd55468a4.jpg,PLASTIC
train,train,plastic565_jpg.rf.acb682245d57d6024bac6d3b89e8c6ad.jpg,PLASTIC
train,test,plastic566_jpg.rf.b06369920226a4fc318b6d28aef4d5f8.jpg,PLASTIC
train,train,plastic567_jpg.rf.517b0c2ef17be29cebcfd6c81f763021.jpg,PLASTIC
train,test,plastic568_jpg.rf.82bad9dff102b19d98be86ea2d087376.jpg,PLASTIC
train,test,plastic570_jpg.rf.897204bbd1b8dc2e8346027f36199445.jpg,PLASTIC
train,train,plastic571_jpg.rf.8d3e0a8cfa8cb972e42bcda100a9f2bd.jpg,PLASTIC
train,train,plastic573_jpg.rf.bb4fe8f568f9c25ea14f8db9e9b3a89f.jpg,PLASTIC
train,train,plastic575_jpg.rf.16b1d89fefed934659815398f1683f0e.jpg,PLASTIC
train,train,plastic578_jpg.rf.3b639274b484be1c4467f85c914117fc.jpg,PLASTIC
train,train,plastic579_jpg.rf.f649c9cb176acc41e2de986c1a0b0249.jpg,PLASTIC
train,train,plastic57_jpg.rf.bfc96c8c7806f4ca4e56e963691aafdc.jpg,PLASTIC
train,train,plastic583_jpg.rf.a99eea854014dcfc1bc6c6759475c047.jpg,PLASTIC
train,train,plastic587_jpg.rf.516889ed43fcef9d56b49b17f535b298.jpg,PLASTIC
train,train,plastic588_jpg.rf.aa5299be0c636e3ca941189964bd4e35.jpg,PLASTIC
train,train,plastic58_jpg.rf.0a5023ad651a1621718d85f1283a64e9.jpg,PLASTIC
train,train,plastic591_jpg.rf.caab63a9fbe4b187b87fb3d7f5a0b4d0.jpg,PLASTIC
train,test,plastic592_jpg.rf.35ba511f2ef2bccd800c4eae488c5524.jpg,PLASTIC
train,test,plastic594_jpg.rf.35fa59b8c2da5fc893222e7c53b159bc.jpg,PLASTIC
train,train,plastic595_jpg.rf.f724c59f97e4a5a527c356f851ef2550.jpg,PLASTIC
train,train,plastic597_jpg.rf.5b59939afd447383345925defeee808f.jpg,PLASTIC
train,train,plastic598_jpg.rf.42108df48c7f7dae768364de56e000a7.jpg,PLASTIC
train,train,plastic59_jpg.rf.4463256b6445013e541a0064a757689b.jpg,PLASTIC
train,train,plastic5_jpg.rf.e01baa53f3e0a1d7d4d22eff76827bcc.jpg,PLASTIC
train,train,plastic600_jpg.rf.df8eb29327090b62b8147ebca2078538.jpg,PLASTIC
train,train,plastic601_jpg.rf.8a4a0f05580fd74cc4ce4551083192b0.jpg,PLASTIC
train,test,plastic602_jpg.rf.d419e53641985bfab6ea091d420d3a23.jpg,PLASTIC
train,train,plastic603_jpg.rf.a723974ac32453b886c8d69e8762922a.jpg,PLASTIC
train,test,plastic604_jpg.rf.f7051df18b42e13a47c8aa689f30e427.jpg,PLASTIC
train,train,plastic605_jpg.rf.c907b0466720646d2a8399410dd0f051.jpg,PLASTIC
train,train,plastic606_jpg.rf.98ee3198a142126f76fa019a5d7a042b.jpg,PLASTIC
train,test,plastic607_jpg.rf.47b5dbba2fe32e8701d1fec241667705.jpg,PLASTIC
train,train,plastic608_jpg.rf.f60b545196a4f271dded6f793073bc37.jpg,PLASTIC
train,test,plastic609_jpg.rf.45d9365f306994734079098aad4c1a83.jpg,PLASTIC
train,test,plastic60_jpg.rf.c51805ba2562cba1906940255bea8342.jpg,PLASTIC
train,train,plastic612_jpg.rf.c12447f8a5abcddbf8a01c70767f1a62.jpg,PLASTIC
train,train,plastic614_jpg.rf.1c28ebe640f073884b8bb414d3d9e53f.jpg,PLASTIC
train,train,plastic616_jpg.rf.0ba318d5f189d66ffa18fcfd12c09267.jpg,PLASTIC
train,test,plastic617_jpg.rf.60ab6209a57bf60156baf8278bd553f2.jpg,PLASTIC
train,test,plastic618_jpg.rf.195d5c2d30475521526a8dac2be8785a.jpg,PLASTIC
train,train,plastic619_jpg.rf.7f76eb15389785b8c740d554d7c72100.jpg,PLASTIC
train,test,plastic61_jpg.rf.b4446e5fea3dd15602887c101cc09af3.jpg,PLASTIC
train,test,plastic622_jpg.rf.cfbe8e8bebdbb0ae5f85d87481f3139b.jpg,PLASTIC
train,train,plastic623_jpg.rf.4a11123780f0d1a5bbf88fedbc624b6c.jpg,PLASTIC
train,test,plastic625_jpg.rf.be7128a3f30fe7a9560cdceade9d0e2a.jpg,PLASTIC
train,train,plastic626_jpg.rf.ca276e340bc01d7530fc8ddb8b1c86fa.jpg,PLASTIC
train,train,plastic628_jpg.rf.adfe585174ba9c671264c5630dd65569.jpg,PLASTIC
train,train,plastic629_jpg.rf.9e7f3e0b7b8a19a5c299de422adb68c1.jpg,PLASTIC
train,train,plastic62_jpg.rf.72b1bdc2dedcae120c80355f91bf8347.jpg,PLASTIC
train,train,plastic630_jpg.rf.e6ffd474f5a9bfcaf1f24705f3c0a933.jpg,PLASTIC
train,train,plastic633_jpg.rf.edaa6bde5ff02e3c4b7a6de91ec3f6bb.jpg,PLASTIC
train,test,plastic634_jpg.rf.b6c1e18071ce2a66c6fdb49303cec39e.jpg,PLASTIC
train,train,plastic636_jpg.rf.46f3257fe9d52b671020d38ccf8693ed.jpg,PLASTIC
train,train,plastic637_jpg.rf.6036fe7b71a3a91b5c1a0903af1468c9.jpg,PLASTIC
train,test,plastic639_jpg.rf.42727877071794a48905404cceeaa6da.jpg,PLASTIC
train,test,plastic63_jpg.rf.f86f259c721ee77392389ac25c9cb4b1.jpg,PLASTIC
train,train,plastic641_jpg.rf.52cadbfce9cb63450a6df5c95765f441.jpg,PLASTIC
train,test,plastic642_jpg.rf.616ea70d413996a8a566252b0d7e68df.jpg,PLASTIC
train,train,plastic643_jpg.rf.f798721eb51c39dab7f018a2fd3ce240.jpg,PLASTIC
train,test,plastic644_jpg.rf.eb1aea2a7e6b056dbafb742284fde863.jpg,PLASTIC
train,test,plastic645_jpg.rf.8fdfe76bd96a94ff62d828b16473a9a4.jpg,PLASTIC
train,train,plastic646_jpg.rf.4d04b530aae3b3fb6ef2af9ccce51767.jpg,PLASTIC
train,train,plastic647_jpg.rf.94221ee334523344a4f8b0d85943bb8b.jpg,PLASTIC
train,train,plastic648_jpg.rf.e921d493e4a5048a58a557fde390c379.jpg,PLASTIC
train,train,plastic649_jpg.rf.e9d254beca51e37a50a765ef00b35a68.jpg,PLASTIC
train,train,plastic64_jpg.rf.7639e012320b9ec323881c55527cd34d.jpg,PLASTIC
train,train,plastic650_jpg.rf.02605825bb21e2ffabcdca6ee3a1c3c4.jpg,PLASTIC
train,test,plastic652_jpg.rf.b591c8394fbff3aeaa6c82800b36a54a.jpg,PLASTIC
train,train,plastic653_jpg.rf.5e87f8d541fce9d9ea7d241444dbeed5.jpg,PLASTIC
train,test,plastic654_jpg.rf.213266c638bedf698ff4132e393e3136.jpg,PLASTIC
train,test,plastic655_jpg.rf.2a04ba88a1aceed34553f7ca61d8d123.jpg,PLASTIC
train,train,plastic657_jpg.rf.00e46f1a61c1afceca04489fcdf8acb7.jpg,PLASTIC
train,train,plastic65_jpg.rf.f293243e35ae5451efc51f954b07f757.jpg,PLASTIC
train,test,plastic660_jpg.rf.6449fccea23c82482f9acd1044c5ca7d.jpg,PLASTIC
train,test,plastic661_jpg.rf.2caad6b48cd6bf8cd9e945b4745ab37f.jpg,PLASTIC
train,test,plastic662_jpg.rf.124345c469bc264e714c7d9fbb522774.jpg,PLASTIC
train,train,plastic663_jpg.rf.a951629e9f0ee4bf57f039a20591cef1.jpg,PLASTIC
train,train,plastic664_jpg.rf.35b16209b8a2cee7c769342817ed94df.jpg,PLASTIC
train,train,plastic665_jpg.rf.97d2b71a586d43218a1281ccdddc41fe.jpg,PLASTIC
train,train,plastic667_jpg.rf.96b91aafb36b279d111bd8aef0011a0b.jpg,PLASTIC
train,test,plastic668_jpg.rf.497bd36fa37da099e4fa5a5bdd00aa66.jpg,PLASTIC
train,train,plastic669_jpg.rf.d0fdfe4c55e47fb7640fdf86d71635a6.jpg,PLASTIC
train,train,plastic66_jpg.rf.4e894eb545126eddf9a5369bdbdddee0.jpg,PLASTIC
train,train,plastic670_jpg.rf.cef4719c89ade055ecec93bdcecef91d.jpg,PLASTIC
train,train,plastic671_jpg.rf.0b280197c1ad442fd729e76e3f11bb0c.jpg,PLASTIC
train,test,plastic672_jpg.rf.a715b2a7dfb01c0646cca0e29abb40a3.jpg,PLASTIC
train,test,plastic673_jpg.rf.94b2aafe8e9c947b060d27e2af5cd7b1.jpg,PLASTIC
train,test,plastic674_jpg.rf.67ff74547c52a395cf7d75ab05d50051.jpg,PLASTIC
train,train,plastic675_jpg.rf.264a340c08aaf46f94155802b9c6e788.jpg,PLASTIC
train,train,plastic676_jpg.rf.5f5dc97e032e9563f19d9e4ba770b36b.jpg,PLASTIC
train,train,plastic678_jpg.rf.e8985ddbe43f4a19428266606623d94a.jpg,PLASTIC
train,test,plastic681_jpg.rf.437e9f8283a9ea46b3b4aa59cc331d5f.jpg,PLASTIC
train,train,plastic683_jpg.rf.afbe12e32222562850aa934cb681a993.jpg,PLASTIC
train,train,plastic685_jpg.rf.501d7fcc0e1c6a9714976a5e633eb6e7.jpg,PLASTIC
train,train,plastic686_jpg.rf.f26dea902144078307022bfaf04171a5.jpg,PLASTIC
train,train,plastic687_jpg.rf.8b3dfa1b3c93a047e8d2c64359dc2111.jpg,PLASTIC
train,train,plastic692_jpg.rf.37e370984d868198ff6ad75be02b6ff9.jpg,PLASTIC
train,train,plastic693_jpg.rf.b0538d166ee647e9ed0c4fc57f39a755.jpg,PLASTIC
train,train,plastic694_jpg.rf.86205652677851c5df52a9c7722e0008.jpg,PLASTIC
train,test,plastic695_jpg.rf.ff5ca874263cdce5e3f5d9334efc908c.jpg,PLASTIC
train,test,plastic697_jpg.rf.5ec6fc9d4f8242645c53d0a5be4e6a4f.jpg,PLASTIC
train,train,plastic699_jpg.rf.ede4c2cddd5af3d798e6b83c759cd89e.jpg,PLASTIC
train,train,plastic6_jpg.rf.02dd09f94fec083ab37aba6c5879c4da.jpg,PLASTIC
train,test,plastic700_jpg.rf.d398eefe30d10a17e1d40b087092c28c.jpg,PLASTIC
train,train,plastic703_jpg.rf.f732ac9e3835ba486addbb08a2ee51cb.jpg,PLASTIC
train,train,plastic704_jpg.rf.ee1588f4a491984d3811cafb904d1b71.jpg,PLASTIC
train,train,plastic705_jpg.rf.f07c082197706ea38c735853e7774bee.jpg,PLASTIC
train,test,plastic707_jpg.rf.d6685ce737a254a3ea8c77c80d543001.jpg,PLASTIC
train,train,plastic708_jpg.rf.a2993b4020bd22e5afea58c5eedb4d6f.jpg,PLASTIC
train,test,plastic709_jpg.rf.38eacd3744c1d28dd4cdf79fecceb5a0.jpg,PLASTIC
train,test,plastic70_jpg.rf.09b7c0623eaab0bdbd8ce2dc7191919f.jpg,PLASTIC
train,train,plastic710_jpg.rf.1853c37c3fddd27230a3e9f15b12e0d4.jpg,PLASTIC
train,train,plastic711_jpg.rf.b59e0c2c7414d8c68c6a00176d168906.jpg,PLASTIC
train,test,plastic713_jpg.rf.688ba3b5e5999fca7af2d1a0d0da631b.jpg,PLASTIC
train,train,plastic714_jpg.rf.9ca0dc0e01d12459c7c767b10bd1bfa9.jpg,PLASTIC
train,train,plastic716_jpg.rf.c0eaaca83d92cea6a25a4a098842375c.jpg,PLASTIC
train,train,plastic718_jpg.rf.30e4c5784eaa3bb6ec7d21512a1ea2be.jpg,PLASTIC
train,test,plastic71_jpg.rf.984ded2af3b84dd6c90896c5365f3c4e.jpg,PLASTIC
train,train,plastic720_jpg.rf.c7b89f57df46c9980ebfdcdfdc18a630.jpg,PLASTIC
train,test,plastic721_jpg.rf.53ea2029229e18dd1a28b3c2df980b5c.jpg,PLASTIC
train,train,plastic726_jpg.rf.fb03fdc87f398411847c8f7fe79c4496.jpg,PLASTIC
train,test,plastic727_jpg.rf.1ef02410f9ccd573ec566107169bf85f.jpg,PLASTIC
train,test,plastic728_jpg.rf.e4dc2f010c36363cb9bd26eb59d7f22b.jpg,PLASTIC
train,train,plastic729_jpg.rf.4966f988a99f60c2c6da484568cb4a9f.jpg,PLASTIC
train,train,plastic72_jpg.rf.602cdfe171eaca76a35822e66fb54e88.jpg,PLASTIC
train,train,plastic730_jpg.rf.2fac9f5b84871f40797778442f0a685f.jpg,PLASTIC
train,test,plastic732_jpg.rf.76d0cb2a7d236b4a28b8f18354356ff0.jpg,PLASTIC
train,train,plastic733_jpg.rf.529170f41933584c025c185c0c969632.jpg,PLASTIC
train,train,plastic734_jpg.rf.e313d6142491b288022327fe13ea3ba4.jpg,PLASTIC
train,train,plastic735_jpg.rf.0377e231c05f683361d6f14082297f55.jpg,PLASTIC
train,train,plastic736_jpg.rf.f1e4e608476bcb405674b3f29a283d1b.jpg,PLASTIC
train,train,plastic738_jpg.rf.c7d113b74e5efc3c856e99f583e6f324.jpg,PLASTIC
train,train,plastic739_jpg.rf.6baee1211ecdaf3e43d61fa4cefb16ab.jpg,PLASTIC
train,train,plastic73_jpg.rf.e716cf8321328e537eaf80597234e251.jpg,PLASTIC
train,train,plastic740_jpg.rf.6a64fe063b41442f7618eb775fb68e36.jpg,PLASTIC
train,train,plastic741_jpg.rf.1e5a604253b1dde7938abd580fde3b68.jpg,PLASTIC
train,train,plastic742_jpg.rf.b32346af9cd4d6f825fe9fa40db17270.jpg,PLASTIC
train,train,plastic744_jpg.rf.1ba1b8d575b3c68f6c74369eed14ed3c.jpg,PLASTIC
train,train,plastic745_jpg.rf.6f00751fcbf92de5eef49bf32c203d29.jpg,PLASTIC
train,train,plastic746_jpg.rf.c3d23d18ba046e1cf19e9247f7d70fc9.jpg,PLASTIC
train,train,plastic747_jpg.rf.94f9d4a435fc1159e97c66d83171c488.jpg,PLASTIC
train,train,plastic750_jpg.rf.3265aa4e7721cea98bc2dadcc56e72cf.jpg,PLASTIC
train,train,plastic751_jpg.rf.1d734b63cb62ec1162b35f7d71ca2e49.jpg,PLASTIC
train,train,plastic752_jpg.rf.02bf9c14d8ba454639c38e2156e01d1d.jpg,PLASTIC
train,test,plastic753_jpg.rf.834462be3e4b47f94a722a93ad4c1bd6.jpg,PLASTIC
train,train,plastic754_jpg.rf.2e65927bbf833b1011f7450561f789df.jpg,PLASTIC
train,train,plastic755_jpg.rf.d4f5e5ff0b61c54a23265a5189638747.jpg,PLASTIC
train,test,plastic757_jpg.rf.4cf64781fc95557a50d8055a45274e8e.jpg,PLASTIC
train,test,plastic758_jpg.rf.63e189056beaff6f976dc5b13aba01cf.jpg,PLASTIC
train,test,plastic759_jpg.rf.8f1e5c2808c9763c1a68cb16495d570e.jpg,PLASTIC
train,test,plastic75_jpg.rf.39da851896cbf5682a1c782d0c07c578.jpg,PLASTIC
train,train,plastic763_jpg.rf.0be8f17f10b07c50e672bf81760aeec2.jpg,PLASTIC
train,train,plastic764_jpg.rf.f9c965ffe288c4bca2c0fadcca68cded.jpg,PLASTIC
train,train,plastic766_jpg.rf.9787fb0ebe011d35b2eb670b42b10be0.jpg,PLASTIC
train,train,plastic767_jpg.rf.1abfd4215cbb69235d5857cfb800e421.jpg,PLASTIC
train,train,plastic768_jpg.rf.d751af93c729f567fb247c31441ce686.jpg,PLASTIC
train,train,plastic769_jpg.rf.bb02751e03f484a6e187de9ad6e84e1e.jpg,PLASTIC
train,test,plastic770_jpg.rf.3577d686d55b0efd99bd77ee519f210e.jpg,PLASTIC
train,test,plastic771_jpg.rf.8b424277d7b7e0715a5713ae14c89613.jpg,PLASTIC
train,train,plastic773_jpg.rf.3fcf466aa9f322c07ab74cc8cd128bd8.jpg,PLASTIC
train,train,plastic776_jpg.rf.d56b6cb9096851bf1ea472e635f9e92c.jpg,PLASTIC
train,test,plastic777_jpg.rf.256c29710fba1dc08be67295b5fc2e5d.jpg,PLASTIC
train,test,plastic77_jpg.rf.ce0491e31a40cde6651d45ac62d0efec.jpg,PLASTIC
train,train,plastic780_jpg.rf.f377117b292b0cc54472de7ba8271a74.jpg,PLASTIC
train,train,plastic781_jpg.rf.b84f5c1af99d8859a81a4c9067e01fd3.jpg,PLASTIC
train,train,plastic782_jpg.rf.4afbd0f2c52ec6ce094766637a001530.jpg,PLASTIC
train,train,plastic783_jpg.rf.63ea20ea6c5caf593d3f55e2f2bbb2e7.jpg,PLASTIC
train,train,plastic784_jpg.rf.c5bf2cef0ea790aebb60992dd84871d0.jpg,PLASTIC
train,train,plastic785_jpg.rf.fdd30541521659db0613c5f6d4cf0b3e.jpg,PLASTIC
train,train,plastic786_jpg.rf.efeb682c1f0bd3015f4080be5089a4ce.jpg,PLASTIC
train,train,plastic787_jpg.rf.5899cf4f2fe108d743aea1ca4e4494e9.jpg,PLASTIC
train,train,plastic788_jpg.rf.436dac32ba5850046ff5e605f863e5f2.jpg,PLASTIC
train,test,plastic789_jpg.rf.b2ed5e670b4dba754f970402a9e07b5d.jpg,PLASTIC
train,train,plastic78_jpg.rf.caf2834304d6f8e28d60af45f43a621e.jpg,PLASTIC
train,train,plastic790_jpg.rf.4fa2e82f856091d70fd5cbadebfe874b.jpg,PLASTIC
train,train,plastic791_jpg.rf.cd224cd715f4d093a98fff7f87f09177.jpg,PLASTIC
train,test,plastic792_jpg.rf.720e6ac1c46800ef43341b4b98ddae35.jpg,PLASTIC
train,train,plastic793_jpg.rf.15d1923266159078d81c691d386929a0.jpg,PLASTIC
train,train,plastic795_jpg.rf.d4c260ce6121b2e730b3cc0994dd122a.jpg,PLASTIC
train,test,plastic797_jpg.rf.c5db880401bc9d3a83a9d6ccd587119e.jpg,PLASTIC
train,train,plastic798_jpg.rf.36f78e21672a8aea1dcb3074d8f82bd3.jpg,PLASTIC
train,train,plastic799_jpg.rf.5243b8f7943a0eb4433607535f0bc900.jpg,PLASTIC
train,train,plastic7_jpg.rf.03895781b07509c6167232146b751573.jpg,PLASTIC
train,train,plastic800_jpg.rf.09e4e8c1ccb25dc9ae60d38f212f1567.jpg,PLASTIC
train,train,plastic801_jpg.rf.16edb22279e93e35bd8fd6f5b2e10418.jpg,PLASTIC
train,train,plastic802_jpg.rf.a9275080c3ea296d564e2c60075b8c12.jpg,PLASTIC
train,test,plastic803_jpg.rf.8075fa6032ca06c55db6d259a390ce32.jpg,PLASTIC
train,train,plastic804_jpg.rf.85857eace6720b1fca7277fa6273f30f.jpg,PLASTIC
train,train,plastic805_jpg.rf.260ac338f15c2ea3c1da66d60c7371e6.jpg,PLASTIC
train,test,plastic809_jpg.rf.42324f740056805b727acd393e1d04f9.jpg,PLASTIC
train,train,plastic810_jpg.rf.e5228fb1985daa2fd1a90569791263f9.jpg,PLASTIC
train,train,plastic811_jpg.rf.4effc99b4c49e1a850e3f34a1d53d63c.jpg,PLASTIC
train,train,plastic813_jpg.rf.8275f0ac994857449d33826a8c7f06ba.jpg,PLASTIC
train,train,plastic814_jpg.rf.93724cb1dee29f7ba44da6a56370ed3e.jpg,PLASTIC
train,test,plastic816_jpg.rf.18675916dff6a8c7627575b301353db6.jpg,PLASTIC
train,train,plastic817_jpg.rf.8f1fdf86d87b591a192debc248ed6968.jpg,PLASTIC
train,train,plastic818_jpg.rf.c2cf98024f536025c1077b2b4f4334e2.jpg,PLASTIC
train,train,plastic81_jpg.rf.98cd102323d766bd8fb1cd9975fd3cb0.jpg,PLASTIC
train,test,plastic820_jpg.rf.ef96800b65924606632ca1458ab577e2.jpg,PLASTIC
train,train,plastic822_jpg.rf.c670262aaee7025e3abb3bebd0a3c84a.jpg,PLASTIC
train,train,plastic823_jpg.rf.6956a1b3b790a58668edc24e981014e2.jpg,PLASTIC
train,test,plastic824_jpg.rf.b6ad28d91e513ba4cba4d639762dc936.jpg,PLASTIC
train,train,plastic825_jpg.rf.fea859f5efa937b8393e315cb5193cb1.jpg,PLASTIC
train,train,plastic828_jpg.rf.196bb2179e216dca02015a9d2190419b.jpg,PLASTIC
train,train,plastic829_jpg.rf.29c3f28489b6774e99a351840fda5a0a.jpg,PLASTIC
train,train,plastic831_jpg.rf.6c341d73f84131ba58d70df5dd6d6e82.jpg,PLASTIC
train,train,plastic832_jpg.rf.66afcac54bdded6e6178cdf24e8e455f.jpg,PLASTIC
train,train,plastic833_jpg.rf.a1a41d06214ae69bdc0ec63e1e2eaad5.jpg,PLASTIC
train,train,plastic834_jpg.rf.c20872b26b59b1588af1c28253baf1b3.jpg,PLASTIC
train,train,plastic835_jpg.rf.56a305bf6214f5c3b6dd5dcdb2feda21.jpg,PLASTIC
train,train,plastic836_jpg.rf.6159268cac38b25b8968da9d791681f5.jpg,PLASTIC
train,train,plastic838_jpg.rf.e9d0b010ad5325d63b8e4428eb87bc4e.jpg,PLASTIC
train,train,plastic839_jpg.rf.ff3650330e14c2809d935f35d8055d98.jpg,PLASTIC
train,test,plastic83_jpg.rf.dba50c536fb325eb4c3ec6a5c604f8f3.jpg,PLASTIC
train,train,plastic840_jpg.rf.649fdc8101ebdaf0f5d1104ba649ff3d.jpg,PLASTIC
train,train,plastic841_jpg.rf.8ae41dedd37e7b7b69118ef769c34f19.jpg,PLASTIC
train,train,plastic843_jpg.rf.861463d23594766247764ab8f96982fc.jpg,PLASTIC
train,train,plastic846_jpg.rf.cb117802a069853262a6186106e91545.jpg,PLASTIC
train,train,plastic847_jpg.rf.a7f4503f9907c03eca105105a0f700cc.jpg,PLASTIC
train,train,plastic848_jpg.rf.cebcb02ebbf7d0d7ee757428b9ece305.jpg,PLASTIC
train,train,plastic849_jpg.rf.29eda7cadb295289e05d6a134e01c80c.jpg,PLASTIC
train,train,plastic84_jpg.rf.bda0e0f69ee89aef590291aa2dd896e8.jpg,PLASTIC
train,train,plastic850_jpg.rf.7d51f2f5d93b7e713a9af9ef7e049d66.jpg,PLASTIC
train,train,plastic851_jpg.rf.d0b2291375797932100506b211d20611.jpg,PLASTIC
train,train,plastic858_jpg.rf.81940797787424791bdff7a4177e5df2.jpg,PLASTIC
train,test,plastic859_jpg.rf.89d24d95f627aeb8575aa3ce75575923.jpg,PLASTIC
train,test,plastic85_jpg.rf.fb436f8a8436987bb3b949fdd486458e.jpg,PLASTIC
train,test,plastic860_jpg.rf.ea3fc51af23c99b318d1d09a4253758c.jpg,PLASTIC
train,test,plastic861_jpg.rf.097004241d6759210f1705cc8276b6e5.jpg,PLASTIC
train,train,plastic862_jpg.rf.c8d4422d06d22594f56d48faf59c6247.jpg,PLASTIC
train,train,plastic863_jpg.rf.dec03b6c602d5da66f8ae220f08ce5d9.jpg,PLASTIC
train,train,plastic864_jpg.rf.8e4a3cf068f0b0c7dcd3b35e6e8603a1.jpg,PLASTIC
train,train,plastic865_jpg.rf.08e62b9d6acc881f5323da62c3e7556b.jpg,PLASTIC
train,train,plastic866_jpg.rf.6f2ad68880e6e41fab314305b504404e.jpg,PLASTIC
train,train,plastic867_jpg.rf.ffdab8eb94e072dc80e806e50a9737f4.jpg,PLASTIC
train,test,plastic868_jpg.rf.c7c6fcd7c8a67499bed82c2b65106994.jpg,PLASTIC
train,train,plastic869_jpg.rf.f6ae283c0ae68b51b390cbe6a90f48c1.jpg,PLASTIC
train,train,plastic870_jpg.rf.94e59e11d0f36decc772a3714cd0bdd6.jpg,PLASTIC
train,test,plastic872_jpg.rf.9ed367de593871bf6fb3704384a8fcc8.jpg,PLASTIC
train,train,plastic873_jpg.rf.8d3f6673e47815c5d4dbc81f6bd8255c.jpg,PLASTIC
train,train,plastic874_jpg.rf.0631be41ec8e9f7263b2cccdd41859c9.jpg,PLASTIC
train,train,plastic875_jpg.rf.f0e3b3bdb343089dc86d09d8a5f8b818.jpg,PLASTIC
train,train,plastic876_jpg.rf.5a93670f2d31fb803cb6c5a1fdaf6d29.jpg,PLASTIC
train,test,plastic878_jpg.rf.339cd8afb9f12db88fc74664fe1d7be3.jpg,PLASTIC
train,test,plastic879_jpg.rf.58648721bd2ccfca3e0ea93b34499da6.jpg,PLASTIC
train,train,plastic87_jpg.rf.ed172a5db79bf12f81e3ec89945eb477.jpg,PLASTIC
train,train,plastic880_jpg.rf.82ebf070cd0231743b1374c0587ab34e.jpg,PLASTIC
train,train,plastic881_jpg.rf.f50d646efc3a72429d2ea26256652599.jpg,PLASTIC
train,train,plastic883_jpg.rf.7e08696e3812df1dbbc10eb8de1a1ad1.jpg,PLASTIC
train,train,plastic884_jpg.rf.c6c7e1168fd6c94ea6a8819fe6a7b48f.jpg,PLASTIC
train,train,plastic885_jpg.rf.3bef96b36989c2cafd053540d5089d05.jpg,PLASTIC
train,train,plastic887_jpg.rf.1f944f2465d27e04010bd5a143745feb.jpg,PLASTIC
train,test,plastic888_jpg.rf.562731426f3365e590505319aeba0611.jpg,PLASTIC
train,train,plastic889_jpg.rf.58279e42f514ae49f5c1758e2b5e464d.jpg,PLASTIC
train,train,plastic88_jpg.rf.9233a4c88ecba5e09b777bfefdf613c7.jpg,PLASTIC
train,train,plastic890_jpg.rf.d25bf941419ed6f3e586b91b9fcd7d72.jpg,PLASTIC
train,test,plastic891_jpg.rf.6a420a11cdeb2ad5d7674cc073f5bf0b.jpg,PLASTIC
train,test,plastic892_jpg.rf.bad5db0d9aac17826ed0c90185901352.jpg,PLASTIC
train,train,plastic893_jpg.rf.3cad85e97b454968906d47375a3315b0.jpg,PLASTIC
train,train,plastic895_jpg.rf.aef74a1315655adfee522c9c3e2cc482.jpg,PLASTIC
train,train,plastic896_jpg.rf.6374fd69b6bcfc6e8eb8bccc0d62c003.jpg,PLASTIC
train,test,plastic897_jpg.rf.565039395d7f0c429c48ffbeedfabcd7.jpg,PLASTIC
train,train,plastic898_jpg.rf.08de7366ae4ca277ac8e4e24a751f078.jpg,PLASTIC
train,train,plastic89_jpg.rf.116b6bcdc8d02f020ab61d4747eb587f.jpg,PLASTIC
train,train,plastic8_jpg.rf.45d5c689577dc4362a073a2e74c9e8a7.jpg,PLASTIC
train,train,plastic900_jpg.rf.b66d3999d5ac5feed5c86dd6e0e30c22.jpg,PLASTIC
train,train,plastic901_jpg.rf.168c5b106aee53a8b6319ba8003529a4.jpg,PLASTIC
train,test,plastic902_jpg.rf.b5145d20397c23e1ad77448c1c0a419a.jpg,PLASTIC
train,train,plastic903_jpg.rf.c4b3e7074183be7ed1310a5a827328dd.jpg,PLASTIC
train,test,plastic905_jpg.rf.1913f2e5c91217b94f36b9a54b4c9907.jpg,PLASTIC
train,test,plastic906_jpg.rf.7b12589e95e9e8503ec664549993f181.jpg,PLASTIC
train,train,plastic907_jpg.rf.0dfc2364f893fb729608945a2f7d2647.jpg,PLASTIC
train,train,plastic908_jpg.rf.3095f6349ced901d99c1db82c9407cd3.jpg,PLASTIC
train,train,plastic90_jpg.rf.ff33812bdb043d513a19a866a866fcde.jpg,PLASTIC
train,train,plastic911_jpg.rf.f7d1ebb79134803b0d65bf3f335bd3a2.jpg,PLASTIC
train,train,plastic913_jpg.rf.042ee22366b41a755e868441139059d9.jpg,PLASTIC
train,test,plastic916_jpg.rf.72f22345a6c9ddc30707994447c6d1f5.jpg,PLASTIC
train,train,plastic919_jpg.rf.1e6c3057ae24e84c6bae16c311799072.jpg,PLASTIC
train,train,plastic920_jpg.rf.05084f9cac5f16bb2eb734d557394ef4.jpg,PLASTIC
train,train,plastic923_jpg.rf.089b501bcae6d555a8ed7380d2329c6a.jpg,PLASTIC
train,test,plastic924_jpg.rf.fe0d930c43f77e495189439d05b7402e.jpg,PLASTIC
train,test,plastic925_jpg.rf.a6db63007267218995d4468eeae0cf11.jpg,PLASTIC
train,train,plastic926_jpg.rf.78436f8c54f66af9717fc02bbd198c51.jpg,PLASTIC
train,train,plastic927_jpg.rf.881fe4ccb2ccec0acdedcbae27b0239c.jpg,PLASTIC
train,train,plastic928_jpg.rf.7a9a1a0d2ff83e0a386c1a736577f317.jpg,PLASTIC
train,test,plastic929_jpg.rf.527a371c7f7bcf1069a3e7fca621bd01.jpg,PLASTIC
train,test,plastic930_jpg.rf.0d3ae8b3b83330049fc8daf790c1de67.jpg,PLASTIC
train,train,plastic931_jpg.rf.bb661f88eb9115d56ecb1f15905872b1.jpg,PLASTIC
train,train,plastic932_jpg.rf.f806b795118ee46b8f38541e246eb558.jpg,PLASTIC
train,train,plastic933_jpg.rf.519e57c215229ebbcec3065135fcfb47.jpg,PLASTIC
train,train,plastic934_jpg.rf.c6a51cbec6cc97f7debee5748adaf1e1.jpg,PLASTIC
train,train,plastic935_jpg.rf.c5505f9cae7dccd50b03d7a7406d5858.jpg,PLASTIC
train,test,plastic936_jpg.rf.bae2ba45120a24e6ce26f818f34695f6.jpg,PLASTIC
train,test,plastic938_jpg.rf.f9e67b89ccca5bc9fd6123e1e81574f5.jpg,PLASTIC
train,train,plastic93_jpg.rf.bd5a4f2a4fb46c2519e06caf5bf9094b.jpg,PLASTIC
train,train,plastic940_jpg.rf.01ca440b56fd164c9a869c08ffc30f76.jpg,PLASTIC
train,test,plastic941_jpg.rf.a5aed164f615fe73eb69ea78f838d070.jpg,PLASTIC
train,train,plastic943_jpg.rf.68fab618c77a28cb079d50c0d26f365b.jpg,PLASTIC
train,train,plastic944_jpg.rf.86a31b664bf52fc676108bc59cac32ae.jpg,PLASTIC
train,test,plastic945_jpg.rf.d3592eeba5e25332acf660cb1551ae44.jpg,PLASTIC
train,train,plastic946_jpg.rf.edf0de1d561fd985be841605c1407f0a.jpg,PLASTIC
train,train,plastic947_jpg.rf.797852720f1fc676a892c9579c5051e3.jpg,PLASTIC
train,test,plastic949_jpg.rf.b39900e4447f402a30a461372353d368.jpg,PLASTIC
train,test,plastic950_jpg.rf.c4c5c441fb8481854b1942bc567eba64.jpg,PLASTIC
train,train,plastic951_jpg.rf.31ff1e8f6e76789a40e32418673e763b.jpg,PLASTIC
train,test,plastic952_jpg.rf.bd12896a3a9d716d3dbbf1252f59aea7.jpg,PLASTIC
train,train,plastic953_jpg.rf.1153597ebf2149180d1a2ead33995f0b.jpg,PLASTIC
train,train,plastic956_jpg.rf.39d065cf7e86ea32e80131b105bc9682.jpg,PLASTIC
train,test,plastic957_jpg.rf.3fb49e5db42c49419c577f4dbb5b7cce.jpg,PLASTIC
train,train,plastic959_jpg.rf.074d4dcea21e8d3e580f8598568f3c02.jpg,PLASTIC
train,train,plastic95_jpg.rf.8c254e7a8809922f225fc2a5e7be35c3.jpg,PLASTIC
train,test,plastic963_jpg.rf.32dd358443b38f8a681c627775242863.jpg,PLASTIC
train,train,plastic965_jpg.rf.886bd5c2bfb777a95b4d2aa795e21beb.jpg,PLASTIC
train,train,plastic966_jpg.rf.754069211bf4fcd942f2b15fe4eb9f7f.jpg,PLASTIC
train,test,plastic968_jpg.rf.726e8a702be9ea005a79b4c72511f497.jpg,PLASTIC
train,train,plastic96_jpg.rf.a1a57f6cad7e0073f33bc4495d00bae2.jpg,PLASTIC
train,test,plastic970_jpg.rf.fef05f55b1f22d03ab4cb37a174b1cb3.jpg,PLASTIC
train,train,plastic971_jpg.rf.eb39dbdd0ceb8a7ada25f043afa9ab48.jpg,PLASTIC
train,test,plastic972_jpg.rf.03e1beae33cf4e4275b02e9b994c7c69.jpg,PLASTIC
train,train,plastic973_jpg.rf.067c522185074aa00d5e3060ac122de0.jpg,PLASTIC
train,train,plastic974_jpg.rf.05d3efa051cc9680dc63689d434a83e8.jpg,PLASTIC
train,train,plastic975_jpg.rf.207c6d959e60498572580f3bbd46eeae.jpg,PLASTIC
train,test,plastic976_jpg.rf.717231e71af93e6067232e4fa3b708eb.jpg,PLASTIC
train,train,plastic977_jpg.rf.eb561aa40490c5e407a46375845df5f4.jpg,PLASTIC
train,train,plastic979_jpg.rf.5a5477c1bfe479b9594ae9d9f26ef460.jpg,PLASTIC
train,test,plastic980_jpg.rf.2805146f05425789f675ec6391be2df2.jpg,PLASTIC
train,train,plastic981_jpg.rf.9cbdc6e0e5491c5ee0ecc3f2e0fb7fd7.jpg,PLASTIC
train,test,plastic982_jpg.rf.e01e21d88239110d498a9a1d5ab2ea61.jpg,PLASTIC
train,train,plastic983_jpg.rf.dcce0856b836e2be1768856dbb8e3591.jpg,PLASTIC
train,test,plastic984_jpg.rf.171620a2c4692c73be42ca26302719d3.jpg,PLASTIC
train,train,plastic986_jpg.rf.cbf486f06bf567228e3456bbd8f93855.jpg,PLASTIC
train,train,plastic987_jpg.rf.c82cc80eb94005e9db11ddcbbff05140.jpg,PLASTIC
train,train,plastic988_jpg.rf.d853668623183acacad0b5dd8880bc6e.jpg,PLASTIC
train,train,plastic989_jpg.rf.889f0d7b770debe216febb70a3ebc6df.jpg,PLASTIC
train,train,plastic98_jpg.rf.6866f2b021978e278e71248e27549f66.jpg,PLASTIC
train,train,plastic990_jpg.rf.72f70768af92e68218aa0341eea57bac.jpg,PLASTIC
train,test,plastic991_jpg.rf.7b997be851162f96e98706d8f3bec428.jpg,PLASTIC
train,test,plastic992_jpg.rf.dae1f1ca5ce171a8eb9af72dc980591f.jpg,PLASTIC
train,test,plastic994_jpg.rf.e5f30862a7a48fc6262a5093a78fef9b.jpg,PLASTIC
train,train,plastic995_jpg.rf.3647657251c3922a77cb2ee600911289.jpg,PLASTIC
train,test,plastic996_jpg.rf.ead94660f77ad62ef69a67289b2f24b3.jpg,PLASTIC
train,test,plastic997_jpg.rf.ba6b8a1b42c7ca040e9edb04bbb374dd.jpg,PLASTIC
train,train,plastic998_jpg.rf.68a01a5e28c880b733e41540933c79ad.jpg,PLASTIC
train,test,plastic999_jpg.rf.d6f8fc1a8acc7875177dd0a0215c487b.jpg,PLASTIC
train,train,plastic99_jpg.rf.3f2ab5e86871a5732e2f553086ae2541.jpg,PLASTIC
train,train,plastic9_jpg.rf.eb30c2779ced12a250b0d1d0627f9a31.jpg,PLASTIC
valid,valid,biodegradable1000_jpg.rf.9407ff66b4ccd9f8eb5545be8f3225f4.jpg,BIODEGRADABLE
valid,valid,biodegradable1005_jpg.rf.b7b1be167f526345b5969108f970527e.jpg,BIODEGRADABLE
valid,train,biodegradable1007_jpg.rf.d8266567e472743f618d03550d62a04e.jpg,BIODEGRADABLE
valid,train,biodegradable1018_jpg.rf.7096f674377109b61508f33a7c3b411d.jpg,BIODEGRADABLE
valid,train,biodegradable1019_jpg.rf.8c9dc0eae9ec57938b89559eff173d61.jpg,BIODEGRADABLE
valid,valid,biodegradable1023_jpg.rf.98ceff89ef37d3ce9a86c0eca42f9fa6.jpg,BIODEGRADABLE
valid,train,biodegradable1026_jpg.rf.0cf19e98e34b81a39ae6366fde25e81f.jpg,BIODEGRADABLE
valid,train,biodegradable1028_jpg.rf.0862cc581b9c69c0f8fbb9095f4698e2.jpg,BIODEGRADABLE
valid,train,biodegradable1036_jpg.rf.64452df78796dbe08e484768e46c6969.jpg,BIODEGRADABLE
valid,train,biodegradable1038_jpg.rf.ab766105edac0238f5303c22063d2572.jpg,BIODEGRADABLE
valid,train,biodegradable1039_jpg.rf.871e5b7074f375eede4ecc734e3b4bf7.jpg,BIODEGRADABLE
valid,train,biodegradable1046_jpg.rf.cad61a14fa54a4c93d390b8e93f9002b.jpg,BIODEGRADABLE
valid,train,biodegradable1048_jpg.rf.5f97e533843b67a16ed037b3135e8808.jpg,BIODEGRADABLE
valid,valid,biodegradable1050_jpg.rf.1224511d9ce6bdc81974d80a844f0d66.jpg,BIODEGRADABLE
valid,train,biodegradable1051_jpg.rf.8f14bc775f850c0af8e6be042a344043.jpg,BIODEGRADABLE
valid,valid,biodegradable1054_jpg.rf.efc03a6c6f2c3b2b2adbf421e2e1ddb8.jpg,BIODEGRADABLE
valid,valid,biodegradable1060_jpg.rf.51746d39a6eaab7237024c7918799290.jpg,BIODEGRADABLE
valid,train,biodegradable1069_jpg.rf.6b9f7505f4a223a7cb4e3073ff796d8f.jpg,BIODEGRADABLE
valid,valid,biodegradable1071_jpg.rf.019c1e12ccc6064adcce5b3bd9e3e1c7.jpg,BIODEGRADABLE
valid,train,biodegradable1075_jpg.rf.551d1eee818be954df2e0fd037d8bd1a.jpg,BIODEGRADABLE
valid,train,biodegradable1077_jpg.rf.e1094397f4c32816a374e141d74d4a7e.jpg,BIODEGRADABLE
valid,valid,biodegradable1085_jpg.rf.f191ebce07b0e9def0d8301ba4f01873.jpg,BIODEGRADABLE
valid,train,biodegradable1093_jpg.rf.99a3e327b161bf0338ce492ae6c64875.jpg,BIODEGRADABLE
valid,valid,biodegradable1097_jpg.rf.4ec6ef9d533773b8635c13d86d29e18f.jpg,BIODEGRADABLE
valid,train,biodegradable109_jpg.rf.d6419a667ee7076799f3f1bb9cf0fe49.jpg,BIODEGRADABLE
valid,valid,biodegradable10_jpg.rf.6c982bfbc60f8beef1c80fae98dec67c.jpg,BIODEGRADABLE
valid,train,biodegradable1110_jpg.rf.a574e73b0f6b7611fb27146b2b8aa90b.jpg,BIODEGRADABLE
valid,train,biodegradable1111_jpg.rf.36cfcdcfb37e02afc5578670b7e10395.jpg,BIODEGRADABLE
valid,valid,biodegradable1116_jpg.rf.8d03a7c74f6bd7245ce2e25b640a0804.jpg,BIODEGRADABLE
valid,train,biodegradable1126_jpg.rf.a8a00d7ffedae2e3f8250a7f81eb0f5c.jpg,BIODEGRADABLE
valid,train,biodegradable1128_jpg.rf.c6eb68cb3a9a3dfaef99dde40be02d38.jpg,BIODEGRADABLE
valid,valid,biodegradable1137_jpg.rf.8a7c91ee0e245409902a3d1814d59c49.jpg,BIODEGRADABLE
valid,valid,biodegradable1139_jpg.rf.639cc9c84298d84ab8d1dd95d9929d05.jpg,BIODEGRADABLE
valid,train,biodegradable1143_jpg.rf.6f0fcfa4bf008aab443de31f5de1cdae.jpg,BIODEGRADABLE
valid,train,biodegradable114_jpg.rf.994bfdecf712feb4c87d03ff94ce6630.jpg,BIODEGRADABLE
valid,train,biodegradable1156_jpg.rf.6dc8820ee7c5dcc5f9270607b2cfdde0.jpg,BIODEGRADABLE
valid,train,biodegradable1164_jpg.rf.cb92809191d2101bc2cfd3299eb01c3b.jpg,BIODEGRADABLE
valid,train,biodegradable116_jpg.rf.38c4f3a64b1237110934ff6625279932.jpg,BIODEGRADABLE
valid,train,biodegradable1172_jpg.rf.616a704dec6e7792b73282cc2e7bbd9b.jpg,BIODEGRADABLE
valid,train,biodegradable1173_jpg.rf.92e5ccba63ab4769db86318930b0f318.jpg,BIODEGRADABLE
valid,train,biodegradable1180_jpg.rf.27a3a05a0e2d90bbfc1dedaa748b2f6e.jpg,BIODEGRADABLE
valid,valid,biodegradable118_jpg.rf.b836582cdab843c0ef718d1a55d5b9eb.jpg,BIODEGRADABLE
valid,valid,biodegradable1191_jpg.rf.6428a9bf6356f1f704397e53f6e26c2b.jpg,BIODEGRADABLE
valid,train,biodegradable1195_jpg.rf.2373c36164e3f2090dbcd747aca07ff5.jpg,BIODEGRADABLE
valid,valid,biodegradable1200_jpg.rf.21be503de7ddaf529663a7c46b8782ee.jpg,BIODEGRADABLE
valid,train,biodegradable1211_jpg.rf.3c09d026a39f556eafb8247dc31de816.jpg,BIODEGRADABLE
valid,train,biodegradable1219_jpg.rf.f398997cb865774b3820ac7c00962b8d.jpg,BIODEGRADABLE
valid,valid,biodegradable1221_jpg.rf.b91d80f9210a9d8e5c854121553844a2.jpg,BIODEGRADABLE
valid,train,biodegradable1224_jpg.rf.20f3006faa68a62a86a76ebf2eb057f4.jpg,BIODEGRADABLE
valid,train,biodegradable1230_jpg.rf.0dedcffd6bd70cdb50d1a106d6b9cffa.jpg,BIODEGRADABLE
valid,train,biodegradable1234_jpg.rf.71f0882ff27633d1ff80ab81cf25528b.jpg,BIODEGRADABLE
valid,train,biodegradable1235_jpg.rf.b5655c2b832c5aa00f2ae56c7125d853.jpg,BIODEGRADABLE
valid,train,biodegradable1236_jpg.rf.2041320545cff247b2eaa15d7ee997bb.jpg,BIODEGRADABLE
valid,train,biodegradable1237_jpg.rf.555f96874ef6fdaa8cd5cd74ea10dca1.jpg,BIODEGRADABLE
valid,train,biodegradable1242_jpg.rf.e88d5a1f42cf1660d7117b65c301ea78.jpg,BIODEGRADABLE
valid,valid,biodegradable124_jpg.rf.6fe9b40a73a35ff58abd1f09bb604955.jpg,BIODEGRADABLE
valid,train,biodegradable1257_jpg.rf.fdbe1d485f03453dd193bb4f37fa146d.jpg,BIODEGRADABLE
valid,train,biodegradable1264_jpg.rf.253a89476dab40f35f4f82658c2c8af3.jpg,BIODEGRADABLE
valid,train,biodegradable1269_jpg.rf.07600ec425c10651f9aa7dc202411acf.jpg,BIODEGRADABLE
valid,train,biodegradable1273_jpg.rf.69b1e1dd69ab489be9ea3c4626013bbf.jpg,BIODEGRADABLE
valid,train,biodegradable1275_jpg.rf.3ecf153635ae8fdfac5fb9ef17f1a7cb.jpg,BIODEGRADABLE
valid,train,biodegradable127_jpg.rf.485267253ffd0d9f429b41955b4c5576.jpg,BIODEGRADABLE
valid,valid,biodegradable1283_jpg.rf.0f6bdf76e392577a1f81259fabedae54.jpg,BIODEGRADABLE
valid,valid,biodegradable1284_jpg.rf.297e7709b8362731246aed9c6b627fcf.jpg,BIODEGRADABLE
valid,train,biodegradable1286_jpg.rf.2d00ac7b85f63aa1b55dd88637df9677.jpg,BIODEGRADABLE
valid,train,biodegradable1288_jpg.rf.870a23a463981203fe08bcdd238e6f8b.jpg,BIODEGRADABLE
valid,train,biodegradable1291_jpg.rf.bb2cc62048dd66ce040e7df1b0e8a089.jpg,BIODEGRADABLE
valid,train,biodegradable1292_jpg.rf.d9a5aebe66e022ebb62146d4471ca75a.jpg,BIODEGRADABLE
valid,valid,biodegradable1293_jpg.rf.af6dd3bc3adb2ee28ad5bec9a52f08bf.jpg,BIODEGRADABLE
valid,train,biodegradable1294_jpg.rf.0c123b980179ce2c244383d4617f65e5.jpg,BIODEGRADABLE
valid,train,biodegradable129_jpg.rf.40a6372cc70aa788b78e571bf4d4f014.jpg,BIODEGRADABLE
valid,valid,biodegradable1303_jpg.rf.3e86a4f35cd124413c337e2a6eb93052.jpg,BIODEGRADABLE
valid,train,biodegradable1305_jpg.rf.0414a9fddccafcbb503a866772061aef.jpg,BIODEGRADABLE
valid,train,biodegradable1308_jpg.rf.a4fb459bc0c6e4ed4e545697f84706bc.jpg,BIODEGRADABLE
valid,train,biodegradable1310_jpg.rf.25657dcbbec2fd599120e96d7083ac50.jpg,BIODEGRADABLE
valid,train,biodegradable1321_jpg.rf.84dc3027da99abb12dc151a89bda7075.jpg,BIODEGRADABLE
valid,valid,biodegradable1322_jpg.rf.fce72f61454d3dccf1c94f7edff1ecb4.jpg,BIODEGRADABLE
valid,train,biodegradable1324_jpg.rf.0aec22aae6a689e5252170a68ce65ba0.jpg,BIODEGRADABLE
valid,train,biodegradable1330_jpg.rf.f71e3dabe84b35501e86bce154660d15.jpg,BIODEGRADABLE
valid,valid,biodegradable1337_jpg.rf.afb5ffe37f388c43122490d411ae20ae.jpg,BIODEGRADABLE
valid,train,biodegradable1341_jpg.rf.fb97896376b07b958cc92b5d7a9440b3.jpg,BIODEGRADABLE
valid,train,biodegradable1344_jpg.rf.23c04faf28ccdc1692c0e1699214110b.jpg,BIODEGRADABLE
valid,train,biodegradable1348_jpg.rf.e86ed974ad9f004a2d82bba14718da32.jpg,BIODEGRADABLE
valid,train,biodegradable1353_jpg.rf.75759166924d519c49ec7986300940be.jpg,BIODEGRADABLE
valid,train,biodegradable1354_jpg.rf.9b87634a17ad5e0d12206829582f16d9.jpg,BIODEGRADABLE
valid,train,biodegradable1357_jpg.rf.d94a4f636a90924b9c2b21551d0d4b23.jpg,BIODEGRADABLE
valid,valid,biodegradable135_jpg.rf.e9a4dac788bd9160953f733e804839ff.jpg,BIODEGRADABLE
valid,train,biodegradable1360_jpg.rf.9a4073202d4e308f0f6e122f733b9607.jpg,BIODEGRADABLE
valid,train,biodegradable1368_jpg.rf.ac8c348918f83eab025d4a0b037d9dbb.jpg,BIODEGRADABLE
valid,train,biodegradable1383_jpg.rf.e558640a73244e04dd2d7e13e86df4a1.jpg,BIODEGRADABLE
valid,valid,biodegradable1385_jpg.rf.90954dd810749c8216ea836909b97182.jpg,BIODEGRADABLE
valid,train,biodegradable1392_jpg.rf.c25cfafc757aa6277fe1ba07f0914433.jpg,BIODEGRADABLE
valid,train,biodegradable1393_jpg.rf.6daebc55bba3cfeb6d9b4463bb83c835.jpg,BIODEGRADABLE
valid,train,biodegradable1400_jpg.rf.f0f359acdcc0364cbc793cfcd68860c8.jpg,BIODEGRADABLE
valid,train,biodegradable1402_jpg.rf.aae8e74edaee5c7bc6272040c2ce67a5.jpg,BIODEGRADABLE
valid,valid,biodegradable1405_jpg.rf.6cfcc721f7144778733946fab556992e.jpg,BIODEGRADABLE
valid,train,biodegradable1408_jpg.rf.7c79b8c37bc27b860e14a2806bc25d5b.jpg,BIODEGRADABLE
valid,train,biodegradable140_jpg.rf.10df83d027ba5326af0830a0342a2cc6.jpg,BIODEGRADABLE
valid,train,biodegradable1414_jpg.rf.2dd369030378f0a45399d09a8e054674.jpg,BIODEGRADABLE
valid,train,biodegradable1415_jpg.rf.a37b05a03f20380344a7c698c45217b9.jpg,BIODEGRADABLE
valid,valid,biodegradable1418_jpg.rf.7e2ac0a048592f5f082ce0be031d3322.jpg,BIODEGRADABLE
valid,train,biodegradable1420_jpg.rf.37f74bb18e858026bfa2ec2d0dbf2f06.jpg,BIODEGRADABLE
valid,train,biodegradable1421_jpg.rf.e20161fa2338cb0c0de2eeea110a706a.jpg,BIODEGRADABLE
valid,train,biodegradable1423_jpg.rf.19e4b89da619e16b6edde01dd79a7f76.jpg,BIODEGRADABLE
valid,valid,biodegradable1424_jpg.rf.040997e8d188a0a3ebe1e30d4391e51e.jpg,BIODEGRADABLE
valid,train,biodegradable1427_jpg.rf.9ae3d9cd27f46bd25aa8ca68c31ab50f.jpg,BIODEGRADABLE
valid,train,biodegradable1432_jpg.rf.3da32796dec165cc589ae78210160d8e.jpg,BIODEGRADABLE
valid,valid,biodegradable1435_jpg.rf.04627e8337745514fb01db1d40f7fdb0.jpg,BIODEGRADABLE
valid,valid,biodegradable1445_jpg.rf.30c5509c0a44316c8c51ba27ae2fe617.jpg,BIODEGRADABLE
valid,valid,biodegradable1447_jpg.rf.44287e5b070dbe2506a163c053db6567.jpg,BIODEGRADABLE
valid,valid,biodegradable1450_jpg.rf.f1a8bd6fe878f591879e84640eac2563.jpg,BIODEGRADABLE
valid,train,biodegradable1451_jpg.rf.e12f9eb4f3a536f37d45687d39e2ccb8.jpg,BIODEGRADABLE
valid,train,biodegradable1452_jpg.rf.4642e5053e2f1b34ce618bb31b21ba14.jpg,BIODEGRADABLE
valid,train,biodegradable1453_jpg.rf.6cecd074baa6ee6e11d603273e10f936.jpg,BIODEGRADABLE
valid,train,biodegradable1454_jpg.rf.9afef1b84efceacdbba51a0e0ede1264.jpg,BIODEGRADABLE
valid,train,biodegradable1460_jpg.rf.98b853db2c8d32cb003145f0d28f6662.jpg,BIODEGRADABLE
valid,train,biodegradable1465_jpg.rf.6554b314de4df3aed0117f0283e9df7f.jpg,BIODEGRADABLE
valid,train,biodegradable1468_jpg.rf.3d523f60b6c351260aa41f622e4d4880.jpg,BIODEGRADABLE
valid,train,biodegradable1474_jpg.rf.b4241795d25bc5ff47a5adcd4bfb6fab.jpg,BIODEGRADABLE
valid,train,biodegradable1479_jpg.rf.f7c5b56589d2e2ab5da92ca317a19a04.jpg,BIODEGRADABLE
valid,train,biodegradable1489_jpg.rf.e5ce146479a1e31c6420a7aae1d28322.jpg,BIODEGRADABLE
valid,train,biodegradable1497_jpg.rf.994ba01f4cf2f1718c3e90a1ab0f9787.jpg,BIODEGRADABLE
valid,train,biodegradable1502_jpg.rf.6c629540cc09b3dabf69296bec1780e5.jpg,BIODEGRADABLE
valid,train,biodegradable1505_jpg.rf.54feaf85511aa99e27981c3ff53b0ca6.jpg,BIODEGRADABLE
valid,train,biodegradable1508_jpg.rf.a069b0bd8898c07476668d96baeab097.jpg,BIODEGRADABLE
valid,train,biodegradable1510_jpg.rf.c2a3874c8ae51ffd0a25add5ab6d5cc0.jpg,BIODEGRADABLE
valid,train,biodegradable1511_jpg.rf.435f7a40d35132fc5873bac36dbe1493.jpg,BIODEGRADABLE
valid,train,biodegradable1512_jpg.rf.e6bf9c022eb4fc14397265f50589916d.jpg,BIODEGRADABLE
valid,train,biodegradable1517_jpg.rf.629a44a6770878e0c8e584af13a3b8a1.jpg,BIODEGRADABLE
valid,train,biodegradable1521_jpg.rf.acf33ef950e51cd59af1c245effeb509.jpg,BIODEGRADABLE
valid,train,biodegradable1523_jpg.rf.ebe55aca5485c757727124fd4672badc.jpg,BIODEGRADABLE
valid,train,biodegradable1528_jpg.rf.8d345d7ac0ceeae7c85228932a79cd2a.jpg,BIODEGRADABLE
valid,train,biodegradable1529_jpg.rf.1b8c3a669b98caa5ba1e500f79cc1eab.jpg,BIODEGRADABLE
valid,train,biodegradable1532_jpg.rf.ec9affbc477967dc1dce6b22ad629ba0.jpg,BIODEGRADABLE
valid,train,biodegradable1533_jpg.rf.c8c95e0e2e3335ec2cd2dbede8079f4e.jpg,BIODEGRADABLE
valid,train,biodegradable1534_jpg.rf.be362192b84108056834f585e65f1e80.jpg,BIODEGRADABLE
valid,valid,biodegradable153_jpg.rf.09707e692ff7556d3842b2bd2d69b408.jpg,BIODEGRADABLE
valid,valid,biodegradable1547_jpg.rf.0ba64aba3f130884da5d9b67081ca372.jpg,BIODEGRADABLE
valid,train,biodegradable1558_jpg.rf.bfab35651039a662c60c19680e8c42e2.jpg,BIODEGRADABLE
valid,train,biodegradable1566_jpg.rf.f31d97835d8e4e41028e9b8e5b52646d.jpg,BIODEGRADABLE
valid,valid,biodegradable1567_jpg.rf.f2747bb2306655842eed02f6fce04315.jpg,BIODEGRADABLE
valid,valid,biodegradable156_jpg.rf.532fa49468ab0b51b1691f6365eed614.jpg,BIODEGRADABLE
valid,train,biodegradable1573_jpg.rf.e198eb28c6df54de8f9e3b83326b2d05.jpg,BIODEGRADABLE
valid,train,biodegradable1575_jpg.rf.66066fe22ae03fcea952135dd834cfe8.jpg,BIODEGRADABLE
valid,train,biodegradable1582_jpg.rf.ae6406324b8ac0bac7f29b1770b3a984.jpg,BIODEGRADABLE
valid,train,biodegradable1586_jpg.rf.34842544fb655536a0131977458068fd.jpg,BIODEGRADABLE
valid,train,biodegradable1591_jpg.rf.d42409fdd513b5ec100f8bbc6e85fc1d.jpg,BIODEGRADABLE
valid,valid,biodegradable1592_jpg.rf.ab637db35eb1e4abe810d5215de82361.jpg,BIODEGRADABLE
valid,train,biodegradable1597_jpg.rf.79a446bb453e2a1fa0e331ce3bd9d655.jpg,BIODEGRADABLE
valid,train,biodegradable1602_jpg.rf.652ebd79bbd440859e822c36909bb2fc.jpg,BIODEGRADABLE
valid,valid,biodegradable1604_jpg.rf.f5215fe4ba79f7d5ee1726b1d90e23bb.jpg,BIODEGRADABLE
valid,valid,biodegradable1608_jpg.rf.f63ba6beef4d3e311235d2cbf813bdb0.jpg,BIODEGRADABLE
valid,train,biodegradable1610_jpg.rf.07e42d6946fb594f65cefd0e26733013.jpg,BIODEGRADABLE
valid,train,biodegradable1615_jpg.rf.fe3388acc622b624ad957471a65c7e93.jpg,BIODEGRADABLE
valid,valid,biodegradable1617_jpg.rf.b55d1eb54703cc46cab7b0de4d5c1155.jpg,BIODEGRADABLE
valid,train,biodegradable1622_jpg.rf.deb2e8e10b1566de1dc726a5b3b90653.jpg,BIODEGRADABLE
valid,train,biodegradable1633_jpg.rf.9ad1618fa941463c11e4503580d9a1f2.jpg,BIODEGRADABLE
valid,valid,biodegradable1644_jpg.rf.12fa4ef84042e676e4ae555724af4715.jpg,BIODEGRADABLE
valid,train,biodegradable1651_jpg.rf.ca12e3170a6b847c9d32c7a4757d0a1d.jpg,BIODEGRADABLE
valid,valid,biodegradable1657_jpg.rf.9acdd01a7e6d0d8802584fd88ff86920.jpg,BIODEGRADABLE
valid,train,biodegradable1670_jpg.rf.d978bb740e1bc656431acd89077d6715.jpg,BIODEGRADABLE
valid,valid,biodegradable1675_jpg.rf.01187b5c1d51294a940157f9e7382199.jpg,BIODEGRADABLE
valid,train,biodegradable1676_jpg.rf.9e395bbd6cbc7002fd1fbfe818af7512.jpg,BIODEGRADABLE
valid,train,biodegradable1696_jpg.rf.ca97542cc0091c4889a11c92039ec80d.jpg,BIODEGRADABLE
valid,train,biodegradable170_jpg.rf.6305ed53a6befee2bb8ed4c88d989da6.jpg,BIODEGRADABLE
valid,train,biodegradable1711_jpg.rf.94c2732b7c9a42ec4f70412735c0ea56.jpg,BIODEGRADABLE
valid,valid,biodegradable1712_jpg.rf.1062590fc3346146f7d06ea113c6a651.jpg,BIODEGRADABLE
valid,valid,biodegradable1713_jpg.rf.7e82c35a07a3060cb54d56d03982689f.jpg,BIODEGRADABLE
valid,valid,biodegradable1721_jpg.rf.7db1a742cf920b054af07e33bd7282cb.jpg,BIODEGRADABLE
valid,train,biodegradable1722_jpg.rf.89aeddb3ceff2ab58cdc4ebd6ed7c083.jpg,BIODEGRADABLE
valid,train,biodegradable1723_jpg.rf.99a0d107c2b2856030c66c45b2f77ee6.jpg,BIODEGRADABLE
valid,train,biodegradable1733_jpg.rf.9d91bd02360f7692dc03ca1294074241.jpg,BIODEGRADABLE
valid,train,biodegradable1737_jpg.rf.44a9d117f216ced24d93d39c4883e492.jpg,BIODEGRADABLE
valid,valid,biodegradable1742_jpg.rf.2451b3b3ae7f863412815e118d7141a0.jpg,BIODEGRADABLE
valid,valid,biodegradable1743_jpg.rf.b858aa6c8367703bc7adb787f70967fc.jpg,BIODEGRADABLE
valid,train,biodegradable1746_jpg.rf.01a0aad6db38e742aca17d992c02cf69.jpg,BIODEGRADABLE
valid,valid,biodegradable1754_jpg.rf.4e330d06ea378d240d07dda728acf52e.jpg,BIODEGRADABLE
valid,train,biodegradable1756_jpg.rf.e3e82df7d1e896e84b6ca3566f85f75f.jpg,BIODEGRADABLE
valid,train,biodegradable1766_jpeg.rf.ac5e15c4027e2c816b2bbb56b43b8bea.jpg,BIODEGRADABLE
valid,valid,biodegradable1768_jpeg.rf.ffcf31e38e3e6a2ca9b6f389b3289b4c.jpg,BIODEGRADABLE
valid,train,biodegradable1769_jpeg.rf.9cefab8f4095d93dc85de7a25e239582.jpg,BIODEGRADABLE
valid,valid,biodegradable1770_jpeg.rf.4e02b820970fd3382a0ecd527a570973.jpg,BIODEGRADABLE
valid,train,biodegradable1777_jpeg.rf.875f3c551ba76cc5de216246b7168390.jpg,BIODEGRADABLE
valid,valid,biodegradable1781_jpeg.rf.95987084a5608633136459ab7aedb4fc.jpg,BIODEGRADABLE
valid,train,biodegradable1783_jpeg.rf.954277d228007f78d96136a7bc3edc73.jpg,BIODEGRADABLE
valid,valid,biodegradable178_jpg.rf.e777f6c2c116c3aa2d3d694948098363.jpg,BIODEGRADABLE
valid,train,biodegradable1797_jpeg.rf.b04be3419856a4db8124522bfe0aa130.jpg,BIODEGRADABLE
valid,train,biodegradable1806_jpeg.rf.f2782e9c509d06b7fbd4966be65684d7.jpg,BIODEGRADABLE
valid,train,biodegradable1808_jpeg.rf.f4625e06ce688b01c4d66ea244d144c4.jpg,BIODEGRADABLE
valid,valid,biodegradable1810_jpeg.rf.2413b0962682718308af6cd3325ab6b9.jpg,BIODEGRADABLE
valid,train,biodegradable1814_jpeg.rf.5586febdab924dbcc1f111e908f2cb18.jpg,BIODEGRADABLE
valid,train,biodegradable1817_jpeg.rf.6429ebe1827b4513e513a4fef9bf7c14.jpg,BIODEGRADABLE
valid,train,biodegradable1822_jpeg.rf.fc9cb7a1aa800c107f586714589514da.jpg,BIODEGRADABLE
valid,train,biodegradable1823_jpeg.rf.7911ea70983e61583863a4289d0dfc16.jpg,BIODEGRADABLE
valid,train,biodegradable1831_jpeg.rf.7bfceb71a5b0a922767984ea1b191dd6.jpg,BIODEGRADABLE
valid,train,biodegradable1833_jpeg.rf.2a2c5af43ed30f14e0eb70020f4e1d30.jpg,BIODEGRADABLE
valid,valid,biodegradable1836_jpeg.rf.94c5379a7546f9d687740e121cda6ddb.jpg,BIODEGRADABLE
valid,valid,biodegradable1847_jpeg.rf.da18e74105b4bb1785b6fe872bef3f2a.jpg,BIODEGRADABLE
valid,train,biodegradable1850_jpeg.rf.844b8c21fab0c53f8574c4844a014cbe.jpg,BIODEGRADABLE
valid,train,biodegradable1851_jpeg.rf.9edbea0dc20d667a355f2280f8e86778.jpg,BIODEGRADABLE
valid,valid,biodegradable1855_jpeg.rf.e232877bb5f648d5a9e32bb36531bcc4.jpg,BIODEGRADABLE
valid,train,biodegradable1862_jpeg.rf.8f46184daa889757385dfb0e1ff8d896.jpg,BIODEGRADABLE
valid,train,biodegradable1864_jpeg.rf.a8c67077e9abc1efa059b1b145b78934.jpg,BIODEGRADABLE
valid,train,biodegradable1869_jpeg.rf.011f8d9898ec32d65203940ec548b8df.jpg,BIODEGRADABLE
valid,train,biodegradable186_jpg.rf.c4213b25c5099634f8a629429103bf28.jpg,BIODEGRADABLE
valid,train,biodegradable1872_jpeg.rf.395387c1f981f1d6f40237f97a2cd94e.jpg,BIODEGRADABLE
valid,train,biodegradable1873_jpeg.rf.a7bb447b871094225d9e8c2703df2588.jpg,BIODEGRADABLE
valid,train,biodegradable1877_jpeg.rf.15bbd0976c9666e6ce6686ad586714c3.jpg,BIODEGRADABLE
valid,train,biodegradable1878_jpeg.rf.32b2f2913f196342d36a930f04e8586c.jpg,BIODEGRADABLE
valid,valid,biodegradable1879_jpeg.rf.153008bce3d63ce9ceea7ff86facd75c.jpg,BIODEGRADABLE
valid,valid,biodegradable1887_jpeg.rf.90ea20fa4c83ce6082fde81cccc70533.jpg,BIODEGRADABLE
valid,train,biodegradable1895_jpeg.rf.e7e466c4f239a5bf523e1a01dea89cad.jpg,BIODEGRADABLE
valid,train,biodegradable189_jpg.rf.3003e12943c7cb44dcae6400c171e489.jpg,BIODEGRADABLE
valid,train,biodegradable1901_jpeg.rf.8330b1c07414210a89267d3cdce6fa67.jpg,BIODEGRADABLE
valid,train,biodegradable1903_jpeg.rf.03ec03c817e1cf6db1adca0ca31d1dc8.jpg,BIODEGRADABLE
valid,train,biodegradable1922_jpeg.rf.6091b6294e1b63f740d747c560ea21ba.jpg,BIODEGRADABLE
valid,valid,biodegradable1926_jpeg.rf.cc0164b6f7cd6a0e7e9d2c192b99c490.jpg,BIODEGRADABLE
valid,valid,biodegradable1927_jpeg.rf.aa1c6a7de7565bb7f1cac46843aeefb2.jpg,BIODEGRADABLE
valid,train,biodegradable1944_jpeg.rf.56538674d0f0a31877e8b5213f7f27c2.jpg,BIODEGRADABLE
valid,valid,biodegradable1950_jpeg.rf.fd4da5ffb0b2fe47811c68f38bd6bdfc.jpg,BIODEGRADABLE
valid,valid,biodegradable1956_jpeg.rf.286631d36515a8528e1d8dc6b2f92f3a.jpg,BIODEGRADABLE
valid,train,biodegradable1961_jpeg.rf.560e0d1dd4ea43860cbe9d9d3ccdaaa6.jpg,BIODEGRADABLE
valid,valid,biodegradable1963_jpeg.rf.30f815b84bc2c2517147a001324d01be.jpg,BIODEGRADABLE
valid,train,biodegradable1965_jpeg.rf.096664397eb77a14d2a5c1cc5dd45f97.jpg,BIODEGRADABLE
valid,valid,biodegradable196_jpg.rf.90fadd6cf3d8236161d471e5f0a48e9e.jpg,BIODEGRADABLE
valid,train,biodegradable1971_jpeg.rf.3b13c2a34f0116997dc6490fbbe96554.jpg,BIODEGRADABLE
valid,valid,biodegradable1973_jpeg.rf.256d6dd819d876706187d9a85d862288.jpg,BIODEGRADABLE
valid,train,biodegradable1979_jpeg.rf.6b7d961b647d1e292e2437a5eefb36cf.jpg,BIODEGRADABLE
valid,train,biodegradable1982_jpeg.rf.8dad00e6dd7a38c7737ec3e28d21fff7.jpg,BIODEGRADABLE
valid,train,biodegradable1986_jpeg.rf.1c5ed49d82c8204968ade8de5f86b4e2.jpg,BIODEGRADABLE
valid,train,biodegradable1995_jpeg.rf.e18699764c73e2d97a0807e5f60f46f3.jpg,BIODEGRADABLE
valid,train,biodegradable1999_jpeg.rf.0d7260354626a1b79e9feb62e0a689c9.jpg,BIODEGRADABLE
valid,train,biodegradable2003_jpeg.rf.4c3538e85ec6239d01919831f44a9f5c.jpg,BIODEGRADABLE
valid,train,biodegradable2007_jpeg.rf.be9cb264ec2c2ec0c8d2998378901494.jpg,BIODEGRADABLE
valid,train,biodegradable200_jpg.rf.e064db57c1777ac99e2e0e67aba5e236.jpg,BIODEGRADABLE
valid,valid,biodegradable2017_jpeg.rf.2a29353540894a8b124d3aa3444a511e.jpg,BIODEGRADABLE
valid,valid,biodegradable2018_jpeg.rf.39f667dc55f85bb7df4cb51019b4a233.jpg,BIODEGRADABLE
valid,train,biodegradable2020_jpeg.rf.f6c54bf5bf85e03a5d37b8600ff0bd07.jpg,BIODEGRADABLE
valid,train,biodegradable2022_jpeg.rf.5f300e85ba0cd3557d70cbe505485d69.jpg,BIODEGRADABLE
valid,valid,biodegradable2023_jpeg.rf.58d3830281c952d68fbda381b2553af2.jpg,BIODEGRADABLE
valid,train,biodegradable2033_jpeg.rf.f6160d67d2ed20c0718bba32b16546a0.jpg,BIODEGRADABLE
valid,valid,biodegradable203_jpg.rf.42c3c3b16f666e555a0240ba6478a3e4.jpg,BIODEGRADABLE
valid,train,biodegradable2042_jpeg.rf.c48008be0686b8f675a51cfa294950c9.jpg,BIODEGRADABLE
valid,train,biodegradable2044_jpeg.rf.335e350a3a88e8855c9e96da9ccb2467.jpg,BIODEGRADABLE
valid,valid,biodegradable204_jpg.rf.94b1b92e21f20e053c0d8ef250b50b5f.jpg,BIODEGRADABLE
valid,train,biodegradable2054_jpeg.rf.51903e547a5a6e969752095a61f0d3bf.jpg,BIODEGRADABLE
valid,train,biodegradable2057_jpeg.rf.9d40f6d4018b459bd57453bd96f957ad.jpg,BIODEGRADABLE
valid,train,biodegradable2058_jpeg.rf.a9b823a46a7b547f1cbfe9acf62d879c.jpg,BIODEGRADABLE
valid,train,biodegradable2061_jpeg.rf.1b8cb5ab6cb1773c03721e1bef1193b6.jpg,BIODEGRADABLE
valid,train,biodegradable2063_jpeg.rf.3ce78870d024fdbd5a904f362b57425e.jpg,BIODEGRADABLE
valid,train,biodegradable2069_jpeg.rf.f4cb785dd488086c0a59c2256e1931ef.jpg,BIODEGRADABLE
valid,train,biodegradable2081_jpeg.rf.9479229a6a30ba7aff09a770d8346424.jpg,BIODEGRADABLE
valid,valid,biodegradable2089_jpeg.rf.fccf33461a896b971c610c9fdc909332.jpg,BIODEGRADABLE
valid,valid,biodegradable2093_jpeg.rf.9a1421262ee5c7dd3fcb940bb102692b.jpg,BIODEGRADABLE
valid,train,biodegradable2094_jpeg.rf.4fdc72840a763efc14ae8d770fd9de8a.jpg,BIODEGRADABLE
valid,valid,biodegradable20_jpg.rf.77d06dc1e889bd0cb857fdde8ca1f3e9.jpg,BIODEGRADABLE
valid,train,biodegradable2103_jpeg.rf.19204871bffc1f1cd51069dd969843a4.jpg,BIODEGRADABLE
valid,train,biodegradable2116_jpeg.rf.3e2cf612a24aa4bc5a97085578923c02.jpg,BIODEGRADABLE
valid,valid,biodegradable2122_jpeg.rf.6f6564f344eeb8c7ebc7f309438d70a8.jpg,BIODEGRADABLE
valid,valid,biodegradable2129_jpeg.rf.ac989134870cb152188088583c6db652.jpg,BIODEGRADABLE
valid,train,biodegradable2149_jpeg.rf.82324cef864253c46ccfc8a7dd67de7b.jpg,BIODEGRADABLE
valid,train,biodegradable2150_jpeg.rf.2f24a12dde25bedff9f7efaadcf70347.jpg,BIODEGRADABLE
valid,train,biodegradable2159_jpeg.rf.af60e090c11c0b94516310c9e9faca29.jpg,BIODEGRADABLE
valid,train,biodegradable2161_jpeg.rf.87145fafec69a46e2eb9ef838f95b810.jpg,BIODEGRADABLE
valid,train,biodegradable2168_jpeg.rf.5b7940f4122464a43546b21ff0810e69.jpg,BIODEGRADABLE
valid,valid,biodegradable2172_jpeg.rf.bcca2b6f41ed600b6cca266040c00f24.jpg,BIODEGRADABLE
valid,train,biodegradable2174_jpeg.rf.cccc29e7c37b65f6a577486ce4687ac7.jpg,BIODEGRADABLE
valid,train,biodegradable217_jpg.rf.acafc72d4a5ee4ff52315031af24fe30.jpg,BIODEGRADABLE
valid,train,biodegradable2181_jpeg.rf.af307ba16fec4145b338ba43c79278f6.jpg,BIODEGRADABLE
valid,train,biodegradable2188_jpeg.rf.5c4aa66152fb40b32249523e5fd47c22.jpg,BIODEGRADABLE
valid,train,biodegradable2189_jpeg.rf.1ffa1f5d6141726c83f507d172bc5d74.jpg,BIODEGRADABLE
valid,valid,biodegradable2203_jpeg.rf.3dfa45e246562ec8c7bd9f3e3647a756.jpg,BIODEGRADABLE
valid,train,biodegradable2210_jpeg.rf.505a5307991998271777eee2a231ae99.jpg,BIODEGRADABLE
valid,train,biodegradable2214_jpeg.rf.1f440ec352fe4034f7bdfafe18eaedbb.jpg,BIODEGRADABLE
valid,train,biodegradable2223_jpeg.rf.c783ba895039ace038511df8b0a9a165.jpg,BIODEGRADABLE
valid,train,biodegradable2224_jpeg.rf.0f1785197fe76c1bb691921adb5ce4e9.jpg,BIODEGRADABLE
valid,train,biodegradable2225_jpeg.rf.381a354d421d8d146cc255d263622f3a.jpg,BIODEGRADABLE
valid,train,biodegradable2226_jpeg.rf.ba45f679372b3f931ddbbfbce4cbbac4.jpg,BIODEGRADABLE
valid,train,biodegradable2228_jpeg.rf.f6b9e2aad75b3742a29cf1aca167c9e7.jpg,BIODEGRADABLE
valid,train,biodegradable222_jpg.rf.c0c661b8461010611e1efb865663bca3.jpg,BIODEGRADABLE
valid,train,biodegradable2234_jpeg.rf.d60932f2d218b0626a52b353c1a4b54a.jpg,BIODEGRADABLE
valid,train,biodegradable2237_jpeg.rf.3e0f4141c987a4c84648fcdb631b7622.jpg,BIODEGRADABLE
valid,valid,biodegradable2249_jpeg.rf.d6733defd8c89d7394d297f7a54bb461.jpg,BIODEGRADABLE
valid,valid,biodegradable2250_jpeg.rf.812cb60a65d0bc5ec5521ca6a32ca8bc.jpg,BIODEGRADABLE
valid,train,biodegradable2256_jpeg.rf.bc99b2e90251f2aa0a3ee0178ecf1cd6.jpg,BIODEGRADABLE
valid,train,biodegradable2263_jpeg.rf.3e12a4f900db50851fa15f4b5b57bfb3.jpg,BIODEGRADABLE
valid,train,biodegradable2264_jpeg.rf.71b8a799ef61fde2b4e4b8971287be1c.jpg,BIODEGRADABLE
valid,train,biodegradable2266_jpeg.rf.6aa11125a26414f65972fcd5944b7421.jpg,BIODEGRADABLE
valid,train,biodegradable2268_jpeg.rf.5d6f9ae87337c9304d6a68cbf0c6c897.jpg,BIODEGRADABLE
valid,train,biodegradable226_jpg.rf.e165613ffaeab7586ad370a26ceb0380.jpg,BIODEGRADABLE
valid,train,biodegradable2280_jpeg.rf.4042917023ea0794d285bbbc088b00b0.jpg,BIODEGRADABLE
valid,valid,biodegradable2283_jpeg.rf.5e95516a11923975e5649b9938746f8c.jpg,BIODEGRADABLE
valid,valid,biodegradable2287_jpeg.rf.33acd263035f7d22f9b9996bdb803855.jpg,BIODEGRADABLE
valid,train,biodegradable230_jpg.rf.cd995d72f1ceb569979bb5abca14def5.jpg,BIODEGRADABLE
valid,valid,biodegradable236_jpg.rf.d6494bcb57f95c56242fdae78980982b.jpg,BIODEGRADABLE
valid,train,biodegradable241_jpg.rf.44fcffb45693a52542c2301083f9eb28.jpg,BIODEGRADABLE
valid,train,biodegradable242_jpg.rf.dd9623a50246df83cce2831ddbd22b30.jpg,BIODEGRADABLE
valid,valid,biodegradable247_jpg.rf.54346fe350c1daec73d7ebe645d6715a.jpg,BIODEGRADABLE
valid,valid,biodegradable251_jpg.rf.7d8d24e9b10c3ee0075afbb320c4148f.jpg,BIODEGRADABLE
valid,train,biodegradable256_jpg.rf.b9e04d9aef8b3ba7fb206b8c5dfd08fc.jpg,BIODEGRADABLE
valid,train,biodegradable257_jpg.rf.b32b25da10a6aeed3d862194122c59cc.jpg,BIODEGRADABLE
valid,valid,biodegradable258_jpg.rf.d83a6ae940e0df029f28f2591013444f.jpg,BIODEGRADABLE
valid,valid,biodegradable272_jpg.rf.72cff0e6ae10e20b093ac6cc4e326234.jpg,BIODEGRADABLE
valid,valid,biodegradable276_jpg.rf.b96f6f4843a2daa73ff19ea7832eac12.jpg,BIODEGRADABLE
valid,valid,biodegradable297_jpg.rf.95a9018327cd53933e000ec2642536bf.jpg,BIODEGRADABLE
valid,valid,biodegradable301_jpg.rf.e7cb297dde24b4d0db03c9c69317c219.jpg,BIODEGRADABLE
valid,valid,biodegradable309_jpg.rf.b7fc34c7dedf97382266f3e2da752073.jpg,BIODEGRADABLE
valid,train,biodegradable310_jpg.rf.5d11c53c082d87497227f775cbebd8a5.jpg,BIODEGRADABLE
valid,train,biodegradable312_jpg.rf.6b54de70f3bfb02364b573d6bf63218d.jpg,BIODEGRADABLE
valid,train,biodegradable317_jpg.rf.3c282b17761697511811467d6e32f3da.jpg,BIODEGRADABLE
valid,train,biodegradable320_jpg.rf.50ea167eb2a3f10cfa0a64e0457a856f.jpg,BIODEGRADABLE
valid,valid,biodegradable321_jpg.rf.9c91b70db3eeb6d42df1f8eb32f431a8.jpg,BIODEGRADABLE
valid,valid,biodegradable326_jpg.rf.c078ae7ea1bca21a2674254cb2bfaf85.jpg,BIODEGRADABLE
valid,train,biodegradable328_jpg.rf.082c14cd8c1683fb53904d264f433e09.jpg,BIODEGRADABLE
valid,valid,biodegradable332_jpg.rf.57c9a77d42d96def34de8da073c43b63.jpg,BIODEGRADABLE
valid,valid,biodegradable338_jpg.rf.be7e06277c6223f275b029f01a6a5fde.jpg,BIODEGRADABLE
valid,train,biodegradable33_jpg.rf.1872049d97fa8dd9228b0faab353b71a.jpg,BIODEGRADABLE
valid,valid,biodegradable341_jpg.rf.31e28eec266acf2ef9987bbdd2896f50.jpg,BIODEGRADABLE
valid,train,biodegradable343_jpg.rf.3bd4154d6fb5a6aa741d611b55600f50.jpg,BIODEGRADABLE
valid,train,biodegradable347_jpg.rf.81844f05045c6dece4979e98c7800793.jpg,BIODEGRADABLE
valid,train,biodegradable34_jpg.rf.dc5cfc65cb8a105da5d17d0a6ec79bc3.jpg,BIODEGRADABLE
valid,train,biodegradable357_jpg.rf.f05284492fce8da77d541b55c01a4b95.jpg,BIODEGRADABLE
valid,train,biodegradable367_jpg.rf.c0c51be9bcab263e675239d54a45bcd7.jpg,BIODEGRADABLE
valid,train,biodegradable36_jpg.rf.0b69fa23ae9493e05580ae06e5b82a5d.jpg,BIODEGRADABLE
valid,valid,biodegradable372_jpg.rf.aaa4aff11098d326dbabccd2110d2231.jpg,BIODEGRADABLE
valid,train,biodegradable373_jpg.rf.844b818722fb32f6282b7c15fe1b1bf2.jpg,BIODEGRADABLE
valid,train,biodegradable376_jpg.rf.c8ab793ec841074aec497fca8ec97ac3.jpg,BIODEGRADABLE
valid,train,biodegradable380_jpg.rf.1a3fdff8aee8272bf3ee2fe6fddf56cd.jpg,BIODEGRADABLE
valid,train,biodegradable392_jpg.rf.c5889ed9e9a09393eb8c9824be6bac17.jpg,BIODEGRADABLE
valid,train,biodegradable394_jpg.rf.b9e71e31417893e30c885c863fdeb0a4.jpg,BIODEGRADABLE
valid,train,biodegradable405_jpg.rf.3587d76893f5ad43d71abd64468f85bf.jpg,BIODEGRADABLE
valid,train,biodegradable407_jpg.rf.7e9c3d3e412ff6986b19f14c1d147f34.jpg,BIODEGRADABLE
valid,train,biodegradable410_jpg.rf.fb63bdc979ee589ac94eb322bf6b0735.jpg,BIODEGRADABLE
valid,train,biodegradable416_jpg.rf.7b0e30c8bc60695d81c63350dcf9b401.jpg,BIODEGRADABLE
valid,train,biodegradable417_jpg.rf.51cdb171850afbb1ab49ed92d3085e02.jpg,BIODEGRADABLE
valid,train,biodegradable420_jpg.rf.66859be57cba07683ce2a5a3b14e0a57.jpg,BIODEGRADABLE
valid,train,biodegradable422_jpg.rf.97afd6e6497a497efdb59d0378071dda.jpg,BIODEGRADABLE
valid,train,biodegradable42_jpg.rf.7d46f425bbd39bf8716ba802f07cb86c.jpg,BIODEGRADABLE
valid,valid,biodegradable431_jpg.rf.6542d1be9cb5067af105d7c6ee93712a.jpg,BIODEGRADABLE
valid,train,biodegradable436_jpg.rf.cff490d236883eea356846934c4ec05b.jpg,BIODEGRADABLE
valid,train,biodegradable437_jpg.rf.9378a605778cb9776b31eceedaff541d.jpg,BIODEGRADABLE
valid,train,biodegradable440_jpg.rf.5a5d385ae3fec63a3dc52ad37799b8c7.jpg,BIODEGRADABLE
valid,valid,biodegradable463_jpg.rf.43b90ea666770e8aab1e248e4f929d49.jpg,BIODEGRADABLE
valid,valid,biodegradable467_jpg.rf.cee6fb08fb2467f20f2d41168362cfc4.jpg,BIODEGRADABLE
valid,valid,biodegradable46_jpg.rf.dd0a35370148613a44df2fb7be57c595.jpg,BIODEGRADABLE
valid,valid,biodegradable470_jpg.rf.5aa87891466b3d36c7a97724efb50533.jpg,BIODEGRADABLE
valid,valid,biodegradable480_jpg.rf.11a8f9ecbf91a60b7d9707c3055159f7.jpg,BIODEGRADABLE
valid,train,biodegradable486_jpg.rf.7b4a2006143d14a6a0b26a4baaf3fe2a.jpg,BIODEGRADABLE
valid,train,biodegradable487_jpg.rf.20a40267d541a2b8bf324724be8551b5.jpg,BIODEGRADABLE
valid,train,biodegradable497_jpg.rf.b5e01496fd8389967ed6ffcc7070ed53.jpg,BIODEGRADABLE
valid,train,biodegradable498_jpg.rf.e87120c7975ffdb53eefa2f2d4e48cc1.jpg,BIODEGRADABLE
valid,valid,biodegradable4_jpg.rf.e8eec99929cf958a8ff2dcbd685f55b8.jpg,BIODEGRADABLE
valid,train,biodegradable514_jpg.rf.f657a9af9f556c6bcf9684597b2b968c.jpg,BIODEGRADABLE
valid,train,biodegradable515_jpg.rf.34dfb0ba1fdea99d56c22ccf0397fcd4.jpg,BIODEGRADABLE
valid,valid,biodegradable51_jpg.rf.d97bdf27f6c9154e2c98cb5605821df2.jpg,BIODEGRADABLE
valid,valid,biodegradable522_jpg.rf.ac1010e78c91286afa044c4aa3f21b60.jpg,BIODEGRADABLE
valid,valid,biodegradable526_jpg.rf.6466832ad07f80eae4f449965d7a0c1e.jpg,BIODEGRADABLE
valid,train,biodegradable551_jpg.rf.8c3ec4cf90fe2446e62ef856d7b0e11f.jpg,BIODEGRADABLE
valid,train,biodegradable559_jpg.rf.1e1ce51986811c913454e4a66f946fd0.jpg,BIODEGRADABLE
valid,train,biodegradable567_jpg.rf.07a0d89d75fc55d469079b9cfa90fe36.jpg,BIODEGRADABLE
valid,valid,biodegradable571_jpg.rf.1c07d1cb87cf2fb054c4a2b913da9017.jpg,BIODEGRADABLE
valid,train,biodegradable574_jpg.rf.3ced71fe05523bc833aa5e5d62b9cf92.jpg,BIODEGRADABLE
valid,train,biodegradable575_jpg.rf.039bbd41abbc5d61c5ccae9ed11fcc05.jpg,BIODEGRADABLE
valid,train,biodegradable583_jpg.rf.2d024302a648e7b1c1641ca72f9695d5.jpg,BIODEGRADABLE
valid,valid,biodegradable58_jpg.rf.111a9b36bde5eeb0e049023e16ed13c9.jpg,BIODEGRADABLE
valid,train,biodegradable590_jpg.rf.5870a01bf7ee1b6c0ff6d53169897b92.jpg,BIODEGRADABLE
valid,train,biodegradable599_jpg.rf.4b671a8ec721380233f72cbfb5a4541d.jpg,BIODEGRADABLE
valid,train,biodegradable5_jpg.rf.c45122faeda6d1739a64b6de2e75ee5a.jpg,BIODEGRADABLE
valid,train,biodegradable601_jpg.rf.32bc2bfb781f8e692f11c6d771468d5a.jpg,BIODEGRADABLE
valid,train,biodegradable607_jpg.rf.1958f4371966d412f6eb15be528ddf9f.jpg,BIODEGRADABLE
valid,train,biodegradable613_jpg.rf.75030217498c4ff1e4eed6d8e572c628.jpg,BIODEGRADABLE
valid,valid,biodegradable616_jpg.rf.ad9dfe1021331b25273744ada8fca057.jpg,BIODEGRADABLE
valid,valid,biodegradable61_jpg.rf.9ae3b0f65a07c8d22a4ac2dab35c60cb.jpg,BIODEGRADABLE
valid,train,biodegradable623_jpg.rf.b0aad21dbedca5bbe86246f8b60c728b.jpg,BIODEGRADABLE
valid,valid,biodegradable631_jpg.rf.1cfec08d1d6cb8f388023f4ee493dbcf.jpg,BIODEGRADABLE
valid,train,biodegradable633_jpg.rf.175da081e22b2ed59e833d35117e77d1.jpg,BIODEGRADABLE
valid,train,biodegradable634_jpg.rf.7fb19dd0aca52982a56cae2ab0038f87.jpg,BIODEGRADABLE
valid,valid,biodegradable639_jpg.rf.136c99dcf3a61a9c9a9c788c4557960e.jpg,BIODEGRADABLE
valid,train,biodegradable645_jpg.rf.3189669e9705f99ea7ab9925a1042202.jpg,BIODEGRADABLE
valid,train,biodegradable64_jpg.rf.72d0cbdc55f4ff5ff4c013aefc384d87.jpg,BIODEGRADABLE
valid,train,biodegradable650_jpg.rf.645a6822a036959df5e334d4006d2c75.jpg,BIODEGRADABLE
valid,train,biodegradable657_jpg.rf.6ffabd38b45e074e3a1bc7377c946f37.jpg,BIODEGRADABLE
valid,train,biodegradable665_jpg.rf.c4875efbcd1e1c5add2d5c35b8455c20.jpg,BIODEGRADABLE
valid,valid,biodegradable674_jpg.rf.49b4cc4b00a2af605d4a77e369f59c54.jpg,BIODEGRADABLE
valid,train,biodegradable678_jpg.rf.b145b01079d798a44768a1481526fbbd.jpg,BIODEGRADABLE
valid,train,biodegradable680_jpg.rf.8aebe720a8f9052bb34902dd2f73ac13.jpg,BIODEGRADABLE
valid,train,biodegradable68_jpg.rf.46fbcc40b97f9269f6eb28149f5be745.jpg,BIODEGRADABLE
valid,train,biodegradable694_jpg.rf.62d5657b7214a8ca42c9c53c4fd87d2c.jpg,BIODEGRADABLE
valid,train,biodegradable698_jpg.rf.5924edfd6a671392d2d744de54b89a6c.jpg,BIODEGRADABLE
valid,valid,biodegradable6_jpg.rf.a6aca3197008fd61eaf5f18872d73636.jpg,BIODEGRADABLE
valid,train,biodegradable700_jpg.rf.3b4bc70e67ae4cee13d468abf8623b39.jpg,BIODEGRADABLE
valid,valid,biodegradable708_jpg.rf.43f3d32d2c5a9a651c56afca4f4a8d6a.jpg,BIODEGRADABLE
valid,train,biodegradable713_jpg.rf.12a7bdf6f0a09fb3d84f7fc11c8417bc.jpg,BIODEGRADABLE
valid,train,biodegradable714_jpg.rf.bd83a884b4713f642fa4220860a2db58.jpg,BIODEGRADABLE
valid,train,biodegradable715_jpg.rf.b18488c8e16ba2fce714989de3e9c3e5.jpg,BIODEGRADABLE
valid,train,biodegradable716_jpg.rf.40d51eed4ed39679d2436f9abb9cdc07.jpg,BIODEGRADABLE
valid,train,biodegradable720_jpg.rf.11ed243e4d161491f1976c9713ad703a.jpg,BIODEGRADABLE
valid,valid,biodegradable722_jpg.rf.a4385cdedccf5dc772f9845b48fbfdf7.jpg,BIODEGRADABLE
valid,valid,biodegradable724_jpg.rf.4225350358077a1892d8ad70313a0407.jpg,BIODEGRADABLE
valid,train,biodegradable738_jpg.rf.d7d8d1b670af1c01d46caaa86b4e73ac.jpg,BIODEGRADABLE
valid,train,biodegradable74_jpg.rf.7f96c3096ef0dd4992d78757a897052b.jpg,BIODEGRADABLE
valid,train,biodegradable767_jpg.rf.1c11342a1cf6b47973abb53604a8eca2.jpg,BIODEGRADABLE
valid,train,biodegradable771_jpg.rf.f7b463a51e7e2e1f1868ea06e0261438.jpg,BIODEGRADABLE
valid,valid,biodegradable784_jpg.rf.3ede89b7e8fa4cbd593327d6812c51c4.jpg,BIODEGRADABLE
valid,train,biodegradable789_jpg.rf.bcb834c7392f052a7fb211d9e4c6ad56.jpg,BIODEGRADABLE
valid,train,biodegradable791_jpg.rf.af86a549f314daa40b8bdd653e0fef86.jpg,BIODEGRADABLE
valid,train,biodegradable800_jpg.rf.e1c2443bc8cbe71c1ee81bd49fd025ae.jpg,BIODEGRADABLE
valid,train,biodegradable801_jpg.rf.a840f034c20db969a3c38056e7397b58.jpg,BIODEGRADABLE
valid,train,biodegradable813_jpg.rf.81b81564c1f7b1501d29e790af441a6e.jpg,BIODEGRADABLE
valid,valid,biodegradable821_jpg.rf.a32184d8d71504f8d14f4846d6bc88be.jpg,BIODEGRADABLE
valid,train,biodegradable837_jpg.rf.1b2f9776774334f08f799e5e9e1eb18d.jpg,BIODEGRADABLE
valid,valid,biodegradable83_jpg.rf.517e4dd4daa2380c2451e3859f56ab4e.jpg,BIODEGRADABLE
valid,train,biodegradable84_jpg.rf.67447030c6fe7003906fc203dbd793e0.jpg,BIODEGRADABLE
valid,train,biodegradable859_jpg.rf.488f07e8adce151de232f8ed1871a547.jpg,BIODEGRADABLE
valid,train,biodegradable871_jpg.rf.1cb8d4a963aa2878a6da0014ffe3eac8.jpg,BIODEGRADABLE
valid,train,biodegradable873_jpg.rf.2e511edd27fb84624549b486578e8cb8.jpg,BIODEGRADABLE
valid,train,biodegradable876_jpg.rf.f555b7f7cf70b1933069d28f65a950f4.jpg,BIODEGRADABLE
valid,train,biodegradable882_jpg.rf.5ee91245c82a60c113281e9bd6636bdf.jpg,BIODEGRADABLE
valid,train,biodegradable889_jpg.rf.2b02b120736e9dc669d48321e3023ff0.jpg,BIODEGRADABLE
valid,valid,biodegradable895_jpg.rf.d74688751353dd550b8ec8d71e4fe32e.jpg,BIODEGRADABLE
valid,train,biodegradable900_jpg.rf.444bb64da3f38ae35094416e08d87e6b.jpg,BIODEGRADABLE
valid,train,biodegradable903_jpg.rf.6fff3e52cc391d28378ea8fe8c92fbca.jpg,BIODEGRADABLE
valid,train,biodegradable908_jpg.rf.0eb68fe9a2d2e34e07dee5f64c75b179.jpg,BIODEGRADABLE
valid,train,biodegradable915_jpg.rf.26796084867383db895703652a7a0f80.jpg,BIODEGRADABLE
valid,train,biodegradable920_jpg.rf.35efb3d3212d40b78aade915144f0b39.jpg,BIODEGRADABLE
valid,valid,biodegradable926_jpg.rf.42b018e87e330035c3f163805a13ecd6.jpg,BIODEGRADABLE
valid,train,biodegradable937_jpg.rf.7ccd2907c20c8b2918f5764203adf8c6.jpg,BIODEGRADABLE
valid,train,biodegradable938_jpg.rf.27cf79e3f0a0cceed29e620e2b980670.jpg,BIODEGRADABLE
valid,train,biodegradable93_jpg.rf.c0d5727a5d6a8b3fe4da29ea3f8baab7.jpg,BIODEGRADABLE
valid,train,biodegradable954_jpg.rf.514da11ab1a7805df1971a1a01c967a3.jpg,BIODEGRADABLE
valid,valid,biodegradable955_jpg.rf.26ce5dab1b98d0ae331dbe8f318ea1a9.jpg,BIODEGRADABLE
valid,train,biodegradable961_jpg.rf.59bf034cec05fe8d6816623d8a059a15.jpg,BIODEGRADABLE
valid,valid,biodegradable966_jpg.rf.d159238ececeb261b0af1401e74addd4.jpg,BIODEGRADABLE
valid,train,biodegradable967_jpg.rf.fe76711fdbfc925b7beefd0d84914231.jpg,BIODEGRADABLE
valid,valid,biodegradable970_jpg.rf.3cdb805bb36cfb6046bd0fb8d0801977.jpg,BIODEGRADABLE
valid,valid,biodegradable971_jpg.rf.d91cef1baacaf253672c394aee11fc4b.jpg,BIODEGRADABLE
valid,valid,biodegradable975_jpg.rf.56507a4f2efa0122fb87f83e24cca9bf.jpg,BIODEGRADABLE
valid,valid,biodegradable981_jpg.rf.6fec11840a0a914b119f6a7c756297c7.jpg,BIODEGRADABLE
valid,train,biodegradable98_jpg.rf.f54eef9954e1d5c7d23707653769a097.jpg,BIODEGRADABLE
valid,train,biodegradable991_jpg.rf.6dd0a2e2ac789f6d02d6d3b3db916605.jpg,BIODEGRADABLE
valid,valid,biodegradable993_jpg.rf.e2cb2339b0cb3d580f5cdf109d3417d8.jpg,BIODEGRADABLE
valid,valid,biodegradable998_jpg.rf.1274e1ea7e7c54256631412fec61cf8c.jpg,BIODEGRADABLE
valid,valid,biodegradable99_jpg.rf.02c1400925bb50677ed80ec7ebc269af.jpg,BIODEGRADABLE
valid,train,biodegradable9_jpg.rf.4410551e74679bbf2c56e75858255d97.jpg,BIODEGRADABLE
valid,train,cardboard1006_jpg.rf.2860c37e51066e3c4d67ce2e9c26a0a8.jpg,CARDBOARD
valid,valid,cardboard1009_jpg.rf.260e98ae0cb0a2f863fb14e5f516d0ff.jpg,CARDBOARD
valid,train,cardboard100_jpg.rf.2b72e44b26830bb2793d024fcf872ea2.jpg,CARDBOARD
valid,train,cardboard1014_jpg.rf.0151b1013b2dd0624985ec956cfadef5.jpg,CARDBOARD
valid,valid,cardboard1017_jpg.rf.9a6cc06f12230f0d1002d84067ecbcb9.jpg,CARDBOARD
valid,train,cardboard1021_jpg.rf.052a1ffca8858c9bee926d98dc25d1a9.jpg,CARDBOARD
valid,valid,cardboard1038_jpg.rf.4b6e067ae0b0a61b182cb7ec467120ad.jpg,CARDBOARD
valid,train,cardboard1041_jpg.rf.b9b32b507604795f3307e397898dcdba.jpg,CARDBOARD
valid,train,cardboard1046_jpg.rf.8e40569bfbc46dc27925c78555090f98.jpg,CARDBOARD
valid,train,cardboard1049_jpg.rf.720932488063f89d59fd85d2132851a0.jpg,CARDBOARD
valid,train,cardboard1050_jpg.rf.4326a42f6030ce9c2185c05ddf0ea4f9.jpg,CARDBOARD
valid,valid,cardboard1053_jpg.rf.44465e0954a565d7d2e0e90f20746358.jpg,CARDBOARD
valid,train,cardboard1054_jpg.rf.6c9578d5c27604a172d9eaf4e1218969.jpg,CARDBOARD
valid,train,cardboard1055_jpg.rf.8df39f4d4d1cea9a875be2508245c1af.jpg,CARDBOARD
valid,valid,cardboard1056_jpg.rf.a20895b22d97987c6d676333440abe08.jpg,CARDBOARD
valid,valid,cardboard1058_jpg.rf.9ada5c64cf9a32339a052517226d367e.jpg,CARDBOARD
valid,train,cardboard1060_jpg.rf.2fdaa7eecf6c70446a92310bc20f56b3.jpg,CARDBOARD
valid,train,cardboard1070_jpg.rf.3a3cb17c421ada105a740e1d30431ff6.jpg,CARDBOARD
valid,train,cardboard1075_jpg.rf.bff1fe7a1c77c5ec0b2e2fd54036662f.jpg,CARDBOARD
valid,valid,cardboard1088_jpg.rf.c0f54119a9607dfd99d91b7173771206.jpg,CARDBOARD
valid,train,cardboard108_jpg.rf.a1d1e219f039a6ebfe9750ee57420a9c.jpg,CARDBOARD
valid,train,cardboard1095_jpg.rf.eea9aecacddd7b87e864a391dddf4970.jpg,CARDBOARD
valid,valid,cardboard1110_jpg.rf.7a951e9c5a6f88ca5dff911701fe4f49.jpg,CARDBOARD
valid,train,cardboard1112_jpg.rf.2ae63be2134133e581c0c3f04cd3835f.jpg,CARDBOARD
valid,train,cardboard1121_jpg.rf.253bbdc53624fec48df328190963daf6.jpg,CARDBOARD
valid,train,cardboard1128_jpg.rf.52eb508285648ddfe448c1f91d278d09.jpg,CARDBOARD
valid,train,cardboard1129_jpg.rf.c55fae92ad0a957ae1cc6ee8fb5bd94d.jpg,CARDBOARD
valid,train,cardboard1131_jpg.rf.463cc30d13b15a891deb96e78e294d99.jpg,CARDBOARD
valid,train,cardboard1137_jpg.rf.08ba6804222b6830559c70c6ce66362f.jpg,CARDBOARD
valid,valid,cardboard113_jpg.rf.b45164c279c019447a0608e615d1ebf8.jpg,CARDBOARD
valid,valid,cardboard1140_jpg.rf.45b40c05232c781e8ed38bc3169ff488.jpg,CARDBOARD
valid,train,cardboard1142_jpg.rf.76cf442507a64a7d05ac334590490066.jpg,CARDBOARD
valid,train,cardboard1146_jpg.rf.bc0750e059846759e6555c994e1b732e.jpg,CARDBOARD
valid,valid,cardboard1162_jpg.rf.45c42fcf59677c1cb4ff9b287f998ffe.jpg,CARDBOARD
valid,valid,cardboard1164_jpg.rf.32ac4bbf882ea7416a12a39c304f603d.jpg,CARDBOARD
valid,train,cardboard1174_jpg.rf.3d5fab5cc0093a5938fc71c87607ceda.jpg,CARDBOARD
valid,train,cardboard1181_jpg.rf.ef3973823dbc193354f621b74f131a5d.jpg,CARDBOARD
valid,train,cardboard1182_jpg.rf.d7aa462515e226736ca321cb9f4f5b80.jpg,CARDBOARD
valid,train,cardboard1184_jpg.rf.a3611e6c404b4235e31a904cac2ecf61.jpg,CARDBOARD
valid,train,cardboard1196_jpg.rf.b14d244086d83f9af7f9f58925043e42.jpg,CARDBOARD
valid,valid,cardboard1199_jpg.rf.7e25402a3eec56449bd5185226b16533.jpg,CARDBOARD
valid,train,cardboard119_jpg.rf.6d6e17c433d43d06c1d579d054c2d895.jpg,CARDBOARD
valid,train,cardboard1200_jpg.rf.92f53c5baa0588ff7e3f6440802055ad.jpg,CARDBOARD
valid,train,cardboard1211_jpg.rf.8f7ace8336412c36672c51315c6f95d8.jpg,CARDBOARD
valid,train,cardboard1218_jpg.rf.a7e35b3244dadd5ddc7f5f3dcbecfef1.jpg,CARDBOARD
valid,valid,cardboard1224_jpg.rf.844dec583a8cf4091c9f88f46eea337c.jpg,CARDBOARD
valid,train,cardboard1227_jpg.rf.db777b1aae3fcf6222f580d48d3b5cbe.jpg,CARDBOARD
valid,valid,cardboard1228_jpg.rf.0b5ef548ccb873fc32e5e69c854352f0.jpg,CARDBOARD
valid,valid,cardboard1232_jpg.rf.1d2be4418c683e13ed151936ae9339f0.jpg,CARDBOARD
valid,train,cardboard1236_jpg.rf.190c724b75cfc04df4f05671e6f80675.jpg,CARDBOARD
valid,train,cardboard1237_jpg.rf.b9e923c18828c6c99539ffe86b7e8017.jpg,CARDBOARD
valid,train,cardboard1239_jpg.rf.7b2fd228e55530b71c00f607d4e9907e.jpg,CARDBOARD
valid,valid,cardboard1240_jpg.rf.9990025b0dd2cf68a28e32567312a16d.jpg,CARDBOARD
valid,train,cardboard1250_jpg.rf.89457b2069df4f2406ac77602ca8b8ea.jpg,CARDBOARD
valid,train,cardboard1254_jpg.rf.0e65da290edd94ea28cf4087d80e3b30.jpg,CARDBOARD
valid,train,cardboard1258_jpg.rf.844ad5366fdf5787f1cbe2ee034dcf87.jpg,CARDBOARD
valid,valid,cardboard1271_jpg.rf.9c1f075f05347e2d02c57b16c730ca8c.jpg,CARDBOARD
valid,valid,cardboard1272_jpg.rf.359341b7ce97f0eb00f63dd23f354144.jpg,CARDBOARD
valid,valid,cardboard1276_jpg.rf.d7f92da1fac12044a2abaeb26c4f8668.jpg,CARDBOARD
valid,train,cardboard1277_jpg.rf.065da293f5bc1abc28735b54e3c10b3c.jpg,CARDBOARD
valid,train,cardboard1278_jpg.rf.3e57d35cd7fd098aa423edd95eace147.jpg,CARDBOARD
valid,valid,cardboard1279_jpg.rf.b2725838138141da022b58f94e9ddf78.jpg,CARDBOARD
valid,train,cardboard1282_jpg.rf.21b0db1aeecc99036006d13a5bba18ba.jpg,CARDBOARD
valid,train,cardboard1288_jpg.rf.142351427e85e75005387799541d6cb3.jpg,CARDBOARD
valid,train,cardboard1294_jpg.rf.0557bbca0ff96f07b679f62f436ba787.jpg,CARDBOARD
valid,train,cardboard1298_jpg.rf.88a9e8830ec776625fdc39be3d96344f.jpg,CARDBOARD
valid,train,cardboard1302_jpg.rf.fd83f7e84e4ffd2f0722bd790b053468.jpg,CARDBOARD
valid,valid,cardboard1314_jpg.rf.429f9552b7260495c297d756f0c2fab4.jpg,CARDBOARD
valid,train,cardboard1315_jpg.rf.857185bcd897ebb14f29e6fe78aacaba.jpg,CARDBOARD
valid,train,cardboard1322_jpg.rf.cf6a3b035f13f68b3cd73eff3c4640ba.jpg,CARDBOARD
valid,train,cardboard1325_jpg.rf.600d75dbcaaac5fa6ca0e33d8fbe2601.jpg,CARDBOARD
valid,valid,cardboard132_jpg.rf.60323d7e07cb994e8b003b39eba437e8.jpg,CARDBOARD
valid,train,cardboard1336_jpg.rf.3399cfd7ad2558419a855166343025b8.jpg,CARDBOARD
valid,valid,cardboard1338_jpg.rf.ba6703b016e0b3576cd27a8f2a77ce4f.jpg,CARDBOARD
valid,train,cardboard1342_jpg.rf.0d07a3a9ba733201eb7c883cc4bd9031.jpg,CARDBOARD
valid,valid,cardboard1343_jpg.rf.213e84bec709a7affbf5c171de455099.jpg,CARDBOARD
valid,train,cardboard1352_jpg.rf.334a21086a5cd3d36a8b8b60ebe75d48.jpg,CARDBOARD
valid,valid,cardboard1365_jpg.rf.a958bca812e464c16ca9976a7203113e.jpg,CARDBOARD
valid,train,cardboard1366_jpg.rf.d9db0f57e28e93e3782cb93a2233c5a8.jpg,CARDBOARD
valid,train,cardboard1367_jpg.rf.60ed83c4591123b551cf1747d5fd761f.jpg,CARDBOARD
valid,train,cardboard1369_jpg.rf.42fd260c87f8993967f3f4b059a6700e.jpg,CARDBOARD
valid,train,cardboard136_jpg.rf.46b5850ed50f0d755a100aba56d9e360.jpg,CARDBOARD
valid,valid,cardboard1371_jpg.rf.1d64c33053e70376ab6ed24681db9c44.jpg,CARDBOARD
valid,train,cardboard1373_jpg.rf.d05d42531e044ec569741e5dc4232bfc.jpg,CARDBOARD
valid,train,cardboard1374_jpg.rf.e6dbc4cfa48f8ca9350131d538a09ea9.jpg,CARDBOARD
valid,valid,cardboard1393_jpg.rf.1e1841814157041e460f14279dc1a351.jpg,CARDBOARD
valid,train,cardboard1396_jpg.rf.2241478aec6dd3a2f892f41f9d9d88ac.jpg,CARDBOARD
valid,valid,cardboard139_jpg.rf.a1a3593d34ec15d2478b68b4fbead2c4.jpg,CARDBOARD
valid,valid,cardboard1406_jpg.rf.6fb3d2ac65cd8d62f79823172cc9c02a.jpg,CARDBOARD
valid,train,cardboard1409_jpg.rf.9908636b7aec82e9bd7789a5e3a33aad.jpg,CARDBOARD
valid,train,cardboard1410_jpg.rf.ad99cb57ccc01ae0f88f836b7d64972e.jpg,CARDBOARD
valid,valid,cardboard1414_jpg.rf.25bd89fa26d644424e81ce468124be2b.jpg,CARDBOARD
valid,train,cardboard1415_jpg.rf.1b23d6ce28b446590a4f57e6bbbab315.jpg,CARDBOARD
valid,train,cardboard1424_jpg.rf.8cd358d2a056533b865ebade47be4ef2.jpg,CARDBOARD
valid,valid,cardboard1425_jpg.rf.80cc9f9310975640c8171b2562ffbd9e.jpg,CARDBOARD
valid,valid,cardboard1434_jpg.rf.30ef718b239fe9f18c03288aca0f4930.jpg,CARDBOARD
valid,train,cardboard1439_jpg.rf.354e89b1ca1dd616ed0a97cdd8716577.jpg,CARDBOARD
valid,valid,cardboard1446_jpg.rf.f7a3a1e9d8efa5245f7d5f1e01fb2274.jpg,CARDBOARD
valid,valid,cardboard1449_jpg.rf.251d2d8d7680e73a860193f264964e50.jpg,CARDBOARD
valid,train,cardboard1453_jpg.rf.6ff2381810a078c58f5e90869a2bf6b7.jpg,CARDBOARD
valid,train,cardboard1462_jpg.rf.49fc4732e59194af9d2bef9c26d9480f.jpg,CARDBOARD
valid,train,cardboard1464_jpg.rf.b9580aee67c56765456e48832e22751d.jpg,CARDBOARD
valid,train,cardboard1467_jpg.rf.01fdc1a5801b0e246aaf87d3ba34b43f.jpg,CARDBOARD
valid,train,cardboard146_jpg.rf.89518ba8c2ae36104a9911f0b2f5756f.jpg,CARDBOARD
valid,train,cardboard1470_jpg.rf.ab57f1899b9122b822bd47ea14f40961.jpg,CARDBOARD
valid,train,cardboard1480_jpg.rf.549ad5b0d4d0f319dcae82b3a5854642.jpg,CARDBOARD
valid,valid,cardboard1481_jpg.rf.287e40a6731aa7f23752ad6b46a9a400.jpg,CARDBOARD
valid,train,cardboard1489_jpg.rf.3e730d34f709a2319150ac91e036ace6.jpg,CARDBOARD
valid,valid,cardboard1491_jpg.rf.0e1f7db9dcb4cf1745a8a38e989fa3e6.jpg,CARDBOARD
valid,train,cardboard1496_jpg.rf.2dec55266982194a53f3e248733b3795.jpg,CARDBOARD
valid,valid,cardboard1500_jpg.rf.173b3cc966f0bd985de09bfdee27eae1.jpg,CARDBOARD
valid,train,cardboard1504_jpg.rf.6e7ec3a21c833c6b1bf1bc3b70753d9d.jpg,CARDBOARD
valid,valid,cardboard1514_jpg.rf.2c43e52fcc4077bd253aca749d4a04ab.jpg,CARDBOARD
valid,train,cardboard1521_jpg.rf.71ceecdd8a7d0820fa26470e4836de89.jpg,CARDBOARD
valid,train,cardboard1531_jpg.rf.9176b5d66405994aa3add93a17c669ef.jpg,CARDBOARD
valid,train,cardboard1532_jpg.rf.53d3008699b1418a09b0f5652704c1a1.jpg,CARDBOARD
valid,valid,cardboard1536_jpg.rf.8f91794f27f45df1d45567126e4b4ff6.jpg,CARDBOARD
valid,train,cardboard1537_jpg.rf.7dc172d5f9b1a0f3db3457a54063feda.jpg,CARDBOARD
valid,train,cardboard153_jpg.rf.4c2e667d204944cbdb2e88dddc24bf41.jpg,CARDBOARD
valid,valid,cardboard1544_jpg.rf.2c6b32fc38a88e33de10ced83fb44d88.jpg,CARDBOARD
valid,train,cardboard1546_jpg.rf.307d98976bf3db7bfa5d236cabc76fed.jpg,CARDBOARD
valid,train,cardboard1547_jpg.rf.cb7177aebe6d5ff602e4b64e219dbfc2.jpg,CARDBOARD
valid,train,cardboard1553_jpg.rf.64b54a551000580c00b821c8746b4de3.jpg,CARDBOARD
valid,train,cardboard1556_jpg.rf.99daede1d1eb0864d8059917a563e41d.jpg,CARDBOARD
valid,train,cardboard1560_jpg.rf.c5e03cf0fe82d7c453e3942f2d708389.jpg,CARDBOARD
valid,valid,cardboard1575_jpg.rf.ae754e435c653ec8c465f7bf7302f652.jpg,CARDBOARD
valid,train,cardboard1587_jpg.rf.8953eda07fba6e80334bbe9864cb3772.jpg,CARDBOARD
valid,train,cardboard1605_jpg.rf.390827d17d62250741435813ee22e410.jpg,CARDBOARD
valid,train,cardboard1607_jpg.rf.d5d3306c200d711680bb6362d8dbae3c.jpg,CARDBOARD
valid,train,cardboard1612_jpg.rf.a5a9066b772a0c41d9fa15dd65e97e27.jpg,CARDBOARD
valid,train,cardboard1614_jpg.rf.2ab90049eaee05615c0e09d51f6ea479.jpg,CARDBOARD
valid,train,cardboard1615_jpg.rf.7bf08e50921fc2333c60145a64562b73.jpg,CARDBOARD
valid,valid,cardboard1623_jpg.rf.4ffd9f2c96be3be2f46766ed62cbcc72.jpg,CARDBOARD
valid,train,cardboard1625_jpg.rf.b88cb663d706008ed252670b13122df9.jpg,CARDBOARD
valid,train,cardboard1626_jpg.rf.439a461246933a22c92b4951885f35f2.jpg,CARDBOARD
valid,train,cardboard1638_jpg.rf.ea4a379dad46c79e46a9664c5911e82f.jpg,CARDBOARD
valid,train,cardboard163_jpg.rf.9736c64997c8b3b07754caa0ab25bf71.jpg,CARDBOARD
valid,valid,cardboard1654_jpg.rf.42d177bfe209220b906e9b700715d76f.jpg,CARDBOARD
valid,train,cardboard1661_jpg.rf.e4f0d64f6a3477704489c68f6efd4a5d.jpg,CARDBOARD
valid,valid,cardboard1662_jpg.rf.c8dd5a28f8d5adc25c504caf38bfdebe.jpg,CARDBOARD
valid,train,cardboard1665_jpg.rf.710db5b290cb45557a25d38ce557931e.jpg,CARDBOARD
valid,train,cardboard166_jpg.rf.975428b854181d23f65e695c86cdccbb.jpg,CARDBOARD
valid,train,cardboard1672_jpg.rf.2b834f279e8e9a6ffc47f4cd630ac019.jpg,CARDBOARD
valid,train,cardboard1679_jpg.rf.e1781a7ca80c08f41c4eb6602dd26b7c.jpg,CARDBOARD
valid,train,cardboard1686_jpg.rf.843ec24ae4f067caea16da73c7e49b13.jpg,CARDBOARD
valid,train,cardboard1694_jpg.rf.e689319cf98a103decd09d1cae85fc4a.jpg,CARDBOARD
valid,train,cardboard1697_jpg.rf.607f15751c6afc4530dd8129e8683710.jpg,CARDBOARD
valid,train,cardboard1698_jpg.rf.42d3ba2496e17e26d4837cb61a39ec3b.jpg,CARDBOARD
valid,train,cardboard16_jpg.rf.a10237df840ec4b46e880b81b9d770e1.jpg,CARDBOARD
valid,train,cardboard1700_jpg.rf.3400ea57abd05fcb58a95f95c0f2d4f2.jpg,CARDBOARD
valid,train,cardboard1701_jpg.rf.968030bee381869b19687855be9238b7.jpg,CARDBOARD
valid,valid,cardboard1702_jpg.rf.faad822ea21d42c8baed6f2ba0e02090.jpg,CARDBOARD
valid,train,cardboard1715_jpg.rf.5e4dfe343c4b29eef12d5842d9b1eb1c.jpg,CARDBOARD
valid,valid,cardboard1743_jpg.rf.3f9663ad3927dee2a8c4f1d501332903.jpg,CARDBOARD
valid,train,cardboard1749_jpg.rf.a0d6dd97f73d2e06c8f62819d381edeb.jpg,CARDBOARD
valid,train,cardboard1771_jpg.rf.64b9dc84ef7f040d455c40214c454dc4.jpg,CARDBOARD
valid,valid,cardboard1773_jpg.rf.f94d310f44f9d27060bc2815760da74b.jpg,CARDBOARD
valid,train,cardboard1777_jpg.rf.43099d85a1c2b6eb483ed78eedd64bd8.jpg,CARDBOARD
valid,train,cardboard1781_jpg.rf.61a2439a2013974a1c4e6057d96a3979.jpg,CARDBOARD
valid,valid,cardboard1782_jpg.rf.d9108baac80fdb28f4334e49465ff0b1.jpg,CARDBOARD
valid,train,cardboard1798_jpg.rf.b52469d203d6fa79de409b072893db3e.jpg,CARDBOARD
valid,train,cardboard179_jpg.rf.4d875bbc5bba4b7985df37630f2c1d9f.jpg,CARDBOARD
valid,train,cardboard1816_jpg.rf.a148308440fc6e590ce8377281c8a4b0.jpg,CARDBOARD
valid,train,cardboard1824_jpg.rf.08193105475ebb8a9f17d741ceb32e26.jpg,CARDBOARD
valid,train,cardboard1840_jpg.rf.7e3441db24481ba628e07d3951908299.jpg,CARDBOARD
valid,train,cardboard1845_jpg.rf.3cc26d9371d586655a9b756427a06530.jpg,CARDBOARD
valid,train,cardboard1848_jpg.rf.c0e3ce989ab83a4f17ec8ae5480a0dcf.jpg,CARDBOARD
valid,train,cardboard1849_jpg.rf.282546adb52e6eb61f55ed73ef4e0fc6.jpg,CARDBOARD
valid,train,cardboard1856_jpg.rf.a186e23dca389106a9e7fdd5ba9d827c.jpg,CARDBOARD
valid,train,cardboard1860_jpg.rf.6eb618a2ed05dd8c8e016195c903c5f3.jpg,CARDBOARD
valid,train,cardboard1863_jpg.rf.b1fcea0fe87da443eb978e70f7c62ad1.jpg,CARDBOARD
valid,train,cardboard211_jpg.rf.4066e1ed38289dbc129033a8d4dfe23c.jpg,CARDBOARD
valid,train,cardboard226_jpg.rf.e60d46cf093bcd461364502a9f88aba5.jpg,CARDBOARD
valid,train,cardboard229_jpg.rf.e6344c49151b84e59c8beade73972697.jpg,CARDBOARD
valid,valid,cardboard238_jpg.rf.8984fcb08022c62a0f4294cb7f298c7d.jpg,CARDBOARD
valid,valid,cardboard239_jpg.rf.4bed386acd6ce829daa73605969c7bc0.jpg,CARDBOARD
valid,train,cardboard241_jpg.rf.bd603638df5245263f18a2faa4049310.jpg,CARDBOARD
valid,train,cardboard248_jpg.rf.da611ebc3f5850b0e22549a3578afaf2.jpg,CARDBOARD
valid,valid,cardboard249_jpg.rf.c4c8fd5f2de89195b4091edab64c4037.jpg,CARDBOARD
valid,train,cardboard24_jpg.rf.c90d823cd39c13d58174656708391758.jpg,CARDBOARD
valid,train,cardboard251_jpg.rf.3e27cc2c84dfd8fc7e6e5f9839e04523.jpg,CARDBOARD
valid,valid,cardboard25_jpg.rf.21e44e102b66c693819c8a45dc43ff0c.jpg,CARDBOARD
valid,train,cardboard266_jpg.rf.e206482d8a203411987975812a7ab3c4.jpg,CARDBOARD
valid,train,cardboard275_jpg.rf.439da53b461e9c050935b0712bf82dca.jpg,CARDBOARD
valid,valid,cardboard278_jpg.rf.e655ec6d0d446b2a12f07c17d919844f.jpg,CARDBOARD
valid,valid,cardboard281_jpg.rf.617a76ac8380183008774f1eeecce7b0.jpg,CARDBOARD
valid,train,cardboard291_jpg.rf.54d87480fa02d1b5cd5dd268456a9210.jpg,CARDBOARD
valid,train,cardboard292_jpg.rf.a3421bb01820e80866f18cf2e516150e.jpg,CARDBOARD
valid,valid,cardboard293_jpg.rf.d4573a00eaa5634c723d2213db677e67.jpg,CARDBOARD
valid,train,cardboard295_jpg.rf.b59d9ddf1c367ed1cf5d985bc4990cbe.jpg,CARDBOARD
valid,train,cardboard297_jpg.rf.0e2b92ed3cafa696fa90c57fc0823e77.jpg,CARDBOARD
valid,train,cardboard303_jpg.rf.90a882bd49db0216bb17f3b492202a13.jpg,CARDBOARD
valid,train,cardboard310_jpg.rf.cf32f17010bf1d442bbb8ffba602996b.jpg,CARDBOARD
valid,train,cardboard314_jpg.rf.b2d6a94e995f0bbd3fef634334e79f86.jpg,CARDBOARD
valid,train,cardboard320_jpg.rf.326fb8dfb0d8a779c5b7e05b1522119e.jpg,CARDBOARD
valid,train,cardboard321_jpg.rf.0933d98e120c7db761ca6db4f595ca4e.jpg,CARDBOARD
valid,train,cardboard324_jpg.rf.c962e6339aaaf8d5492e01fb614c27e9.jpg,CARDBOARD
valid,train,cardboard335_jpg.rf.db0ddd5eb30092710a656e2bf9f10877.jpg,CARDBOARD
valid,train,cardboard337_jpg.rf.2ff1736730324f20f3a7886b811915ae.jpg,CARDBOARD
valid,train,cardboard343_jpg.rf.a7e57428a7730f008c224e7c47518511.jpg,CARDBOARD
valid,train,cardboard350_jpg.rf.3357d13cbdce628a2cd8e13a47d0743a.jpg,CARDBOARD
valid,valid,cardboard352_jpg.rf.40059a2d9ff8dadb79dcb7c71cac5083.jpg,CARDBOARD
valid,valid,cardboard367_jpg.rf.6a7f765b013a5a8a7003f55c23445dea.jpg,CARDBOARD
valid,valid,cardboard370_jpg.rf.b82db39bc2175172e2dbfc83253ca144.jpg,CARDBOARD
valid,valid,cardboard384_jpg.rf.fb84d9bf51ef12c548d98c22ddd5e28e.jpg,CARDBOARD
valid,train,cardboard388_jpg.rf.1dce1dfcf185bb2000b60a5b72ec01de.jpg,CARDBOARD
valid,train,cardboard398_jpg.rf.69122bbbb9bf7b5d579d7d934a6a8ec9.jpg,CARDBOARD
valid,train,cardboard405_jpg.rf.7ffc335c09d475b924da17f73b31bb80.jpg,CARDBOARD
valid,valid,cardboard41_jpg.rf.0a7f97dd83d148b2bbe1655e16898e6f.jpg,CARDBOARD
valid,train,cardboard429_jpg.rf.96281286b83e2d8931201498ba04a3a0.jpg,CARDBOARD
valid,valid,cardboard432_jpg.rf.90524c2ac37959deb7a0f74cdcbfb341.jpg,CARDBOARD
valid,train,cardboard435_jpg.rf.c1145ef0184dbf8b27e92d8daafaf0b4.jpg,CARDBOARD
valid,valid,cardboard441_jpg.rf.b07d2e7532ce7130fb77d07b6bddc3c1.jpg,CARDBOARD
valid,train,cardboard459_jpg.rf.a7247d25e268cf9c764dc312da4d0041.jpg,CARDBOARD
valid,train,cardboard46_jpg.rf.2bd8424ca2b3760f7b9ded2e32661869.jpg,CARDBOARD
valid,valid,cardboard493_jpg.rf.51c4a88d1e424d37692a0ea8ccfab80b.jpg,CARDBOARD
valid,train,cardboard503_jpg.rf.f928a8f4512b47803cfd52435ffffce7.jpg,CARDBOARD
valid,train,cardboard517_jpg.rf.e9867c227689f79ef8d1785b6dfbb936.jpg,CARDBOARD
valid,train,cardboard520_jpg.rf.7ecb7779f5751c039257b3681fba9a86.jpg,CARDBOARD
valid,train,cardboard524_jpg.rf.0c9360b6024b49fdc506514a4329f84e.jpg,CARDBOARD
valid,train,cardboard530_jpg.rf.985c5874cbf41d76bf0df062ad8ed083.jpg,CARDBOARD
valid,train,cardboard540_jpg.rf.7e659c3f6ba592c5518b2c00f76f9b1c.jpg,CARDBOARD
valid,train,cardboard545_jpg.rf.53a45aa1af9c529f33f30a9874cb8f77.jpg,CARDBOARD
valid,valid,cardboard551_jpg.rf.66b39c0cd9127ae835cfe884b1238e11.jpg,CARDBOARD
valid,train,cardboard575_jpg.rf.dd4f3707dc0169e459328b9f8761ae64.jpg,CARDBOARD
valid,train,cardboard578_jpg.rf.fd0293a698084d6150ad5f7b8f6df823.jpg,CARDBOARD
valid,train,cardboard588_jpg.rf.5b896877226ead8099037939e027d607.jpg,CARDBOARD
valid,valid,cardboard608_jpg.rf.2fe299e22eaad743c57afc0d32547e4f.jpg,CARDBOARD
valid,train,cardboard612_jpg.rf.09f5ab0cdb65e19b881bd4dd0ef124e5.jpg,CARDBOARD
valid,train,cardboard613_jpg.rf.359053e4e279d56d5ccf99d1fdc0b2ac.jpg,CARDBOARD
valid,train,cardboard615_jpg.rf.e31eef30b269a04ffc0a9716105189d7.jpg,CARDBOARD
valid,train,cardboard622_jpg.rf.38784bd810604b0cc29476f2adc32b0e.jpg,CARDBOARD
valid,train,cardboard631_jpg.rf.95db96961ede076284a007387a84bbf9.jpg,CARDBOARD
valid,train,cardboard633_jpg.rf.269f1d632ad473805bd70a82aab821c8.jpg,CARDBOARD
valid,valid,cardboard634_jpg.rf.b83acdc034b143667f76efb2c792f824.jpg,CARDBOARD
valid,train,cardboard659_jpg.rf.3ff93c5a537d50b79e28c99401182e42.jpg,CARDBOARD
valid,train,cardboard662_jpg.rf.b2a1e390ac1eb8c40ec910fe7298d254.jpg,CARDBOARD
valid,train,cardboard666_jpg.rf.39a6a11faabceea7f83160b748729ae6.jpg,CARDBOARD
valid,train,cardboard673_jpg.rf.885f882f53aabc90d11801a2fc5430a2.jpg,CARDBOARD
valid,valid,cardboard680_jpg.rf.4af54dfe53e386487ca3aed7c8f8410b.jpg,CARDBOARD
valid,train,cardboard684_jpg.rf.64544d1870f4237365ea02ef5a60312b.jpg,CARDBOARD
valid,train,cardboard687_jpg.rf.7eb0605bd93ddd33d52301fa641a42b1.jpg,CARDBOARD
valid,train,cardboard68_jpg.rf.ab89f9959946c263955dc49d02831e53.jpg,CARDBOARD
valid,train,cardboard690_jpg.rf.2f71fdc8cd2d5380a15eb43b8b9065fc.jpg,CARDBOARD
valid,valid,cardboard697_jpg.rf.d56f6d8f8516d0a2827fc5565e4d0378.jpg,CARDBOARD
valid,train,cardboard698_jpg.rf.56b006de88a06a65eb181c0959ae0593.jpg,CARDBOARD
valid,valid,cardboard702_jpg.rf.63d3fa743f265c788ff4226a9b028442.jpg,CARDBOARD
valid,valid,cardboard708_jpg.rf.fedb4df52d4dac557bda4f9946f1b408.jpg,CARDBOARD
valid,train,cardboard713_jpg.rf.99190fd9d6225e5213d172818a060699.jpg,CARDBOARD
valid,valid,cardboard717_jpg.rf.93a6918f98c932edd97ef310113c08b8.jpg,CARDBOARD
valid,train,cardboard735_jpg.rf.2e728f208b405bdcbb8071a0c294c499.jpg,CARDBOARD
valid,train,cardboard738_jpg.rf.9da7e8e85b60588faa3746560bb1b7dd.jpg,CARDBOARD
valid,train,cardboard746_jpg.rf.327bc587494bfc9e48795684570da1b6.jpg,CARDBOARD
valid,train,cardboard747_jpg.rf.bc165e1def44347c23466ec2b93f515b.jpg,CARDBOARD
valid,train,cardboard749_jpg.rf.1e7a5d8babc5b28f562b97240fdc9f16.jpg,CARDBOARD
valid,train,cardboard754_jpg.rf.771c7bdc58a2566e8dee07bc6997a621.jpg,CARDBOARD
valid,train,cardboard756_jpg.rf.8764bcc042bfec65d62614b9cfde9536.jpg,CARDBOARD
valid,train,cardboard75_jpg.rf.5e3c4c88760dd64d35985bc94401bbc6.jpg,CARDBOARD
valid,train,cardboard763_jpg.rf.a27480b97338fd27651c2f735537792a.jpg,CARDBOARD
valid,train,cardboard766_jpg.rf.f2a9fb8a67cb7333197430a91e5038b9.jpg,CARDBOARD
valid,valid,cardboard767_jpg.rf.7ed1b216749018884d4a91e3b58bb516.jpg,CARDBOARD
valid,train,cardboard780_jpg.rf.f4921d0f05f2ba4350f63d61297482ef.jpg,CARDBOARD
valid,valid,cardboard782_jpg.rf.3c71f0162afef9932ba3346a94925acc.jpg,CARDBOARD
valid,train,cardboard785_jpg.rf.9ce43a82b64e1362bf954605cb86a6e4.jpg,CARDBOARD
valid,valid,cardboard791_jpg.rf.3411ac00146ab4ae45c7819a3efbd1ce.jpg,CARDBOARD
valid,valid,cardboard794_jpg.rf.12975be158a2338f37520e9b8069f3fc.jpg,CARDBOARD
valid,valid,cardboard799_jpg.rf.f21828cb1faf68f0f2cf79e39df1c632.jpg,CARDBOARD
valid,train,cardboard800_jpg.rf.9867968976c0e752c4476bbf5a714deb.jpg,CARDBOARD
valid,valid,cardboard801_jpg.rf.4bbcda126a623de29835310e119979e2.jpg,CARDBOARD
valid,train,cardboard804_jpg.rf.80d335bea13e666d0d36c0f5f008c02f.jpg,CARDBOARD
valid,train,cardboard805_jpg.rf.370bd38ed93ce6b7c4a17009f2226f97.jpg,CARDBOARD
valid,train,cardboard809_jpg.rf.72edc92066883d83d64d7ff7e4663c51.jpg,CARDBOARD
valid,valid,cardboard814_jpg.rf.a7f022fc14dfc7ecd7adbe04327b8281.jpg,CARDBOARD
valid,train,cardboard815_jpg.rf.05b9613d974e77fff804a217a8aea1a8.jpg,CARDBOARD
valid,train,cardboard822_jpg.rf.9693adb1705d6a301a174bdec0cc91f2.jpg,CARDBOARD
valid,valid,cardboard82_jpg.rf.2c1bf1c8097aa48016fcd9c35b3ca500.jpg,CARDBOARD
valid,train,cardboard832_jpg.rf.c297b1ea0f06c3d012dbeafde5bc6c5d.jpg,CARDBOARD
valid,train,cardboard833_jpg.rf.0b864c23944eef7e5e027f9cb1e25056.jpg,CARDBOARD
valid,valid,cardboard839_jpg.rf.95c9590fca3d844b4341ea5d8f292de8.jpg,CARDBOARD
valid,train,cardboard845_jpg.rf.1034c2b86d83fb711093bdceba406ae6.jpg,CARDBOARD
valid,train,cardboard848_jpg.rf.8d709339316b8fc307a45b27f214cca0.jpg,CARDBOARD
valid,train,cardboard859_jpg.rf.6642f6d753c07ef41beb3f85faed4c08.jpg,CARDBOARD
valid,train,cardboard860_jpg.rf.86c6e7cbd85ef3820c503db2f7b85568.jpg,CARDBOARD
valid,train,cardboard886_jpg.rf.ba1c7eb084cb4c06de1bc332181735a7.jpg,CARDBOARD
valid,train,cardboard892_jpg.rf.8eaa3e2b100be8aa108bb0e03d7b7fd6.jpg,CARDBOARD
valid,valid,cardboard893_jpg.rf.7a572bfa15b523f4edd3cc0f933422e0.jpg,CARDBOARD
valid,train,cardboard90_jpg.rf.e8589246ba0cd6d3d563b79ee60295d5.jpg,CARDBOARD
valid,train,cardboard938_jpg.rf.91825127fd6bc6b68fff1d6589e5e89b.jpg,CARDBOARD
valid,valid,glass1000_jpg.rf.005b3d9f7be819542d1aeaf5eab929ab.jpg,GLASS
valid,valid,glass1004_jpg.rf.ae8478c2d380c52b0ec29953494217a0.jpg,GLASS
valid,train,glass1005_jpg.rf.ed80194566048fd26e7d4610bc8a794a.jpg,GLASS
valid,train,glass1008_jpg.rf.fa237f7ad2c81315fd5fefac2e74f0c8.jpg,GLASS
valid,train,glass1009_jpg.rf.db2a5a1f13630650f7e46505f4277aa2.jpg,GLASS
valid,train,glass1018_jpg.rf.f400ab48ce968d4d362039cc2c3ce645.jpg,GLASS
valid,valid,glass1021_jpg.rf.c1ee1f84b4896aecd9d1afb5279f01eb.jpg,GLASS
valid,valid,glass1023_jpg.rf.94f382cf475a73181763da0baf579cc1.jpg,GLASS
valid,valid,glass1033_jpg.rf.43a10bcde02b82002214e9772cc94a8f.jpg,GLASS
valid,train,glass1044_jpg.rf.68b7fee59a51553c959e7a92f64b8608.jpg,GLASS
valid,train,glass1048_jpg.rf.126c85df287fa548f1cd4d1fcece0c0e.jpg,GLASS
valid,valid,glass1054_jpg.rf.3d7f89effed87a922bd431518590d69d.jpg,GLASS
valid,train,glass1057_jpg.rf.72e18733de893770e763907dfcefe838.jpg,GLASS
valid,valid,glass1061_jpg.rf.8db70d3b4f4c5c4b81418ae1cc4e835b.jpg,GLASS
valid,valid,glass1070_jpg.rf.8312504c9c58dc3c50d3ecbaba1e0148.jpg,GLASS
valid,train,glass1089_jpg.rf.3819e7827aab9f3c0026389170dfeb57.jpg,GLASS
valid,train,glass1091_jpg.rf.bd240afaadc8643e0018a73c54d98ff8.jpg,GLASS
valid,train,glass1092_jpg.rf.b41b44eceee582007d3680cad1fce553.jpg,GLASS
valid,train,glass109_jpg.rf.77c33e40ff2e98275e95e2037be37498.jpg,GLASS
valid,train,glass1104_jpg.rf.eb6365984e7fdb869a41f67d098dfdda.jpg,GLASS
valid,train,glass1105_jpg.rf.15b1bbe7e334d70a03ecc7e13f61fb7d.jpg,GLASS
valid,valid,glass1114_jpg.rf.d0682e79823f881eccefcd9c60ecff2f.jpg,GLASS
valid,train,glass1118_jpg.rf.aca53e6edd94bed7425a19bb22523b57.jpg,GLASS
valid,train,glass1121_jpg.rf.3d35add347a48747f34a1d4aca565dd0.jpg,GLASS
valid,valid,glass1124_jpg.rf.433705ae9e9ecfd4d6953734527cf4eb.jpg,GLASS
valid,train,glass1129_jpg.rf.df6d76d56e2086827352bdf932ad075b.jpg,GLASS
valid,train,glass112_jpg.rf.cc83f214fabb00b2aaef5007baaabdb5.jpg,GLASS
valid,train,glass1131_jpg.rf.585783e15e1e41b97aec4de85fe8f4ba.jpg,GLASS
valid,train,glass113_jpg.rf.6dc7ada27e2cedf577ca119ec9caeb15.jpg,GLASS
valid,train,glass1141_jpg.rf.db3d6c8bf855f10e170df99808efce52.jpg,GLASS
valid,train,glass1150_jpg.rf.5f2ff7593fff808ec2d292ab43efaa0f.jpg,GLASS
valid,train,glass1159_jpg.rf.25f7eb63ff607651eae3e21c272a2488.jpg,GLASS
valid,valid,glass1164_jpg.rf.9fe4b2256906333927755599cea5eb6a.jpg,GLASS
valid,train,glass1168_jpg.rf.42d3c9567eba53f24d3aa0f90e9a651a.jpg,GLASS
valid,train,glass1171_jpg.rf.243f1dfbe896adb92a668240757cf3c6.jpg,GLASS
valid,train,glass1178_jpg.rf.bcc4e681111207f1f6619b958a6782f0.jpg,GLASS
valid,train,glass1182_jpg.rf.f0ac7c69f42677ff794c2d33da9dc271.jpg,GLASS
valid,valid,glass1186_jpg.rf.703f1f01289df3de0020e7c59209b48f.jpg,GLASS
valid,valid,glass1188_jpg.rf.af538692b28609aa11c09947266ccadf.jpg,GLASS
valid,train,glass1191_jpg.rf.a57e9c30564cb7ffb35456d1f8ed6992.jpg,GLASS
valid,train,glass1197_jpg.rf.312e1dfcc1fa05deacf475fd229d42b0.jpg,GLASS
valid,train,glass1198_jpg.rf.a42b016d519a4704b42b4f0994f039ce.jpg,GLASS
valid,train,glass1200_jpg.rf.44a3085943bae7e39d2023e10e87307e.jpg,GLASS
valid,valid,glass1208_jpg.rf.326db5d566ef405efe5f8b8c5f1d28ee.jpg,GLASS
valid,train,glass120_jpg.rf.544c1129090fcabc74c80dde58d1e2aa.jpg,GLASS
valid,train,glass1219_jpg.rf.ae19231db298db6256fde3e2185daeba.jpg,GLASS
valid,train,glass1220_jpg.rf.e8e3603603404c336321fe08cf1b27bb.jpg,GLASS
valid,train,glass1222_jpg.rf.ccd995f05382868702a220eeea9342f1.jpg,GLASS
valid,train,glass1231_jpg.rf.0c5d6768aa7e07667bfc00b15a4e0652.jpg,GLASS
valid,train,glass1237_jpg.rf.046ccd1c00a33cdba9261428f0bc0a18.jpg,GLASS
valid,train,glass1240_jpg.rf.7c88df0be182fcdb82ad771b3a2f91cf.jpg,GLASS
valid,train,glass1243_jpg.rf.97472277b3b99468dfe5b3dc0b50c94b.jpg,GLASS
valid,valid,glass1245_jpg.rf.33e8efb1d62b71f1ca7b5e7aa5a91be5.jpg,GLASS
valid,train,glass1248_jpg.rf.975a22aeb91fcc5cab2c8981af281ff9.jpg,GLASS
valid,train,glass1249_jpg.rf.57e79c6a6601877fc404ad62558ae6dc.jpg,GLASS
valid,train,glass1250_jpg.rf.3cbd7be000473f9fc901461e62a3f6ed.jpg,GLASS
valid,train,glass1251_jpg.rf.7c05dd363edb133bfe369ab5fb5d3a31.jpg,GLASS
valid,train,glass1257_jpg.rf.c39122c5b1272284abaf67ca2fd73bc3.jpg,GLASS
valid,valid,glass125_jpg.rf.9591226c8e6cfdbbc5e79c54389f048e.jpg,GLASS
valid,valid,glass1260_jpg.rf.c54fdbb8086a9f75e4345a38c46437be.jpg,GLASS
valid,train,glass1270_jpg.rf.aca0be8b280e8f303643d44c02aedec8.jpg,GLASS
valid,train,glass1275_jpg.rf.a4489d1ce4ff9f535df02308b912af24.jpg,GLASS
valid,valid,glass1276_jpg.rf.9d01e6e84b2d7328fe60ef010d7c553f.jpg,GLASS
valid,train,glass1279_jpg.rf.842fdf53ca68c64b1908cd3a22b176db.jpg,GLASS
valid,valid,glass127_jpg.rf.912b17c0a4f9cf5ded961af910473de1.jpg,GLASS
valid,train,glass1286_jpg.rf.14c278ebc834a31039acaec55b153946.jpg,GLASS
valid,valid,glass1289_jpg.rf.c923b008b05c2ecf5958fd8a2416e1f1.jpg,GLASS
valid,valid,glass128_jpg.rf.f83819911749ad76a28c4bfc58f69e8a.jpg,GLASS
valid,train,glass1290_jpg.rf.6f0d594823df60eb8bf83b1c2acbf274.jpg,GLASS
valid,valid,glass1291_jpg.rf.d22341ed793d75634d699e533c2a2fca.jpg,GLASS
valid,valid,glass1294_jpg.rf.615db0f2e56bcf58e7cf4a95aedfb2e4.jpg,GLASS
valid,valid,glass1295_jpg.rf.d4094de5a4118c345025263b67ee0a13.jpg,GLASS
valid,train,glass1296_jpg.rf.78fb03240d8a133e1bb64cd752fffdff.jpg,GLASS
valid,train,glass1298_jpg.rf.ec0197aeba305dea4b79e050bbe0dc3d.jpg,GLASS
valid,train,glass1303_jpg.rf.fd16ff54e3cddb752f58c4000bff1abd.jpg,GLASS
valid,train,glass1304_jpg.rf.03ce36a75a61850da23c0d2f9858eb11.jpg,GLASS
valid,train,glass1306_jpg.rf.ef5a04ecc4cfe8aef63006f6b7a03a04.jpg,GLASS
valid,valid,glass1312_jpg.rf.5cd742f64ccd980d0280e3849196a23a.jpg,GLASS
valid,train,glass1325_jpg.rf.67fed42e88fe9fa8cad54dd9232eb14c.jpg,GLASS
valid,train,glass1329_jpg.rf.03ad507e5495a5bfc8e5505e95697430.jpg,GLASS
valid,train,glass1336_jpg.rf.0795b519e537fa7aa914a6602029ba2e.jpg,GLASS
valid,train,glass1337_jpg.rf.48be17bab5227939eb195c51be854c36.jpg,GLASS
valid,train,glass133_jpg.rf.a15f7862ddc5c5da8a3a71c4f4ff0204.jpg,GLASS
valid,train,glass1341_jpg.rf.567ece8fc0d2cb26298c8f16cacb1a51.jpg,GLASS
valid,train,glass1346_jpg.rf.5dba4eea7026398762b75ea6bd410dab.jpg,GLASS
valid,train,glass1352_jpg.rf.7917dd826945790e982e13df3d2dfe67.jpg,GLASS
valid,train,glass1355_jpg.rf.28be300bf70b27dc216a4806caf6fedd.jpg,GLASS
valid,train,glass1357_jpg.rf.5039be0d621423281e86209180e53fe2.jpg,GLASS
valid,valid,glass136_jpg.rf.a912330fc3347d8672435f59b1ee27eb.jpg,GLASS
valid,train,glass1370_jpg.rf.e2c22fb3fdf6fba9c3a3ec8e751b3e30.jpg,GLASS
valid,train,glass1371_jpg.rf.ce4f0011a450b2c4160a333d4f507a2b.jpg,GLASS
valid,valid,glass1372_jpg.rf.dc9b5058a469925398bcec263c3aa919.jpg,GLASS
valid,valid,glass1377_jpg.rf.4aa1199316784f2d3fa7939b36880eaa.jpg,GLASS
valid,train,glass1378_jpg.rf.f70e31e0b5b15d4b5837787ea2247d5a.jpg,GLASS
valid,valid,glass137_jpg.rf.a32d5243bb12226d2b9db6b89677a7d1.jpg,GLASS
valid,train,glass1382_jpg.rf.2822378500c82af642196ea078464de1.jpg,GLASS
valid,valid,glass1383_jpg.rf.fdda813e8b8499b09c3b953c9fdab1ca.jpg,GLASS
valid,train,glass1387_jpg.rf.76dc23c3ec1df6896306d5ddd58cbbf6.jpg,GLASS
valid,valid,glass1393_jpg.rf.1c9e48a5f63cc50e6ddd9b84e4f5cb27.jpg,GLASS
valid,train,glass1401_jpg.rf.cc2bc0894c8e6b5d44e65ddacb328e04.jpg,GLASS
valid,train,glass1413_jpg.rf.10e7e726e68f6591f4ad084ff28a5432.jpg,GLASS
valid,train,glass1416_jpg.rf.40bf6b23e38670d67b915a6373f9f3f4.jpg,GLASS
valid,valid,glass1417_jpg.rf.69b30b1f02a97e5d92b472d40deb599a.jpg,GLASS
valid,train,glass1418_jpg.rf.e94d26ff4b96231df6ae43a54db4fc29.jpg,GLASS
valid,train,glass1419_jpg.rf.d525df449b13d11250377f283db4fa7d.jpg,GLASS
valid,train,glass1420_jpg.rf.cf1ce756050fc3593194b1498e2de67a.jpg,GLASS
valid,valid,glass1423_jpg.rf.1b0a541e9d017e95676708cb89fe58ef.jpg,GLASS
valid,train,glass1431_jpg.rf.badaa3307c197fea5ef30218c9af5efb.jpg,GLASS
valid,valid,glass1436_jpg.rf.999455ab0c9a1d817f562ca752ecf321.jpg,GLASS
valid,train,glass1437_jpg.rf.04e77c8f26f8c6624ece326122af075f.jpg,GLASS
valid,valid,glass1439_jpg.rf.bb32ac8d8abc8f2ceb4d4d6cd52dd9c4.jpg,GLASS
valid,train,glass1447_jpg.rf.88555141a4520d63bab1e9f8ae359ac8.jpg,GLASS
valid,valid,glass1448_jpg.rf.caa17a1fe7bc2277f74f79263eab4dab.jpg,GLASS
valid,train,glass1449_jpg.rf.0172a605479ef2e7b004401de1cb6feb.jpg,GLASS
valid,valid,glass1461_jpg.rf.1cc20e56c60cc901ec221efa0511c6c9.jpg,GLASS
valid,valid,glass1469_jpg.rf.13084ad0e157d1965daa6e04bdb0892b.jpg,GLASS
valid,train,glass146_jpg.rf.69f47ff036c69539f6f32955947ffb81.jpg,GLASS
valid,train,glass1473_jpg.rf.d36c6a9462b6546d22979f55cbd2604f.jpg,GLASS
valid,valid,glass1476_jpg.rf.419d690fa84cbd87833c99a3fa4ed0ea.jpg,GLASS
valid,train,glass1482_jpg.rf.a54423f3c7da64e16ff26ac8a48f3e2a.jpg,GLASS
valid,valid,glass1484_jpg.rf.d42a3b2b6e599ea889fe2c5f02cd7d0f.jpg,GLASS
valid,train,glass1499_jpg.rf.536cf91584e7fabf99ddd177452620c7.jpg,GLASS
valid,train,glass1505_jpg.rf.ca5a21f6727c8720467003adc5eb5372.jpg,GLASS
valid,valid,glass1506_jpg.rf.a2f9c600808e1cb158e682ef51d28d6b.jpg,GLASS
valid,train,glass1508_jpg.rf.2bdea67b884f6833b06346355bbd29e1.jpg,GLASS
valid,train,glass150_jpg.rf.f77c845db9a1ffcf8026f585be7ada93.jpg,GLASS
valid,train,glass1511_jpg.rf.55ea9527ab3fd604d6c2db6afaa6466d.jpg,GLASS
valid,train,glass1516_jpg.rf.f6f9a463db966ed010ff8f2852b31365.jpg,GLASS
valid,train,glass1524_jpg.rf.4aa8a24ebf7c1b9b9557e520bcb5eea3.jpg,GLASS
valid,train,glass1526_jpg.rf.0f2f4328eb99510200e646a633a8aecb.jpg,GLASS
valid,train,glass1541_jpg.rf.ac30fc4860d48559dce408f850ff7539.jpg,GLASS
valid,valid,glass1545_jpg.rf.209acdc3999717030951f3c0d39396b1.jpg,GLASS
valid,valid,glass1546_jpg.rf.5d2f91b497d3604181115207cf4f2966.jpg,GLASS
valid,train,glass1550_jpg.rf.1387f904b0df89324b6c15fdc0ef7bce.jpg,GLASS
valid,train,glass1551_jpg.rf.a66adbae5dfe59f7f331dcd3fc9bb62e.jpg,GLASS
valid,train,glass1554_jpg.rf.7bd276ebcdc773fdde900b3cfd95c13d.jpg,GLASS
valid,train,glass155_jpg.rf.b5e1b0f583ff3e06326e3176cc769593.jpg,GLASS
valid,train,glass1561_jpg.rf.21fb4dd8b965576fb7a25fbbdcffa173.jpg,GLASS
valid,valid,glass1562_jpg.rf.dc6bd3cd064c813a45159fa8cabf6d73.jpg,GLASS
valid,train,glass1568_jpg.rf.8dd65b6f88a413d788c78d621f38771b.jpg,GLASS
valid,train,glass1569_jpg.rf.b537582b17ffcf0169c19d6ffca4db3d.jpg,GLASS
valid,valid,glass1581_jpg.rf.e9e2210c1cf477e63979f92d12ff2366.jpg,GLASS
valid,train,glass1588_jpg.rf.992bebfcb569162adf9847ac38be4e39.jpg,GLASS
valid,train,glass1593_jpg.rf.4f45c0c354c93a26511d09e177f480ea.jpg,GLASS
valid,valid,glass1594_jpg.rf.6ecd7813dfe385337f713d3b8b8d171a.jpg,GLASS
valid,train,glass1603_jpg.rf.01487abfb7ec717306ad913aa54e45d3.jpg,GLASS
valid,valid,glass1604_jpg.rf.f07971546523f0d88fbb83de41f6c992.jpg,GLASS
valid,train,glass1615_jpg.rf.b55b5fb3c22ca840a59d62517e2991ef.jpg,GLASS
valid,train,glass1618_jpg.rf.d6f79c497ccd18df37984d219a209ef5.jpg,GLASS
valid,valid,glass1620_jpg.rf.3db88525243b1fcd114063745fec11d2.jpg,GLASS
valid,valid,glass1624_jpg.rf.216617f374b45fd1ee8579772880bc18.jpg,GLASS
valid,train,glass1634_jpg.rf.af4e477c3474fdc183baf18543741a41.jpg,GLASS
valid,train,glass163_jpg.rf.f84554b481085fa9d68b383b5813f5ad.jpg,GLASS
valid,valid,glass1640_jpg.rf.d3fd2ee75c40caba289d7a97ddea51e0.jpg,GLASS
valid,valid,glass1647_jpg.rf.edc5a06f7f0d021b6770a02e78fa851c.jpg,GLASS
valid,train,glass1653_jpg.rf.deb23b0e02953600211a3c926b1e8416.jpg,GLASS
valid,train,glass1667_jpg.rf.3cd6a808f096692a987c072742c49324.jpg,GLASS
valid,train,glass166_jpg.rf.4d59cce8ab2b1dba7ac400334f46c723.jpg,GLASS
valid,train,glass1686_jpg.rf.80f4cd299533a16e80289777ebde9ff1.jpg,GLASS
valid,train,glass1693_jpg.rf.a3efe3993f8e4b9ce444c0ae48d841c0.jpg,GLASS
valid,train,glass1694_jpg.rf.df7dd393d3e63bf48b36e5c2b5a6fe97.jpg,GLASS
valid,train,glass1700_jpg.rf.c4020165e8e1ece161a8e26f1f3881ab.jpg,GLASS
valid,train,glass1704_jpg.rf.7aed885dae4346816f9e4d63975313d1.jpg,GLASS
valid,train,glass1706_jpg.rf.519ff883068af19f362108558ffa3a6b.jpg,GLASS
valid,train,glass1707_jpg.rf.abd61ca0aa581a32e95901c406ea27fa.jpg,GLASS
valid,train,glass1713_jpg.rf.4baccc003edfd13c8580e3282f6bfaea.jpg,GLASS
valid,train,glass1720_jpg.rf.f81440565cf6d05f5e8a9990f031d9a2.jpg,GLASS
valid,train,glass1727_jpg.rf.6ebd595c9e49dce8e1260baed5e1fcca.jpg,GLASS
valid,train,glass1730_jpg.rf.50516d508d57e9a024e62cdec70d2c75.jpg,GLASS
valid,train,glass1735_jpg.rf.7cf0b7316f74ddea31df6aff5989dd60.jpg,GLASS
valid,train,glass1736_jpg.rf.63a2e3b9f90b6c97bac32613aa5e3a7b.jpg,GLASS
valid,valid,glass173_jpg.rf.8cae9bddd2a55e53770325767be85828.jpg,GLASS
valid,valid,glass1742_jpg.rf.0d0c3a98fa4a8fc78b29c3d6add2e0b8.jpg,GLASS
valid,train,glass1745_jpg.rf.8f2691225a95158d42eb847506a61054.jpg,GLASS
valid,valid,glass1746_jpg.rf.af6f7ac98574d1fc29d1ea66ca706353.jpg,GLASS
valid,train,glass1752_jpg.rf.0c0d45ac7b995e4d59019e7c4996887f.jpg,GLASS
valid,train,glass1756_jpg.rf.054c86d59d1847f2996818c0e4c222fb.jpg,GLASS
valid,train,glass1762_jpg.rf.a7b4c438687cd8ddf8134c4444f83d6a.jpg,GLASS
valid,train,glass1767_jpg.rf.6a1c19690eba2a52451022f03e4a6996.jpg,GLASS
valid,valid,glass1768_jpg.rf.a5fae434cfa4220051710656ee2bee5a.jpg,GLASS
valid,train,glass1769_jpg.rf.8fecd9a6415f7b995729db093ed78411.jpg,GLASS
valid,train,glass1770_jpg.rf.d8327c63cd0df3e81106a89e3ece6f82.jpg,GLASS
valid,train,glass1771_jpg.rf.9d18cc9609a5383814299c949ed36afd.jpg,GLASS
valid,train,glass1774_jpg.rf.8b1f65716ff8e628b57fe33494e98207.jpg,GLASS
valid,valid,glass1776_jpg.rf.ed508f13cfdaa0b3e917d4371c162477.jpg,GLASS
valid,train,glass1784_jpg.rf.ec6b4cf7002ff4b0dcc4d575a8ded97d.jpg,GLASS
valid,train,glass1799_jpg.rf.e83b21dc496418a736d292826a345cb9.jpg,GLASS
valid,train,glass1800_jpg.rf.e925bca465d4f42a8da607d82c95b965.jpg,GLASS
valid,train,glass1801_jpg.rf.712bc07b7baa0824f04098ca6676b670.jpg,GLASS
valid,train,glass1805_jpg.rf.4384a6a66a2586c30dd9a34dde474e9f.jpg,GLASS
valid,train,glass180_jpg.rf.bfbabdf7b626152d4add3e5a743928c5.jpg,GLASS
valid,train,glass1822_jpg.rf.3e38508e3e8abd85202647d9c0e90fa8.jpg,GLASS
valid,train,glass1829_jpg.rf.bec9b5565307148a1eb04307d311c875.jpg,GLASS
valid,train,glass1834_jpg.rf.94972be95232b30e7555a3a4e62bf8f3.jpg,GLASS
valid,train,glass1838_jpg.rf.2b2c18924702d507b8c5863883c54044.jpg,GLASS
valid,train,glass1844_jpg.rf.bc455055be1110277cd655719dc65683.jpg,GLASS
valid,train,glass1848_jpg.rf.67d6c01139c7a5e3e8774fc26ed93cdd.jpg,GLASS
valid,valid,glass1850_jpg.rf.51bda93f3e709612fc68447b9c012224.jpg,GLASS
valid,train,glass1852_jpg.rf.9f9f7bd1cbaa6333fb156630dd6db463.jpg,GLASS
valid,valid,glass1853_jpg.rf.c8af69a8a232f23756ad487f98322f48.jpg,GLASS
valid,train,glass1854_jpg.rf.92bfc70636094da61036a97861a21531.jpg,GLASS
valid,valid,glass1868_jpg.rf.375e8f726df804981ae5700ae9525a46.jpg,GLASS
valid,train,glass1871_jpg.rf.f830d4938851f8bfd5d0180ba82c4fc1.jpg,GLASS
valid,train,glass1876_jpg.rf.4fc9198600ebad83b2199783fc4fb94f.jpg,GLASS
valid,train,glass1879_jpg.rf.a9706b6f9bf3e1e61d7d1ae160883e64.jpg,GLASS
valid,train,glass1881_jpg.rf.014eaa37a3706e009d49a3f8cd424aa9.jpg,GLASS
valid,valid,glass1882_jpg.rf.f2bc202fc6e976fbc2f2021a3f1ac2a2.jpg,GLASS
valid,train,glass1883_jpg.rf.03069eb6b8397ad27e8defe8b92aa352.jpg,GLASS
valid,train,glass1889_jpg.rf.79b876a793708221011d22251f5feb7d.jpg,GLASS
valid,valid,glass1892_jpg.rf.6b3cf092719e542968e5151032ab0a89.jpg,GLASS
valid,train,glass1898_jpg.rf.049276fd50a3459b977de47d5f076450.jpg,GLASS
valid,train,glass18_jpg.rf.06d8f5117600e1e25e84f2350a1f590d.jpg,GLASS
valid,valid,glass1900_jpg.rf.cd9be1959ee5319a9162d08060be06c1.jpg,GLASS
valid,train,glass1901_jpg.rf.3e8e18a6bf35ce00b5a6634d0ccf9992.jpg,GLASS
valid,valid,glass1904_jpg.rf.5081d67da89234a626fadc5ff21027eb.jpg,GLASS
valid,train,glass1906_jpg.rf.2df5a2ac605b6ef6de6d968fc2a8267b.jpg,GLASS
valid,train,glass1912_jpg.rf.9b98a27e744c19b0557ecf43473e8b17.jpg,GLASS
valid,valid,glass1914_jpg.rf.4863144e3598e717ab5f284a0f3d7689.jpg,GLASS
valid,valid,glass1922_jpg.rf.bd61ff4605872a6da6b37a7d7dd25d58.jpg,GLASS
valid,train,glass1929_jpg.rf.bccff43406f68f470c2e9650bd6c4b30.jpg,GLASS
valid,train,glass1930_jpg.rf.258a06958d5ab3643ffb216fff9e61f1.jpg,GLASS
valid,train,glass1931_jpg.rf.ad1071ee54c962881eb5ffc31fd8baba.jpg,GLASS
valid,train,glass1933_jpg.rf.60fee777067bbdb0a6b4a51b870bec76.jpg,GLASS
valid,valid,glass1934_jpg.rf.b575d42c1bd0ecc55434b669b418591f.jpg,GLASS
valid,valid,glass193_jpg.rf.4f75f897cf4973114f7f00788f13b21b.jpg,GLASS
valid,train,glass1942_jpg.rf.1ed41e55cd93c5cbf0d17834de5da73a.jpg,GLASS
valid,valid,glass1944_jpg.rf.fcd28096d05407463b327c19a81db5fa.jpg,GLASS
valid,train,glass1948_jpg.rf.64a8f02b949ba1ae76235cff60a51352.jpg,GLASS
valid,train,glass1950_jpg.rf.af4ed79263406e704e2d887214749d6f.jpg,GLASS
valid,train,glass1961_jpg.rf.bb681e1f72d7ca9b4b81f2d04f62690c.jpg,GLASS
valid,train,glass1966_jpg.rf.41bf0ea1594338340677ad52beba6d9c.jpg,GLASS
valid,valid,glass1988_jpg.rf.9d519334a99ef2bd195acdd59cd14446.jpg,GLASS
valid,valid,glass1_jpg.rf.7bb5ffcdb6b8e604f2101914a06a08ac.jpg,GLASS
valid,train,glass2002_jpg.rf.197d8a8c3baff0dc2e35e80ebaf14d36.jpg,GLASS
valid,train,glass2025_jpg.rf.99ceaa37c7267d4de6b8b827031d3eb5.jpg,GLASS
valid,train,glass2026_jpg.rf.4841af61de628f03f40e7c5c890b6322.jpg,GLASS
valid,valid,glass2036_jpg.rf.a78f589698dd7431e16e55e8abc7e2a7.jpg,GLASS
valid,train,glass2069_jpg.rf.5057efdda19b00a75c86299d20900e94.jpg,GLASS
valid,train,glass2101_jpg.rf.735b2286a56cd383c8b81cf1d7a79b7f.jpg,GLASS
valid,train,glass2109_jpg.rf.ec522eb10b31022c8c6650e71857a122.jpg,GLASS
valid,train,glass2118_jpg.rf.c0487b1225649b51dca5f0e5c33f85a2.jpg,GLASS
valid,train,glass2125_jpg.rf.622dc3c538c0e6c573f5106b9eb5c2be.jpg,GLASS
valid,valid,glass2127_jpg.rf.bf5c61d768f4d9201b72eeb3b5cc6a3e.jpg,GLASS
valid,train,glass2128_jpg.rf.a715d2c4c68059bbf1bee03af7da015b.jpg,GLASS
valid,train,glass2129_jpg.rf.2a9b061dd6fcb949a69f6e78192f9869.jpg,GLASS
valid,train,glass2133_jpg.rf.0b6c83fda5b11ffe313cd262163db743.jpg,GLASS
valid,train,glass2136_jpg.rf.387f228fac14c1f665c069546d8b1fd3.jpg,GLASS
valid,valid,glass2142_jpg.rf.1fabd0c8f5e4fbb66474bb69b0b8aac6.jpg,GLASS
valid,valid,glass2146_jpg.rf.9b31abc2be5dba52eacd29ef6862dc84.jpg,GLASS
valid,train,glass2179_jpg.rf.89c752ae330c7ee2886c36c760693702.jpg,GLASS
valid,train,glass2192_jpg.rf.4b8c975751c478148c31991ff183405a.jpg,GLASS
valid,train,glass2203_jpg.rf.f42d15fbb9e5b2692d3ece9824caf9de.jpg,GLASS
valid,train,glass2211_jpg.rf.0c9f4a6ff948275cb3ce5edc8a3d9c5a.jpg,GLASS
valid,valid,glass2212_jpg.rf.cdeb0b676cb0e6c11424cd147ce54f1e.jpg,GLASS
valid,train,glass2217_jpg.rf.dfd8e54194b360c40351d8f41a5a7065.jpg,GLASS
valid,train,glass2261_jpg.rf.9cfc68b3622f34f5dc9b94c4fe236cee.jpg,GLASS
valid,train,glass2267_jpg.rf.dfc60daabd2033eda6cf3b43365cf27c.jpg,GLASS
valid,train,glass2272_jpg.rf.9d3514db458348c302c6e72c8855337b.jpg,GLASS
valid,train,glass2275_jpg.rf.ce2c94516352e4cb302c7374be55d192.jpg,GLASS
valid,train,glass2282_jpg.rf.26066104984eebbaaab8008af2b60e62.jpg,GLASS
valid,train,glass2285_jpg.rf.062fe6d5873d02307b2a0f1a394df4f7.jpg,GLASS
valid,train,glass2292_jpg.rf.8b888fb39d65298c7f9e2089240ace34.jpg,GLASS
valid,valid,glass2294_jpg.rf.91f14d583b8e2751ab4a652ae2642618.jpg,GLASS
valid,train,glass2299_jpg.rf.07b6287d476b82cdef81f3b2d3204f41.jpg,GLASS
valid,valid,glass2302_jpg.rf.e029489942504914f7c142cff770173d.jpg,GLASS
valid,train,glass2310_jpg.rf.655d4be214bd8d558b19278ad1e7f0db.jpg,GLASS
valid,train,glass2311_jpg.rf.20721259d48ed553bd60a1ea5efd9743.jpg,GLASS
valid,train,glass2345_jpg.rf.97b9bdf9bac3c8fe0af5c4eddffce2f8.jpg,GLASS
valid,train,glass2358_jpg.rf.54e9573221d8cd84a06e7086f802b038.jpg,GLASS
valid,train,glass2369_jpg.rf.8969bfe167bdb7ae3d2dab8009d63c85.jpg,GLASS
valid,train,glass2371_jpg.rf.598827e2ae7347aba21ba62db499a0aa.jpg,GLASS
valid,train,glass2373_jpg.rf.62a396ccf63cf70fe3592e4f4f28af87.jpg,GLASS
valid,valid,glass2374_jpg.rf.75f488dd489a3ae2e800068a26cdfab9.jpg,GLASS
valid,train,glass2379_jpg.rf.acf5436a87b8b51789926ae01b80cbc6.jpg,GLASS
valid,train,glass2386_jpg.rf.83fd7956fb3c718baa7732ca829d3da8.jpg,GLASS
valid,valid,glass2394_jpg.rf.04fcbab65369c8e1f262d88a88f93a03.jpg,GLASS
valid,valid,glass239_jpg.rf.2e553e1cb26bb5f35ad1fd8dd41c739c.jpg,GLASS
valid,train,glass2409_jpg.rf.bf7e3ee2b8a548cf7b384d48e2f17867.jpg,GLASS
valid,train,glass2410_jpg.rf.fa34da50528c1cbc0470c517b73607c8.jpg,GLASS
valid,valid,glass2415_jpg.rf.05ebbe95efd43bc44586d2a41f912e11.jpg,GLASS
valid,train,glass2424_jpg.rf.5c7ed5b2bc1c275187894e36640b3483.jpg,GLASS
valid,valid,glass2428_jpg.rf.3e5cac5144f2413bfdac9c35f82216cb.jpg,GLASS
valid,valid,glass2437_jpg.rf.90d485e8126259891700f8f6693e971d.jpg,GLASS
valid,train,glass243_jpg.rf.9b144a399ad1728c68e50991ed8dedb5.jpg,GLASS
valid,valid,glass2443_jpg.rf.5ac9ce4e7e8c9e0417f08b1a6e4e19aa.jpg,GLASS
valid,train,glass2446_jpg.rf.6983942b58186504200c431e2c94d731.jpg,GLASS
valid,valid,glass2457_jpg.rf.087c2ef7bea6684e360e849dd669776b.jpg,GLASS
valid,train,glass2462_jpg.rf.cd1859520ce0bcc0f718cc5067a29f30.jpg,GLASS
valid,valid,glass2464_jpg.rf.92241a185c6ad4e6da91bfb90dd3ccc3.jpg,GLASS
valid,train,glass246_jpg.rf.0f0b355e1aba68bf320a78e227e22232.jpg,GLASS
valid,train,glass2471_jpg.rf.12ce45cfd69e2c206b2a644529720d02.jpg,GLASS
valid,valid,glass2475_jpg.rf.55c6441d284fdfedbf6c7392760dabe5.jpg,GLASS
valid,train,glass2483_jpg.rf.f715f6d0a8b0799329ad8fd3e52aab9d.jpg,GLASS
valid,valid,glass2486_jpg.rf.d8afbcd315d2807be3922ac9ecf227a5.jpg,GLASS
valid,train,glass249_jpg.rf.cacf4d06cda267a83b2efe4164cc41a3.jpg,GLASS
valid,train,glass2503_jpg.rf.9271283ceed845f69c22418de414d38f.jpg,GLASS
valid,valid,glass2518_jpg.rf.33e9d4e72db5b12ab3f7546f86719e21.jpg,GLASS
valid,train,glass2519_jpg.rf.2a7c94543eaea186aa0b00adc72f34f8.jpg,GLASS
valid,valid,glass2523_jpg.rf.6bfc4709ebdbf24e149d5dcac975efa9.jpg,GLASS
valid,valid,glass2527_jpg.rf.fdc07b6ccc5aa7e227cadd001818e8d8.jpg,GLASS
valid,train,glass2541_jpg.rf.ba119297f77bb3316ffe926f160aa99c.jpg,GLASS
valid,train,glass2549_jpg.rf.509c2e5fb80f7bb851f99aaedbad486d.jpg,GLASS
valid,valid,glass2550_jpg.rf.e474cb4518990c80ba8b3274b103a998.jpg,GLASS
valid,train,glass2556_jpg.rf.2a73c90d753c6d74804f290aca6988b3.jpg,GLASS
valid,train,glass2558_jpg.rf.d2fcd63188d16d1804fea680224493d9.jpg,GLASS
valid,valid,glass2565_jpg.rf.cdb6227fef8236d01e49a6b67a3dbac1.jpg,GLASS
valid,train,glass2567_jpg.rf.06c2077cb3ba7b498e057df14b46703e.jpg,GLASS
valid,valid,glass256_jpg.rf.479bc1eff8cdfceb404d596b5a95f46c.jpg,GLASS
valid,train,glass2571_jpg.rf.5f83c29c7a67e94883b9d61ed7a51c9d.jpg,GLASS
valid,train,glass2585_jpg.rf.eb9e8f17c91aaa7b13623093beac0ddc.jpg,GLASS
valid,train,glass2586_jpg.rf.afddb6b8ac836bc0149ac08c9091d1c2.jpg,GLASS
valid,train,glass2593_jpg.rf.dcb1162269c7593362b86b36eef617cd.jpg,GLASS
valid,valid,glass2600_jpg.rf.be8a5bf8083e56c19c7a62bd750228ea.jpg,GLASS
valid,train,glass2622_jpg.rf.441f028442cd2bda986e75da0858196f.jpg,GLASS
valid,train,glass2630_jpg.rf.29e379ef59b0aa8ceaaa74854d14f038.jpg,GLASS
valid,valid,glass264_jpg.rf.03a6197713d6140dd2dafde14e3b5a80.jpg,GLASS
valid,train,glass2689_jpg.rf.cea087d5340afbd299ed5691d7d50bdd.jpg,GLASS
valid,train,glass26_jpg.rf.b62c102bdd0b3b5b8b7e1843ece66c26.jpg,GLASS
valid,train,glass2712_jpg.rf.5f63a755ef3405574a2df2040abddd92.jpg,GLASS
valid,train,glass2713_jpg.rf.c311874a3df974488b6c896f9e6ac9dc.jpg,GLASS
valid,train,glass2715_jpg.rf.4888c454a8322155c736f83fcb706959.jpg,GLASS
valid,train,glass2726_jpg.rf.7239597cacca3b85c5120e9248197464.jpg,GLASS
valid,valid,glass2728_jpg.rf.ce381c1926f39e89eabf22ff6d1e7a27.jpg,GLASS
valid,valid,glass2735_jpg.rf.8e7ca4c2d96abfecfc86cbe7b6b6f1b4.jpg,GLASS
valid,train,glass2736_jpg.rf.6d599d16980dcdb40abb0178909feae2.jpg,GLASS
valid,train,glass2739_jpg.rf.b82be655a3570d1969d67e5b17602e4f.jpg,GLASS
valid,train,glass2754_jpg.rf.c4d2a3d0c40bee88d71e1ea1edc8cf30.jpg,GLASS
valid,train,glass2755_jpg.rf.53753fc1dd4572ae5a196982849eda14.jpg,GLASS
valid,train,glass275_jpg.rf.4178bb092d79054f8365b5b691219098.jpg,GLASS
valid,train,glass2761_jpg.rf.205e47b711da29246ac89d3f368f7e1d.jpg,GLASS
valid,train,glass2776_jpg.rf.01741a4d3ccad3aa6d0ae1640dc628c9.jpg,GLASS
valid,valid,glass279_jpg.rf.9cef6dc1abe4af41857b9d5da67a09b3.jpg,GLASS
valid,valid,glass2804_jpg.rf.ff4d4a517bb5e23736af5ac530f89b74.jpg,GLASS
valid,valid,glass2806_jpg.rf.93ab21d6bed48f42cf82fe28cf61c44d.jpg,GLASS
valid,train,glass2813_jpg.rf.ce07c4096c64180c61cd06bc97466ef1.jpg,GLASS
valid,train,glass2827_jpg.rf.228d5c6cf6a9660a8b913b035d749251.jpg,GLASS
valid,train,glass2836_jpg.rf.8bcc5ba5cae8e542043915d0683cbaa2.jpg,GLASS
valid,train,glass2839_jpg.rf.e5b57bf72107b779629315c76df63060.jpg,GLASS
valid,valid,glass283_jpg.rf.1db3216c6c6466bc4efe81dacdbba5f0.jpg,GLASS
valid,train,glass2850_jpg.rf.d1e4272089f0a3618cfc7166814b6064.jpg,GLASS
valid,train,glass2864_jpg.rf.ee28d20163fe73a115fc85fc6b1bb0fc.jpg,GLASS
valid,train,glass2868_jpg.rf.6ec598dcc12152aba9849f4f24755c6e.jpg,GLASS
valid,valid,glass2869_jpg.rf.14e7d385acc794caf68c92d72ad536bf.jpg,GLASS
valid,valid,glass2880_jpg.rf.ef48f453caf35c521b40c664c06e13d2.jpg,GLASS
valid,train,glass2881_jpg.rf.89bec3609f99105514650e69f1d5edcb.jpg,GLASS
valid,train,glass2886_jpg.rf.9160abd585596499b9b4d30f8b111988.jpg,GLASS
valid,train,glass2903_jpg.rf.01438bb6a82614ebc8b724f3e96b293f.jpg,GLASS
valid,train,glass2920_jpg.rf.b0ca565a80a51c7dcae0dcd2af6f7f7f.jpg,GLASS
valid,train,glass2921_jpg.rf.429e2a722f82529ed9f6c224135065df.jpg,GLASS
valid,train,glass2931_jpg.rf.3fc4f3d532cee009f61038478c547eda.jpg,GLASS
valid,valid,glass2934_jpg.rf.8732673ae8b820797daa62a25c6f625f.jpg,GLASS
valid,train,glass293_jpg.rf.66bd30e15f0a7956f31c6b9221558013.jpg,GLASS
valid,train,glass2941_jpg.rf.995960bf770e5a6ae16c3e6fa13092a8.jpg,GLASS
valid,train,glass2949_jpg.rf.1c9fd3b5a903c255a7033348f7bbc0b6.jpg,GLASS
valid,train,glass2951_jpg.rf.42c064a6e67246b92a593723e685cc5f.jpg,GLASS
valid,train,glass2952_jpg.rf.9cbd2b841e04082672ea1d0dcb21a4bf.jpg,GLASS
valid,valid,glass2955_jpg.rf.29fb9ba9b1043f0b1cc18023a67aca6b.jpg,GLASS
valid,train,glass2956_jpg.rf.9d508556b858d69493c7b5f5e6689fe2.jpg,GLASS
valid,train,glass2959_jpg.rf.96146a9912555cacf183d3e44037b0f0.jpg,GLASS
valid,train,glass2961_jpg.rf.fc014c76782da876c556c32af654edab.jpg,GLASS
valid,train,glass2964_jpg.rf.c253cd18af70b48787f808df4db500cb.jpg,GLASS
valid,valid,glass2968_jpg.rf.6a80af1001e088a49dade2c6bf192ec6.jpg,GLASS
valid,train,glass2986_jpg.rf.7959ec7a5cfdcce86f0dca9d0d066c40.jpg,GLASS
valid,train,glass2988_jpg.rf.cee77f528fd01487e639d78c1322a200.jpg,GLASS
valid,train,glass29_jpg.rf.22d540463c2587bea8f6a9acebed65ff.jpg,GLASS
valid,valid,glass3000_jpg.rf.84c5e44d43b36f5e0d36be4a2a80b373.jpg,GLASS
valid,train,glass3011_jpg.rf.cbc5498f8b8a74f098a80164997fe33b.jpg,GLASS
valid,train,glass301_jpg.rf.640993799ca911964c527f8b7776acf9.jpg,GLASS
valid,train,glass3026_jpg.rf.09a244327bd7d9ae333b40023787a337.jpg,GLASS
valid,valid,glass302_jpg.rf.0e569823b8bf0ef010fc6bf35669581d.jpg,GLASS
valid,valid,glass3031_jpg.rf.7d5a81152605d1a3cadf86e530ee0e76.jpg,GLASS
valid,train,glass3036_jpg.rf.bf4830ebdac4164198cdf5f317dbddcd.jpg,GLASS
valid,valid,glass3037_jpg.rf.33a944164f8730a972f8fc9e5366561b.jpg,GLASS
valid,train,glass3038_jpg.rf.0cd2e5b06ae9a1551e87e7f0685fe237.jpg,GLASS
valid,valid,glass3040_jpg.rf.a509167b2e4dbd5b0648390d3513c9e3.jpg,GLASS
valid,valid,glass3042_jpg.rf.f1a6368d9903112fbc6aa5330d52fadc.jpg,GLASS
valid,train,glass3043_jpg.rf.8be4c208c341657d4ce45809f13ae63e.jpg,GLASS
valid,train,glass3058_jpg.rf.0b29e819e54c8af00194a2602b870b39.jpg,GLASS
valid,train,glass3068_jpg.rf.e495932b61a262cb400381cac7529b41.jpg,GLASS
valid,train,glass3072_jpg.rf.54ad8e4db20d7e15fff2a2a18acb1b9c.jpg,GLASS
valid,train,glass307_jpg.rf.d0150ee05664615ffffe0796a0691dae.jpg,GLASS
valid,valid,glass3089_jpg.rf.c71e3e1716388e7c5c4d969a51bf060d.jpg,GLASS
valid,train,glass3090_jpg.rf.34ef9249a9a11c23d679c8805a70395c.jpg,GLASS
valid,train,glass3091_jpg.rf.1c55218cac443f45f4d3f4003edef79f.jpg,GLASS
valid,train,glass3093_jpg.rf.00dc24bb93137ecdbc36c1d63e00b27b.jpg,GLASS
valid,train,glass3094_jpg.rf.8823be2b983a748d2a6769fa379d6e1d.jpg,GLASS
valid,valid,glass3096_jpg.rf.db1e0cb2d73fe3a12540c53cbb242729.jpg,GLASS
valid,train,glass30_jpg.rf.eca01d2f3827b0be23ac97c130265aab.jpg,GLASS
valid,train,glass3102_jpg.rf.26631e676df899c877382e1ff1fa4e28.jpg,GLASS
valid,valid,glass3105_jpg.rf.dad3c6fc9c1233b467a450728d4cdaa4.jpg,GLASS
valid,train,glass310_jpg.rf.4954dcc9bae040b343b6bf2a5165c73e.jpg,GLASS
valid,train,glass3114_jpg.rf.ef319b6fd395d577da78642e0f3b0f6f.jpg,GLASS
valid,train,glass3119_jpg.rf.b1fadba53ad7878d5e6cee169da65c20.jpg,GLASS
valid,valid,glass311_jpg.rf.81e3784feade5935917904d0a691aa94.jpg,GLASS
valid,train,glass3125_jpg.rf.2ede95c1d70e297b4fe0170c360cee56.jpg,GLASS
valid,train,glass3127_jpg.rf.403625524a2efd5250c84c09624d5fad.jpg,GLASS
valid,train,glass312_jpg.rf.6fe3eed508118fb107aa791653f423b9.jpg,GLASS
valid,valid,glass3133_jpg.rf.2ac4bcce37a407b2cbd5904480eb2035.jpg,GLASS
valid,train,glass3139_jpg.rf.cf8d5e51ab10f19b16c65cb41fb36273.jpg,GLASS
valid,train,glass319_jpg.rf.feb43b70023bb6bcb83b5c299df5407e.jpg,GLASS
valid,train,glass320_jpg.rf.a68115837528b1af7e21a22031ca52fc.jpg,GLASS
valid,train,glass337_jpg.rf.65200f7bf809338101399ce1e5ba1e37.jpg,GLASS
valid,valid,glass338_jpg.rf.87240df5395dbe6c7c12cfba3d4e51d7.jpg,GLASS
valid,train,glass340_jpg.rf.909a19b31dbeb7aa74aa17556fa8de34.jpg,GLASS
valid,valid,glass355_jpg.rf.a03e0623e25f75f8c51dfb11431550d9.jpg,GLASS
valid,train,glass362_jpg.rf.0e1efec95dfdbd46420056239015c856.jpg,GLASS
valid,train,glass365_jpg.rf.11e68c61c0d0641bc1a72d35911c550e.jpg,GLASS
valid,train,glass369_jpg.rf.2f0785f53ece40a8aed550aab12799dc.jpg,GLASS
valid,valid,glass370_jpg.rf.4b6ba6cadff62099b37e4fd93b06f662.jpg,GLASS
valid,valid,glass382_jpg.rf.73f67096d118506338638bd5a53db418.jpg,GLASS
valid,valid,glass384_jpg.rf.7beb1fa5372ad7b6bd7c07c97fe2cf43.jpg,GLASS
valid,train,glass394_jpg.rf.d36f1ccc6ac37abc64a8af67f3504f48.jpg,GLASS
valid,train,glass3_jpg.rf.434a48584ec38ee1e3f7b97191833c95.jpg,GLASS
valid,train,glass400_jpg.rf.537fe68e3084ef00caa6ca7eacf0215e.jpg,GLASS
valid,valid,glass401_jpg.rf.1dca0aadbb28ed8a62f3bcf22ae0d75f.jpg,GLASS
valid,train,glass409_jpg.rf.da9625f7a947510f02655dd2d2fe0043.jpg,GLASS
valid,train,glass420_jpg.rf.06e0c02cb10e845567480d1b4e06387a.jpg,GLASS
valid,train,glass428_jpg.rf.77ae2fb077a61cceec8c64cfada69c22.jpg,GLASS
valid,train,glass431_jpg.rf.2250a71bb2db6ba1c274e34e1a81fe14.jpg,GLASS
valid,train,glass436_jpg.rf.fc3ff5677ecc41cc21d118ae225cc97a.jpg,GLASS
valid,train,glass442_jpg.rf.7598c507749980e2fbfadde471bb62c7.jpg,GLASS
valid,valid,glass445_jpg.rf.de6f350869619dbc7dbf157a821f567b.jpg,GLASS
valid,train,glass450_jpg.rf.8d735dae0ebfc0a92373a21f7ff7c7a7.jpg,GLASS
valid,train,glass455_jpg.rf.d9fb5f1efe5a282cd2cf9a63f5de35e5.jpg,GLASS
valid,train,glass45_jpg.rf.91af6dcc135c8a183903c04f108e82b2.jpg,GLASS
valid,valid,glass465_jpg.rf.85b4e92e99af255ac8cd8eacf68fb32d.jpg,GLASS
valid,valid,glass467_jpg.rf.22613ec869da93d3d4ab65247519a8d7.jpg,GLASS
valid,valid,glass472_jpg.rf.0ada82baa4f95592650ce7848781fc72.jpg,GLASS
valid,valid,glass481_jpg.rf.6d01b4b70d36b0313e0bc566dd5f43b9.jpg,GLASS
valid,train,glass48_jpg.rf.3f05d67abf5ce7da98f1bc78b6a93ebf.jpg,GLASS
valid,train,glass492_jpg.rf.811980d3982a37703597d612717568b9.jpg,GLASS
valid,valid,glass495_jpg.rf.8a44a5e0d406ce99661a4c85e032b642.jpg,GLASS
valid,train,glass499_jpg.rf.0a49b44ab1e0ef9fca0ea027b611d2ef.jpg,GLASS
valid,train,glass4_jpg.rf.8ce0fdf44b993093023df6d51dee15de.jpg,GLASS
valid,train,glass508_jpg.rf.2df9e406b4fb91afe58f1f9b7e37abca.jpg,GLASS
valid,train,glass512_jpg.rf.844c60f25f0386587af3983e6317e0b1.jpg,GLASS
valid,valid,glass516_jpg.rf.cdd0dbf136aea9ff2245f39a2baa6aa2.jpg,GLASS
valid,train,glass51_jpg.rf.75a5fee82bda49fa06dc4dd76ff9858f.jpg,GLASS
valid,train,glass530_jpg.rf.f65d3646aefba11d6f5b227b0fb5a6d6.jpg,GLASS
valid,train,glass538_jpg.rf.5eaa77d28259ca447eb16bf5482b1a1b.jpg,GLASS
valid,valid,glass544_jpg.rf.07316b25217909c31fd0fa03a2295d15.jpg,GLASS
valid,train,glass553_jpg.rf.b5534fd878507e926c36214f8992f94c.jpg,GLASS
valid,train,glass554_jpg.rf.9c298aa57f011b569f8d1237a7335f9b.jpg,GLASS
valid,train,glass555_jpg.rf.152e4ba6bc7e16b59c5ff062cde0e3ce.jpg,GLASS
valid,train,glass559_jpg.rf.38f106a1c2be3a231bb71009ed4f9d7c.jpg,GLASS
valid,train,glass560_jpg.rf.051a1415d47db1015fa93f2747f9f818.jpg,GLASS
valid,train,glass561_jpg.rf.9ffc547cc3f65ef9a22a6b8425acc548.jpg,GLASS
valid,valid,glass563_jpg.rf.f07dcaca4f25df371b43d4c7005cfd8b.jpg,GLASS
valid,train,glass566_jpg.rf.3943f01d919a3789dcb73bf0488d44bb.jpg,GLASS
valid,train,glass570_jpg.rf.aedfaed33e7099c9f314e27dfa993efc.jpg,GLASS
valid,valid,glass573_jpg.rf.7de75e4a938faf771719a510c8460a60.jpg,GLASS
valid,train,glass575_jpg.rf.6ecd92694951b5b512a3d776a5bd295f.jpg,GLASS
valid,train,glass577_jpg.rf.3e0224ba94c0fcfcb075a7d0e915c5d6.jpg,GLASS
valid,valid,glass581_jpg.rf.4ac58335de55caad734854e29e8a05b0.jpg,GLASS
valid,train,glass582_jpg.rf.3163ed714345e9c15b5d52500f31dfea.jpg,GLASS
valid,train,glass583_jpg.rf.a4998b3ff7e51cfa83b6d750d1fe0887.jpg,GLASS
valid,valid,glass589_jpg.rf.088eb96694ed5196e5501bc37a174150.jpg,GLASS
valid,valid,glass590_jpg.rf.18d7e78d2b524586f1c9648d2572568b.jpg,GLASS
valid,train,glass592_jpg.rf.b846497df833c276a6ef887196ca5062.jpg,GLASS
valid,valid,glass594_jpg.rf.a73910e1b70f2d5fba28ba6b079abb37.jpg,GLASS
valid,valid,glass5_jpg.rf.657e19cc16eb89adb20c32ae435f746e.jpg,GLASS
valid,valid,glass605_jpg.rf.4c37aca934691a706c9e40d28f9ef72f.jpg,GLASS
valid,train,glass626_jpg.rf.9e3e206166ddc34ee5a99727ebff47c6.jpg,GLASS
valid,train,glass629_jpg.rf.28220e7c7fa61cd85b8b2292750d0824.jpg,GLASS
valid,train,glass630_jpg.rf.e6843bdc3803ee10c7c9f03a7cfb2d75.jpg,GLASS
valid,train,glass634_jpg.rf.21385bdd2a7ec99479ddef02841594dd.jpg,GLASS
valid,valid,glass635_jpg.rf.7b963d75c6aeafa4fbd64eecc4e777ae.jpg,GLASS
valid,valid,glass640_jpg.rf.262c5ee47cb4397449a4c35a804d0e6e.jpg,GLASS
valid,train,glass643_jpg.rf.e254ebd24c67d5e8b5aa516ca5494960.jpg,GLASS
valid,train,glass648_jpg.rf.e719b7195efe870cfd11a333dd25c0e1.jpg,GLASS
valid,valid,glass64_jpg.rf.ca9a67e256930e5a2bc76014a7f17008.jpg,GLASS
valid,valid,glass653_jpg.rf.081dc52f96f3951ff2bd1a01b15b95fd.jpg,GLASS
valid,valid,glass656_jpg.rf.840c476df81236e77a8d9b405b621901.jpg,GLASS
valid,train,glass65_jpg.rf.43823964231a847474ac58dad745527e.jpg,GLASS
valid,valid,glass667_jpg.rf.b9a7e47e9c6d4831b7767469cd2c2a94.jpg,GLASS
valid,valid,glass671_jpg.rf.aa3bf736ec877d96a8f400392e941db5.jpg,GLASS
valid,train,glass686_jpg.rf.532ebd0148edc812c5d4bf626a1fd48b.jpg,GLASS
valid,valid,glass687_jpg.rf.273c3c67b022365a110ba1b62ec62f0c.jpg,GLASS
valid,valid,glass688_jpg.rf.dd1b6c4e58273d0667712d2794fd7317.jpg,GLASS
valid,valid,glass6_jpg.rf.1d743ae57bc629dfa20032585e369436.jpg,GLASS
valid,train,glass703_jpg.rf.0a03e199c876264eb5ab062a1b810a2b.jpg,GLASS
valid,train,glass713_jpg.rf.27525257dea49e6197814dc92fbad66e.jpg,GLASS
valid,train,glass717_jpg.rf.52bc261be2905d63b3edfff3b83a6614.jpg,GLASS
valid,train,glass719_jpg.rf.db7a085c18d6b9bb0539ecfc226323f0.jpg,GLASS
valid,train,glass725_jpg.rf.2c93140dc6a2eb00367e0b2e0009151f.jpg,GLASS
valid,valid,glass727_jpg.rf.da4418f38b5945d10b67588589cf6b30.jpg,GLASS
valid,valid,glass731_jpg.rf.130904ff83ab36e7879ba17e0e98db44.jpg,GLASS
valid,train,glass737_jpg.rf.7f79c05d66d2a7089096929529469d10.jpg,GLASS
valid,train,glass754_jpg.rf.6358aa81b04b10edc7dd16f198a8c400.jpg,GLASS
valid,train,glass755_jpg.rf.3227b436758c860cd87913c8a2130ec6.jpg,GLASS
valid,train,glass759_jpg.rf.0c398bcd269f23939f916a617399af31.jpg,GLASS
valid,train,glass764_jpg.rf.83f50c8f4c1948a00b301e98b98ad920.jpg,GLASS
valid,train,glass77_jpg.rf.c07e1d5b8ff66ebb7ffffd172a6bf805.jpg,GLASS
valid,train,glass781_jpg.rf.7b75dba6c30445a174c5e4ece4a25dd7.jpg,GLASS
valid,train,glass796_jpg.rf.781b704b06ad34c97f24f0085638807c.jpg,GLASS
valid,valid,glass799_jpg.rf.d5fee846d72fa37215ffc8dda9e0fafa.jpg,GLASS
valid,valid,glass808_jpg.rf.5e3dce4d3435c88d8359519e5d998dda.jpg,GLASS
valid,train,glass812_jpg.rf.948058dec1d8069b88a95e7c938ddb4b.jpg,GLASS
valid,train,glass814_jpg.rf.98d8dfaedc88ead1a94bceeb28d6af6f.jpg,GLASS
valid,valid,glass818_jpg.rf.342732aeaadb877ab2b4cc7aef33138d.jpg,GLASS
valid,train,glass821_jpg.rf.ece7c0004b32a9281b69e8e22693adde.jpg,GLASS
valid,valid,glass827_jpg.rf.b5bc4fc1797fe17712ecb13553c8db76.jpg,GLASS
valid,train,glass832_jpg.rf.ca3d9cc2b35328669ace50a5b41eb5ee.jpg,GLASS
valid,valid,glass839_jpg.rf.ec724d8008112264f85fd47bbb835d33.jpg,GLASS
valid,train,glass83_jpg.rf.dce0e495297a6572167da02862656378.jpg,GLASS
valid,valid,glass843_jpg.rf.4de24c4485aa0a1093c187ad32cc2e60.jpg,GLASS
valid,train,glass85_jpg.rf.7440d8db1b0e0506b401470691705a09.jpg,GLASS
valid,valid,glass874_jpg.rf.43f94f3a0e92e437aaa7685f4503917e.jpg,GLASS
valid,valid,glass877_jpg.rf.b891a848f324314979fb6af74444ea39.jpg,GLASS
valid,train,glass881_jpg.rf.1760829cea4f490f6e402b8a98d1c127.jpg,GLASS
valid,valid,glass882_jpg.rf.8a1d8f34037570ec4ed3b20d682ceb23.jpg,GLASS
valid,train,glass884_jpg.rf.fd701355a190b819b064499b6ee75b19.jpg,GLASS
valid,valid,glass896_jpg.rf.d6a942ddc455a4a2d43ecc53388f3569.jpg,GLASS
valid,train,glass899_jpg.rf.942dd49aa7dbf4a5148b065eb921558a.jpg,GLASS
valid,train,glass8_jpg.rf.22251e6c40ab2d2622eb530a5b334484.jpg,GLASS
valid,train,glass918_jpg.rf.3ae553eb31722fd031bfdd504e0c4a7f.jpg,GLASS
valid,train,glass922_jpg.rf.578a09a74d8644a21f3051ceccda94ae.jpg,GLASS
valid,train,glass924_jpg.rf.392cc9302b4976e465133fcd99773d48.jpg,GLASS
valid,train,glass932_jpg.rf.d21dd1e77eff6e661cd5ccb6c6e79ce7.jpg,GLASS
valid,train,glass937_jpg.rf.4871cb6911094172db787b89c161aae6.jpg,GLASS
valid,valid,glass938_jpg.rf.f27653d67f6dbee054ccb6e756caaf06.jpg,GLASS
valid,train,glass93_jpg.rf.b0d57c4973af0606168e40db313b2266.jpg,GLASS
valid,valid,glass940_jpg.rf.f374dbf4b255983129e7525606846e5c.jpg,GLASS
valid,train,glass949_jpg.rf.69814c92e8c1012facd503e774bd9f21.jpg,GLASS
valid,train,glass951_jpg.rf.f323c66b5c8ca8467150f8ef9186dabf.jpg,GLASS
valid,valid,glass954_jpg.rf.9c851d2d6a30cf29e708b2dc327e2387.jpg,GLASS
valid,train,glass956_jpg.rf.3b34a1b57d414600ad580491ae64446b.jpg,GLASS
valid,train,glass961_jpg.rf.804ac5d2c43190125a53a5c1e1767e9c.jpg,GLASS
valid,train,glass98_jpg.rf.0eec18b910ea39eb477169b2624a1e07.jpg,GLASS
valid,valid,glass990_jpg.rf.c75a3e5ce2efd3a7d38bddd0ba77d431.jpg,GLASS
valid,test,metal1000_jpg.rf.f972491130c59d3bff7e97b22e8e2980.jpg,METAL
valid,train,metal1003_jpeg.rf.48c070ba87ba3c17fc97effb6adf36e4.jpg,METAL
valid,test,metal1005_jpg.rf.d736ab336e8fa92ce57727666e624259.jpg,METAL
valid,train,metal1006_jpg.rf.8931497fa35844fb372000c79fcdadc0.jpg,METAL
valid,train,metal1008_jpg.rf.43dabfaf97b770ef0ba5eaeec85b55f9.jpg,METAL
valid,test,metal1017_jpg.rf.52c6bf2e21ee24727bd9c29fc7955f22.jpg,METAL
valid,train,metal1018_jpg.rf.7cdee226456c88091a84520143e227a2.jpg,METAL
valid,test,metal1021_jpg.rf.4cb79a4ecc66f08444b6493a7480ae9a.jpg,METAL
valid,train,metal1023_jpg.rf.a2a82453d6903d3902ebb7baf4a4f4b1.jpg,METAL
valid,train,metal1026_jpg.rf.1102ef00c7be38a55cdf3eefd22debe1.jpg,METAL
valid,train,metal1030_jpg.rf.aa874e9482463ff344e9f0806e2a81b4.jpg,METAL
valid,test,metal1033_jpg.rf.18d8e320facc4cf861e71efb963cbff0.jpg,METAL
valid,train,metal1039_jpg.rf.601b1833ef8b226d24dc2cb44f6cf626.jpg,METAL
valid,test,metal103_jpg.rf.6a41c33575e78d7d9daa752d95ad0a71.jpg,METAL
valid,test,metal1040_jpg.rf.c6e8f2418b51b7d8891f49df3cecf80b.jpg,METAL
valid,train,metal1042_jpg.rf.38a13f92dedc2b4fcf7d48cf90fb0013.jpg,METAL
valid,train,metal1045_jpg.rf.6ddb4d5b690b3cdce25c7c1e5a663410.jpg,METAL
valid,train,metal1046_jpg.rf.62f9bf9e3c8acc6dc04419a39b0b66e2.jpg,METAL
valid,train,metal1050_jpg.rf.2bfcd2f457d39e26e583ec59aa026a19.jpg,METAL
valid,train,metal1058_jpg.rf.39dd499b0f4cf5ad4cc9c64e5e89b41f.jpg,METAL
valid,train,metal1061_jpg.rf.5780684763e8754564c94f447db4d795.jpg,METAL
valid,train,metal1063_jpg.rf.a3f7d3d798852fba92823679451fcd0e.jpg,METAL
valid,train,metal1076_jpg.rf.599e43d32ccc913f31f7a35cafcbde8d.jpg,METAL
valid,test,metal107_jpg.rf.a2458531400ef1d9a727115faae10668.jpg,METAL
valid,train,metal1085_jpg.rf.a120134b870d2c55795329b5fe9e8b23.jpg,METAL
valid,train,metal1091_jpg.rf.66dc0ddef07c0fd3c7e0c8ad909a1e56.jpg,METAL
valid,test,metal1104_jpg.rf.e8820c4d4aa054363ec9e5854a781e8e.jpg,METAL
valid,train,metal1108_jpg.rf.7675cbd84f858299abbd70c04795dc19.jpg,METAL
valid,train,metal1137_jpg.rf.d3728197276a97ac0d5a2b6fdc7d84e0.jpg,METAL
valid,train,metal1141_jpg.rf.be63e5f4686f89cc27b80e339e805bf6.jpg,METAL
valid,train,metal1144_jpg.rf.ad6a5fca49511805db1c9af76e010c5e.jpg,METAL
valid,test,metal1150_jpg.rf.84ddd28b2e35637e1a9d2ab4900941e6.jpg,METAL
valid,test,metal1154_jpg.rf.b3530016bbdf37fe33d6dc1974361b78.jpg,METAL
valid,train,metal1158_jpg.rf.253040fe4d4ec2768d98c1e69445140d.jpg,METAL
valid,train,metal1159_jpeg.rf.7894282a3aeea809bf93935c06b13de3.jpg,METAL
valid,test,metal1165_jpg.rf.b864bfe4c1041d36cb038ee304fb573a.jpg,METAL
valid,train,metal1166_jpg.rf.206d295572d00d812aa8df05dfc54525.jpg,METAL
valid,train,metal1168_jpg.rf.b8a0d6d316daf333cbc5b101b372da25.jpg,METAL
valid,train,metal1171_jpg.rf.007399c44d96656d2de7e70bcbc48b6b.jpg,METAL
valid,test,metal1172_jpg.rf.7e916154095046034c60a9d7c63bbad9.jpg,METAL
valid,train,metal1174_jpg.rf.2b7eb8b2acd9686249636b8e9d123849.jpg,METAL
valid,train,metal1175_jpg.rf.579eba0ffff46dae53212f9aad706a0e.jpg,METAL
valid,train,metal1177_jpg.rf.e75aeb91f82bd5971d6281e4bdec84dc.jpg,METAL
valid,train,metal1179_jpg.rf.1480049fed8d2f7bb86acad9a590f68f.jpg,METAL
valid,train,metal117_jpg.rf.18db3c17d20bb663160552dff5b17732.jpg,METAL
valid,test,metal1200_jpg.rf.3c59b4f57ee6ce4c4614faa1467c28db.jpg,METAL
valid,train,metal1213_jpg.rf.398a936c5091228513b072575687d916.jpg,METAL
valid,train,metal1214_jpg.rf.dbb4bfb6db81af31122c0e978191102d.jpg,METAL
valid,train,metal1228_jpg.rf.e3015d0a68cb4d73f720ee59a1df55ae.jpg,METAL
valid,train,metal1229_jpg.rf.c5543ea80a5d982d96cbe283f6387921.jpg,METAL
valid,train,metal1231_jpg.rf.717a347d7afc3b4c958e4e7a3a677743.jpg,METAL
valid,train,metal1234_jpg.rf.86758d7c975ce86f22f1ffa38eba50df.jpg,METAL
valid,test,metal1247_jpg.rf.ff510126c5258177370d15fbfa1b00b7.jpg,METAL
valid,test,metal1253_jpg.rf.c93299f221d8b9614552891bf14f23be.jpg,METAL
valid,train,metal1254_jpg.rf.c4da4f671eb0cc82942321486efe2d7a.jpg,METAL
valid,train,metal1255_jpg.rf.0c671c0431480f25b03b2c326d587622.jpg,METAL
valid,test,metal126_jpg.rf.494b43ce7b5662e99f1d622c3b30e836.jpg,METAL
valid,train,metal130_jpg.rf.73d67bacfdac9a760673df110d3d6ea6.jpg,METAL
valid,test,metal131_jpg.rf.714702bd3924f88c2eb78de78833fe17.jpg,METAL
valid,test,metal134_jpg.rf.5786f1ae5a29d20516e82d61697c0421.jpg,METAL
valid,train,metal13_jpg.rf.bc7a6d400f0230517f931b783c8784da.jpg,METAL
valid,train,metal143_jpg.rf.2691c6a7eb2eeab52b0a75aed51f1739.jpg,METAL
valid,train,metal147_jpg.rf.8668be547e9a76da952f57ad835c5ed9.jpg,METAL
valid,test,metal148_jpg.rf.256c2f0791f6a61ce6d6357eafd6ae73.jpg,METAL
valid,train,metal14_jpg.rf.35e2bb8157252e72dae8a2da4edc0f34.jpg,METAL
valid,train,metal150_jpg.rf.f39f2b72c379cd177d8c6c977db89f8e.jpg,METAL
valid,train,metal162_jpg.rf.a968dfd96b7805cde743e73dbc5bc76b.jpg,METAL
valid,train,metal167_jpg.rf.4586dfda223f29d5883e8450ca5d7460.jpg,METAL
valid,train,metal168_jpg.rf.9b79cd71e7783c39a9d3f37826db7e0d.jpg,METAL
valid,train,metal178_jpg.rf.311848c936bf9432523001d10d6e128e.jpg,METAL
valid,train,metal182_jpg.rf.a3e1a96dbcb2b2dcdfbee430b05cbc6f.jpg,METAL
valid,train,metal183_jpg.rf.817d61d04a1060c79d0c7997e566b927.jpg,METAL
valid,test,metal190_jpg.rf.b577995902336ac86fc12db4fc7e37bd.jpg,METAL
valid,train,metal193_jpg.rf.cf8e2c3315b9d5a712421fa7784f3740.jpg,METAL
valid,train,metal19_jpg.rf.02e094639fa841b10feb5812f3ba2a1b.jpg,METAL
valid,train,metal1_jpeg.rf.57e63f183cf8fcf4680b7fd15a94a873.jpg,METAL
valid,train,metal200_jpg.rf.2d31edc07605998954a65ea22ff442cc.jpg,METAL
valid,train,metal208_jpg.rf.b9f0e8160c5733300c84beeb70cc3708.jpg,METAL
valid,test,metal21_jpg.rf.b7fd8075839e4b30784369e96ff367fa.jpg,METAL
valid,train,metal224_jpeg.rf.c9c00dc27583424974a1b3fe4f0e9997.jpg,METAL
valid,train,metal230_jpg.rf.ea1d27589547f192ca8bd350495fadab.jpg,METAL
valid,train,metal231_jpg.rf.ad65dee98347ccdbf2d3e1e247880fdf.jpg,METAL
valid,train,metal235_jpg.rf.7c24f5139179f93a6f811342ed7872e7.jpg,METAL
valid,test,metal236_jpg.rf.0c5933a62165925f93c0456952b9bcee.jpg,METAL
valid,test,metal239_jpg.rf.200e5c51d2a080d488e29d59e24f9306.jpg,METAL
valid,train,metal241_jpg.rf.c7b7c089aba44b9660517b10ebe80e9d.jpg,METAL
valid,train,metal253_jpg.rf.884b47f148db94746f87dff4ddb57f89.jpg,METAL
valid,test,metal255_jpg.rf.257781c10381231ad57417af65a83bb8.jpg,METAL
valid,test,metal259_jpg.rf.c4dc428a7503aa08cda313388479a546.jpg,METAL
valid,train,metal26_jpg.rf.ab59ddfce2b205d33d9d7d14a5b66bd5.jpg,METAL
valid,test,metal273_jpg.rf.5c6ecf6f5378d0b8feffa55c2580cbfe.jpg,METAL
valid,train,metal278_jpg.rf.e364a5caf2cf2b7b52f8bb1e29781f5e.jpg,METAL
valid,train,metal285_jpg.rf.1326fbe71ff67fcaa0ae7e1e9d8a60ab.jpg,METAL
valid,train,metal288_jpg.rf.0755b5775f2ea97ae07dc5b46256fca0.jpg,METAL
valid,train,metal290_jpg.rf.6685036d4a8930ce706cfb7705ef10b5.jpg,METAL
valid,train,metal291_jpg.rf.be23e260b98ec78bc7add1fe3cad16fd.jpg,METAL
valid,test,metal296_jpg.rf.48e522ab37fa29eb6ede4e523034e7a9.jpg,METAL
valid,test,metal298_jpg.rf.e8d080f95daed8a87c90bea281d18fc7.jpg,METAL
valid,test,metal299_jpg.rf.4a37905038be6d58838f86e25d66c260.jpg,METAL
valid,train,metal300_jpg.rf.5ee38f888e8c8499be3c4b37bdeb6627.jpg,METAL
valid,train,metal308_jpg.rf.921ab700a7247d7b4e2bce295f27c682.jpg,METAL
valid,train,metal317_jpg.rf.1e420d56150462425cf1268455d45c22.jpg,METAL
valid,train,metal322_jpg.rf.eb918240b39f344eab5cc1ac135276f1.jpg,METAL
valid,test,metal323_jpg.rf.f7d267c52862071840a558e2fd5a9354.jpg,METAL
valid,train,metal324_jpg.rf.b4d937070bbf7c2a8f0377b433ae0786.jpg,METAL
valid,train,metal329_jpg.rf.b1b0420f9524f01bf7379ec7e463126e.jpg,METAL
valid,train,metal332_jpg.rf.c6b508c08802c90e5750b26bedced732.jpg,METAL
valid,train,metal348_jpeg.rf.2f4209da0f63fe87537ab17dd753079c.jpg,METAL
valid,train,metal352_jpg.rf.fdb9e3e96644b603e7deb9c28aa68d66.jpg,METAL
valid,train,metal355_jpg.rf.4210e3b83df42564e56971ca701ecda7.jpg,METAL
valid,train,metal358_jpg.rf.e1bcf2c92d746d3824bb9fb8f426992d.jpg,METAL
valid,train,metal360_jpg.rf.39d9dc98f085af4688c147a79b45ad40.jpg,METAL
valid,train,metal369_jpg.rf.24546ed028a9012f50ea3308a14a3c2c.jpg,METAL
valid,test,metal373_jpg.rf.955bce51f0681c36f60bb2fa81b1552d.jpg,METAL
valid,train,metal374_jpg.rf.298126407e809ecacc9498aa2aee3ca7.jpg,METAL
valid,train,metal377_jpg.rf.038c031fdd0a8732b3ea41efe1af68df.jpg,METAL
valid,train,metal390_jpg.rf.c84ac4a1eeedbb629c3f29ed1b36f219.jpg,METAL
valid,train,metal392_jpg.rf.dc33093e8e7098ab17230d873ce9f954.jpg,METAL
valid,train,metal401_jpg.rf.5e03b019d61c8eae79a79ecb906a5834.jpg,METAL
valid,test,metal402_jpg.rf.591ac1464e67aeafaf0b0ca0f368b0e4.jpg,METAL
valid,train,metal409_jpg.rf.4fe36391364c016ad7c2c25fc3c9a0e5.jpg,METAL
valid,train,metal417_jpg.rf.482d529a8b398372a7b81f880ea31323.jpg,METAL
valid,valid,metal41_jpg.rf.9ffd0db88431742b00b476cc0cb9077c.jpg,METAL
valid,train,metal426_jpeg.rf.aea1e2ff5d4e2d07337d5d45faee8577.jpg,METAL
valid,valid,metal427_jpg.rf.8a06d3f834fb927655b648be9d205a80.jpg,METAL
valid,valid,metal431_jpg.rf.a65c091c58714c87b17467e489ae21e0.jpg,METAL
valid,train,metal433_jpg.rf.cc420a12f4909e3318dfc0032591ee1d.jpg,METAL
valid,train,metal440_jpg.rf.ca90123d2e0d1ccbca37afb74239d91d.jpg,METAL
valid,valid,metal450_jpg.rf.d91c9db02d13bbc65b6191614dda6c9d.jpg,METAL
valid,train,metal454_jpg.rf.2e5ca0aba4e66874d2c39542805779c8.jpg,METAL
valid,valid,metal458_jpg.rf.f377b2ddcce88d9b7bb170f2f93a0557.jpg,METAL
valid,train,metal466_jpg.rf.297b7e984a91af4f3753d4c18f81af11.jpg,METAL
valid,train,metal469_jpg.rf.9ba82de7315f861531bb0581ef11e3d5.jpg,METAL
valid,train,metal471_jpg.rf.d5510f8244175ca993233e9583a21537.jpg,METAL
valid,train,metal472_jpg.rf.7ee53ccbbed984748021fa8ea5acba24.jpg,METAL
valid,train,metal475_jpg.rf.09c2887e0bf068455a6a2e6422ddc207.jpg,METAL
valid,valid,metal479_jpg.rf.056e99b2bb8d4785ae379b5327358374.jpg,METAL
valid,train,metal486_jpg.rf.1f6199f6540cd7e5c85d898de1021d77.jpg,METAL
valid,train,metal489_jpg.rf.a88489867c8487db3ab09da7ef9d7b48.jpg,METAL
valid,train,metal48_jpg.rf.356612ee9aef9f1f61fce62658a0c5f3.jpg,METAL
valid,train,metal495_jpg.rf.7da6a1c8552d258daea69ba509156f36.jpg,METAL
valid,train,metal503_jpg.rf.c787f81c73de481b5e9ce121ecc12300.jpg,METAL
valid,train,metal507_jpg.rf.7b8042d1fe2fc9239d3158bfa2f5b943.jpg,METAL
valid,train,metal50_jpg.rf.33c61f83b78d38d21c6d82c1f632f35a.jpg,METAL
valid,valid,metal512_jpg.rf.cd179a6be1e18bc81f1887f5039ef480.jpg,METAL
valid,valid,metal514_jpg.rf.a06ea459bc01afffdbc17846251999f5.jpg,METAL
valid,valid,metal518_jpg.rf.40304432599cf19e0e283ebbd80fc7ad.jpg,METAL
valid,train,metal520_jpg.rf.9429198f98fb8fe392373542df6354ca.jpg,METAL
valid,train,metal521_jpg.rf.b57f386d7eea1c881c9f089eab4c06bf.jpg,METAL
valid,train,metal523_jpg.rf.95c53f226c0c1eae5c6996acdcf4a239.jpg,METAL
valid,train,metal525_jpg.rf.3c80eb4564dccafa578ed4c60938c518.jpg,METAL
valid,train,metal526_jpeg.rf.5c1a27897e1d1c25855626c710c124f7.jpg,METAL
valid,train,metal531_jpg.rf.391ebfdcd383b4134bddaffce2716304.jpg,METAL
valid,train,metal532_jpg.rf.432483f934943ede4160ebbac31cab66.jpg,METAL
valid,train,metal53_jpg.rf.52f3bbc27cf421ce2163c64504fae109.jpg,METAL
valid,train,metal542_jpg.rf.fe83dd387d546fe16916305106216744.jpg,METAL
valid,train,metal544_jpg.rf.069bb3a933ed00d455a6a19ebf3028ad.jpg,METAL
valid,train,metal547_jpg.rf.01a626bc3ad555161c5900d760e4aac8.jpg,METAL
valid,valid,metal555_jpg.rf.7e5ad72ee01236bcac2d1e5eb0ac6692.jpg,METAL
valid,train,metal564_jpg.rf.c2037f7225b300670e46e7273b452266.jpg,METAL
valid,train,metal568_jpg.rf.580c1f2a055a6cc396dc6bcaf99a36ae.jpg,METAL
valid,train,metal573_jpg.rf.6196af9c005fecdbd2f8374b6a84f904.jpg,METAL
valid,valid,metal574_jpg.rf.6aa2e804f44232d6cb6a2f7256dc2764.jpg,METAL
valid,train,metal57_jpg.rf.62521c6426f70ab60b6b9ec0654395e0.jpg,METAL
valid,train,metal587_jpg.rf.a7816ada0e7415edb2089bdbc2eacb80.jpg,METAL
valid,train,metal592_jpeg.rf.c9a29625031b2845c2d09c1105688c28.jpg,METAL
valid,train,metal597_jpg.rf.8ca04ea2c88f910d9da92eaaad571ce6.jpg,METAL
valid,train,metal599_jpg.rf.8af7d5f72e35ae8d06cc777c385692d8.jpg,METAL
valid,train,metal612_jpg.rf.00e7548ca6c4dcfdcf06323dac0da486.jpg,METAL
valid,valid,metal620_jpg.rf.0aeea76dafe1d02c485474b933760714.jpg,METAL
valid,valid,metal622_jpg.rf.f63878d81acb30e7c458e42230c0a5ea.jpg,METAL
valid,train,metal627_jpg.rf.22754fe89644bf92291f290b81d09df1.jpg,METAL
valid,train,metal630_jpg.rf.03ec95df286f02c8c069eef44e7af7bc.jpg,METAL
valid,valid,metal634_jpg.rf.0c23aebb94a8c025d8baa5f3604fa82e.jpg,METAL
valid,train,metal638_jpg.rf.6e6b117b1aff33489aff953f5a101074.jpg,METAL
valid,valid,metal650_jpg.rf.be073e4698ceeb1856cfaf9bded14129.jpg,METAL
valid,valid,metal655_jpg.rf.38342906506d842e46732f92a1f14bdf.jpg,METAL
valid,valid,metal657_jpg.rf.7aa46822834b55e3bcd6dffc9daefd5a.jpg,METAL
valid,valid,metal65_jpg.rf.0bc1a4360bb131765c047fa35ebcb24c.jpg,METAL
valid,train,metal676_jpg.rf.80ffa1f1c36de4ca72b046e3b8426304.jpg,METAL
valid,valid,metal67_jpg.rf.15f642ffc8a25df709da786eeae6b9cb.jpg,METAL
valid,train,metal680_jpg.rf.46469865477198ecfaa38f1c1e523cba.jpg,METAL
valid,train,metal681_jpeg.rf.2714935def0125aa1400104eddb94ef6.jpg,METAL
valid,valid,metal682_jpg.rf.0b7a0e57cbd456c766411644808abb11.jpg,METAL
valid,valid,metal684_jpg.rf.31d895bcdae7ee36edbc915396e12851.jpg,METAL
valid,valid,metal691_jpg.rf.b8a2f3c8bf40bac07fb8171908214ea3.jpg,METAL
valid,train,metal703_jpeg.rf.eb3705917e00ee132acf49c2be885598.jpg,METAL
valid,valid,metal708_jpg.rf.fab11a793baab3e9338a198db3b25198.jpg,METAL
valid,valid,metal716_jpg.rf.3d52ca4fb197e5c74509adfd5bd77354.jpg,METAL
valid,train,metal719_jpg.rf.b32ab7230af27992f533786c5fbbf207.jpg,METAL
valid,valid,metal721_jpg.rf.e6d731b805c3372eed2b3222ced72101.jpg,METAL
valid,valid,metal731_jpg.rf.ca7ff8f78ff05e6cbb90990580d118a7.jpg,METAL
valid,train,metal732_jpg.rf.150f857a618ed360f46e45f9443d288e.jpg,METAL
valid,valid,metal733_jpg.rf.9acba57c6a99fb467327c61d7ecd220e.jpg,METAL
valid,train,metal735_jpg.rf.35130dbab89a6a11b118092c9cd805ca.jpg,METAL
valid,train,metal748_jpeg.rf.238cefabf86dd271b172f8b84a028a72.jpg,METAL
valid,valid,metal751_jpg.rf.c76bf1d8ca027078410ba49282a02e6a.jpg,METAL
valid,train,metal753_jpg.rf.fce115a530d454224bf79609704b5a2c.jpg,METAL
valid,valid,metal756_jpg.rf.0420a52e06aa413a4f3f54bf6159fe1a.jpg,METAL
valid,train,metal75_jpg.rf.b348f90702684cec6ea924d8504d85ef.jpg,METAL
valid,train,metal760_jpg.rf.067a58d94bac026f9b9140f093d14e56.jpg,METAL
valid,valid,metal764_jpg.rf.04ebfb22cb7cfa049bc786652823dc22.jpg,METAL
valid,valid,metal772_jpg.rf.32f1f13c5c1591f2454f8f1d318de74f.jpg,METAL
valid,valid,metal782_jpg.rf.54f3492b26fbdfb57a736b195547e4e2.jpg,METAL
valid,train,metal796_jpg.rf.34f63e1a632d52feefbc4f0ee2e371b1.jpg,METAL
valid,valid,metal7_jpg.rf.99b21906ebcaaf6a97142e6b9067c05a.jpg,METAL
valid,train,metal804_jpg.rf.aed1d7deab890f84808d5b60e0457794.jpg,METAL
valid,train,metal807_jpg.rf.395d1747f1d3c5e4d3d13116ea4b82b7.jpg,METAL
valid,train,metal816_jpg.rf.7fc0dca895d57e775d9364fc6636f19e.jpg,METAL
valid,valid,metal817_jpg.rf.cea54e3854cd95eb83d374196431ab8e.jpg,METAL
valid,train,metal819_jpg.rf.8a968503c4083c032330929587a71991.jpg,METAL
valid,valid,metal82_jpg.rf.39c25c1d16ed279eb6d598721ebcfdf6.jpg,METAL
valid,train,metal840_jpg.rf.a039c75acd01162571dd320997438cdd.jpg,METAL
valid,valid,metal854_jpg.rf.3945feaede25e0e67d852625ba2662d2.jpg,METAL
valid,train,metal856_jpg.rf.8e64dfcbcbf91f2a658548730aa88fd1.jpg,METAL
valid,train,metal858_jpg.rf.14746c91b94b3e68f017fe01828eea6e.jpg,METAL
valid,train,metal861_jpg.rf.30a111b6e1bd9895b8152787f3731dea.jpg,METAL
valid,train,metal862_jpg.rf.e92a0562a83ec08afa181d96b348f1b9.jpg,METAL
valid,train,metal874_jpg.rf.b138cd5ab0da38f765cf8d2fb9c6d4c6.jpg,METAL
valid,valid,metal878_jpg.rf.0b09d0e69aef2f404e006309ffe46f41.jpg,METAL
valid,valid,metal880_jpg.rf.315287f2a76c1a1fddbc22f7917b486f.jpg,METAL
valid,train,metal884_jpg.rf.2d1b9ccb10847b179027c0d304726313.jpg,METAL
valid,train,metal889_jpg.rf.1a79814b3e8506e669397f26e88c25b6.jpg,METAL
valid,train,metal890_jpg.rf.907b6abbbf40b1131289f7cee50e34df.jpg,METAL
valid,train,metal891_jpg.rf.105a14c38ee46ba8c477a9fec4b4a817.jpg,METAL
valid,train,metal898_jpg.rf.47854ee274e6a6fbef7efaef21452a46.jpg,METAL
valid,train,metal906_jpg.rf.5320ef2d91637fc47198f0fa14fa4621.jpg,METAL
valid,valid,metal910_jpg.rf.799355d344c8b694c4014eb789f82eac.jpg,METAL
valid,train,metal915_jpg.rf.afa9ea2c8ebed9c7ddc6828c5cb2c70a.jpg,METAL
valid,train,metal919_jpg.rf.0abb3454aeae0ad2f92f4d61758d37bc.jpg,METAL
valid,train,metal923_jpg.rf.d60a10087b967f9a0b9e821615149540.jpg,METAL
valid,train,metal926_jpeg.rf.a504f6911acc320e37a19b10e9f35bda.jpg,METAL
valid,train,metal930_jpg.rf.0d9970fc8fc44ac4c92b132d8d733835.jpg,METAL
valid,valid,metal931_jpg.rf.024c06e833ed6bb35f2660a96b87ab21.jpg,METAL
valid,valid,metal938_jpg.rf.7a4f69de0fc89c932d2cc320c5e452f0.jpg,METAL
valid,train,metal942_jpg.rf.54e7aa2a2c808b38b3fb8c536477b8e5.jpg,METAL
valid,train,metal950_jpg.rf.ad5d7c6a20a943f824cb36003ecf7b6e.jpg,METAL
valid,valid,metal952_jpg.rf.6fc0574bb5e848fda34a71ee07ca0acc.jpg,METAL
valid,train,metal955_jpg.rf.e3aa77dcaf81939893ee5d8768d9be8b.jpg,METAL
valid,train,metal962_jpg.rf.6f9a08abc940c30e83aae9a5a806dbd7.jpg,METAL
valid,valid,metal969_jpg.rf.7ef0a3d9f6f798c7c4c7240f3e6f2553.jpg,METAL
valid,valid,metal976_jpg.rf.d60d3dc09fea9c495d4ade339b1498bf.jpg,METAL
valid,train,metal978_jpg.rf.7849bf507c7f2d7f42d712617d14aa99.jpg,METAL
valid,train,metal97_jpg.rf.21ecb8f06a85a6f482ac95e712e1ed34.jpg,METAL
valid,train,metal990_jpg.rf.d783f4f36f4f240a45b33f45fe651777.jpg,METAL
valid,valid,metal993_jpg.rf.4c151973c2e06d47dc5c517c09328fcc.jpg,METAL
valid,train,metal994_jpg.rf.cc9958f59ddc0651c553c0fe5c08d5fa.jpg,METAL
valid,train,metal995_jpg.rf.86f77e585faf21b2a7355651e4e5fb18.jpg,METAL
valid,valid,metal998_jpg.rf.203899b6a12e04d001b8221865360361.jpg,METAL
valid,valid,metal9_jpg.rf.e3905621bd2af8b2636cc66cc4102939.jpg,METAL
valid,train,paper1005_jpg.rf.31c04abaf373372d52061076ce4ced57.jpg,PAPER
valid,test,paper1008_jpg.rf.faef6fdbc29790622981282c2c3f9b9d.jpg,PAPER
valid,train,paper1023_jpg.rf.9f2baaa0e0eee4fe1d3724a8484ce117.jpg,PAPER
valid,train,paper1036_jpg.rf.cd3e24db1cb1371c5349377c8e2ae9b1.jpg,PAPER
valid,test,paper103_jpeg.rf.fece844ef6112cb772930e241c3cea50.jpg,PAPER
valid,test,paper1041_jpg.rf.a85979df543f1f06667e8f0c832452fd.jpg,PAPER
valid,train,paper1045_jpg.rf.e8e518694939084c15f3d8c2d29cc23a.jpg,PAPER
valid,test,paper1046_jpg.rf.4f6493b25c7b099ad741477e8d0dc9fa.jpg,PAPER
valid,train,paper1047_jpg.rf.ad479d67c995c6cdbe6c2c521f012a93.jpg,PAPER
valid,train,paper1065_jpg.rf.66bfe1f2203d917baff43fc83d210280.jpg,PAPER
valid,train,paper1071_jpg.rf.087cb981fd53e66b57eca1ac13f0b3d2.jpg,PAPER
valid,train,paper1076_jpg.rf.96e6b61243daa200f0147887a87bcd93.jpg,PAPER
valid,train,paper1082_jpg.rf.74f21c55b5ababec5ce3e54f1329ba8a.jpg,PAPER
valid,train,paper1085_jpg.rf.1cd0cdd719c051cd6a227ae8edc7f58e.jpg,PAPER
valid,train,paper1088_jpg.rf.52afba648450fde4233e9b1133cbc7a2.jpg,PAPER
valid,test,paper1095_jpg.rf.4625051dd2732618dcc80db20a4798ce.jpg,PAPER
valid,train,paper1098_jpg.rf.23f07335599b08ac25917537ad9c8e71.jpg,PAPER
valid,train,paper10_jpg.rf.a1ee7e6e16fdc232745c92a4f96b0b93.jpg,PAPER
valid,train,paper1102_jpg.rf.7bc86273cbf2bc513b1c74c8001f26ad.jpg,PAPER
valid,train,paper1111_jpg.rf.a0c63f6200f847355abfedd35f26e8a0.jpg,PAPER
valid,train,paper1115_jpg.rf.94e9636512384ebbd6d408197e671cc1.jpg,PAPER
valid,train,paper1118_jpg.rf.46c76cef78f99b8092f05a7029709cfe.jpg,PAPER
valid,train,paper1119_jpg.rf.8ace1e0858f3fff4bf0d1d8637acd680.jpg,PAPER
valid,train,paper1121_jpg.rf.dfa9c0efc9a20e82701f79dd5c7ae180.jpg,PAPER
valid,train,paper1122_jpg.rf.dec4d887568886df7c214ff15e8fde4b.jpg,PAPER
valid,train,paper1123_jpg.rf.f5583fc4357e5645f7593a2d947990c0.jpg,PAPER
valid,test,paper1125_jpg.rf.8f5c9fa5a238d94950371aadc49e5c61.jpg,PAPER
valid,train,paper1126_jpg.rf.83e1682fd69a31a4a4ee95cdce93dd21.jpg,PAPER
valid,test,paper1128_jpg.rf.e4fb03e4295744ae8f348d29baf18ad0.jpg,PAPER
valid,train,paper112_jpg.rf.a9ee237a4256ba266dacbfb01f8375c3.jpg,PAPER
valid,test,paper1134_jpg.rf.c54f9f56861672f989d40041ab7c90f3.jpg,PAPER
valid,test,paper1141_jpg.rf.703a0b5153efe897c45e1fc0159727bb.jpg,PAPER
valid,train,paper1144_jpg.rf.f21ae2213d7d1027dbb97c01320d2e18.jpg,PAPER
valid,train,paper1150_jpg.rf.7797a8afc638f9e7d1081b6d4315cfbb.jpg,PAPER
valid,train,paper1151_jpg.rf.0c59289f68ad9ae530de88b4112174c7.jpg,PAPER
valid,test,paper1152_jpg.rf.738e1fb4a01d0a69592190bb86d8ccf2.jpg,PAPER
valid,train,paper1156_jpg.rf.5d71b1df59082f381283e0480b9d86e9.jpg,PAPER
valid,test,paper1160_jpg.rf.cdce4a52a1a3fe24ead81115c614c72b.jpg,PAPER
valid,test,paper1162_jpg.rf.cd960b1df51547e5de272f760a44d902.jpg,PAPER
valid,train,paper1164_jpg.rf.6225a43bfe008fd6dbb71aba084dffbf.jpg,PAPER
valid,test,paper1165_jpg.rf.fb8e424a2f0493c1dce375495c7b61b7.jpg,PAPER
valid,test,paper1169_jpg.rf.0a7c530efc44a48891d3aff687cbac90.jpg,PAPER
valid,train,paper1175_jpg.rf.18faf55a91e92836b1fe8fda8817cbf6.jpg,PAPER
valid,test,paper1180_jpg.rf.40da54d797cffa41677c2ad2993d8f24.jpg,PAPER
valid,train,paper1203_jpg.rf.8a0cdb4b081774ddf7b83ade1d49570d.jpg,PAPER
valid,train,paper1206_jpg.rf.4880e012cf1b97009babc2bcaa099db7.jpg,PAPER
valid,train,paper120_jpg.rf.23d6d34c4b44db64073594e1925611e5.jpg,PAPER
valid,train,paper1218_jpg.rf.01589a51275a51b946323dacdc3b9198.jpg,PAPER
valid,test,paper1219_jpg.rf.a2718a43d4bb8de2e0ef6eb205a526ba.jpg,PAPER
valid,test,paper1220_jpg.rf.238a4a6f0814c199bdc3414a74f3ebfe.jpg,PAPER
valid,train,paper1225_jpg.rf.be47ec012c53370f64b3c123ace2e111.jpg,PAPER
valid,train,paper1226_jpg.rf.9748cc4aa04fd286b933e09c1b50f04e.jpg,PAPER
valid,train,paper1247_jpg.rf.c4686c7c98369424cb2deaf7a29d1c7f.jpg,PAPER
valid,test,paper1252_jpg.rf.e1c477fe703651d9957c9a83a2a968e2.jpg,PAPER
valid,test,paper1258_jpg.rf.b08865b024da3dcdaf1467a155522fdf.jpg,PAPER
valid,test,paper1260_jpg.rf.9c0921fb6973f06a2b9771e63060d65b.jpg,PAPER
valid,test,paper1262_jpg.rf.852fee63c89f1456630f4e83429cb4a3.jpg,PAPER
valid,train,paper1263_jpg.rf.be6b50e7f955698323f0b27a256f9e3b.jpg,PAPER
valid,train,paper1267_jpg.rf.6775b30f92c8aed9da5341ea307da3f5.jpg,PAPER
valid,test,paper1268_jpg.rf.1231e8f6b4fae3fb8d04a547ced94abb.jpg,PAPER
valid,train,paper1271_jpg.rf.17c49449213e9a69ca69f40ed9fca035.jpg,PAPER
valid,train,paper1275_jpg.rf.81a6a36a48f9f6c25b647d481dc3ccd9.jpg,PAPER
valid,train,paper1276_jpg.rf.040427cda9cb91fbe1161a0bf0bf5294.jpg,PAPER
valid,train,paper1280_jpg.rf.aaf7c8925da70b582e482c00cad20c78.jpg,PAPER
valid,train,paper1282_jpg.rf.c20219d7dc932c3588c5b3439833dfe3.jpg,PAPER
valid,train,paper1294_jpg.rf.30fa8b15e55ea3d0ce456cbd81e6b423.jpg,PAPER
valid,test,paper1298_jpg.rf.79844c7b761e53cc22995765688ae21f.jpg,PAPER
valid,train,paper129_jpg.rf.86621145f1ec6257ab006b8ce5c5f726.jpg,PAPER
valid,train,paper12_jpg.rf.f292d4be9d6cadb0352775769a127687.jpg,PAPER
valid,train,paper1300_jpg.rf.4d0d585bfae3c0e4cb4ec66f182f8c87.jpg,PAPER
valid,train,paper1301_jpg.rf.2313f5d597f166a11ef6a4d23fb7529d.jpg,PAPER
valid,test,paper1304_jpg.rf.7d2f342565847fc95cf93792fb33fd8f.jpg,PAPER
valid,train,paper1319_jpg.rf.dece732282f178ef06d25ad94beb9b77.jpg,PAPER
valid,test,paper131_jpg.rf.0c880f85bdb100b9cc04265f51662026.jpg,PAPER
valid,train,paper1322_jpg.rf.810d677d0fccf21068dabba841d2b8b1.jpg,PAPER
valid,test,paper1323_jpg.rf.77255e2ccee473e472110c3590b95e2f.jpg,PAPER
valid,train,paper1326_jpg.rf.7cdb7457d48c56bdb48a3025829354f5.jpg,PAPER
valid,train,paper1332_jpg.rf.8a195215763768545e0e708c26f67886.jpg,PAPER
valid,test,paper1333_jpg.rf.e20f2a26c9b1abb487e23be1a0051cc6.jpg,PAPER
valid,train,paper1334_jpg.rf.f6e858b66ce8398fbcdb5b35156df646.jpg,PAPER
valid,train,paper1337_jpg.rf.4a6ca9f65269e7977f42f03663b6d601.jpg,PAPER
valid,test,paper1362_jpg.rf.c52a90c77cda7cb409b31893fab8ee68.jpg,PAPER
valid,train,paper1363_jpg.rf.0d2d28bcad4edb3cec3e2c038c28a4c1.jpg,PAPER
valid,train,paper136_jpg.rf.bf515c2a06da26f709fe476b85fad3ea.jpg,PAPER
valid,test,paper1370_jpg.rf.3594482ef11714280e7bc3054724c7c8.jpg,PAPER
valid,train,paper1382_jpg.rf.9affc9c3ea16a20238786feb2b08ef56.jpg,PAPER
valid,train,paper1383_jpg.rf.1e2ddae6b86c5ab68a9e91c7c23f88f6.jpg,PAPER
valid,test,paper1387_jpg.rf.2747df68245b2b3e53133a56b853a278.jpg,PAPER
valid,train,paper1389_jpg.rf.fc6cad92f4c5f20ee5e5dd6b1151955f.jpg,PAPER
valid,train,paper1396_jpg.rf.9ba77dc14e2c83f6beb94bca074afe71.jpg,PAPER
valid,train,paper1397_jpg.rf.7bd3716c44559b5ded0939856354d87a.jpg,PAPER
valid,test,paper1400_jpg.rf.dc0f028724d739a940e06417f6a7e75d.jpg,PAPER
valid,test,paper1402_jpg.rf.e4d1e2a57fa7a374e583bba3f98b3b32.jpg,PAPER
valid,train,paper140_jpg.rf.113e87273b65a2dcc6c7a3269e7c14a4.jpg,PAPER
valid,train,paper1410_jpg.rf.2fbac14c993c98a757f9ae73f720d8c5.jpg,PAPER
valid,test,paper1412_jpg.rf.53a29822cb375d05cdd7c05cc5553668.jpg,PAPER
valid,train,paper1413_jpg.rf.f8123fc73e6b56706361f3d42b616a46.jpg,PAPER
valid,train,paper1417_jpg.rf.cba1796fec48fcd7b2c3e42138a4210b.jpg,PAPER
valid,train,paper141_jpg.rf.085b59722a7a57fbc8f7ec0325d3b6e8.jpg,PAPER
valid,test,paper1421_jpg.rf.9724bfedf78e512000791778d267cd4d.jpg,PAPER
valid,train,paper1423_jpg.rf.e2ef0e9cdde4f3fde2b187feda281248.jpg,PAPER
valid,train,paper1428_jpg.rf.5a207c0f4859545b68e416f8a9a7cb08.jpg,PAPER
valid,test,paper1437_jpeg.rf.a1ace6bbc4f672621f277bb5dbdc31e2.jpg,PAPER
valid,train,paper1443_jpg.rf.93885baf67fdb70490a9b63898258ac8.jpg,PAPER
valid,train,paper1444_jpg.rf.8def73c02bc9fa819a8eb9cce545e3b0.jpg,PAPER
valid,test,paper1447_jpeg.rf.7d157b5245f53e24456a70dbf72d75f1.jpg,PAPER
valid,train,paper1456_jpeg.rf.a3c361b2da52b4425843b9ba5e0d0f79.jpg,PAPER
valid,train,paper1468_jpeg.rf.2cdf77cd3067591fce704463c4424bca.jpg,PAPER
valid,train,paper1477_jpeg.rf.5da5bb098551455dbde5c5e43218a2a0.jpg,PAPER
valid,test,paper1487_jpeg.rf.0ea4219ede88cfff02dfba177e4445ad.jpg,PAPER
valid,train,paper1489_jpeg.rf.4a811849f2ba2b6bdb66f9914cd7b24d.jpg,PAPER
valid,train,paper1493_jpeg.rf.b27123e172eff742c16630c6d155a642.jpg,PAPER
valid,train,paper1514_jpeg.rf.3a68ff0ce74d85a301f1ee39d661ee10.jpg,PAPER
valid,train,paper1515_jpeg.rf.302c8556d556efcd82b6ee1a0f516a06.jpg,PAPER
valid,train,paper1516_jpeg.rf.ab267fbc78b31aa378faf5acb21e25b4.jpg,PAPER
valid,train,paper1527_jpeg.rf.8c6408bc5b6a445d54d8586250316f0e.jpg,PAPER
valid,train,paper1530_jpeg.rf.314a20dacd5eee315105bcced7e0fee4.jpg,PAPER
valid,train,paper1531_jpeg.rf.69e9c1ee60673d6c9cf92d6447d00017.jpg,PAPER
valid,test,paper1536_jpeg.rf.72451e4b21ccd794db1fecd0581804e0.jpg,PAPER
valid,test,paper1541_jpeg.rf.c37330a67bfd6531f49a52737636277c.jpg,PAPER
valid,train,paper1544_jpeg.rf.7b0abbbe27d3f5c510e5325b40108313.jpg,PAPER
valid,test,paper1546_jpeg.rf.6093ce9ca9e68d2d79303cb86ec287c9.jpg,PAPER
valid,test,paper1549_jpeg.rf.1e988975f68ef0f79cfb5b8cd6e84e3e.jpg,PAPER
valid,test,paper1562_jpeg.rf.556795e2e5553d575d25018c8bc9d31f.jpg,PAPER
valid,train,paper1563_jpeg.rf.441b5623207baed63d7f44ca174d2900.jpg,PAPER
valid,test,paper1567_jpeg.rf.bbd205f93ebcb41e6327020230e4ec21.jpg,PAPER
valid,test,paper1572_jpeg.rf.0fa54932116631f23d5f838bb0912d18.jpg,PAPER
valid,train,paper1573_jpeg.rf.586c26761023481d0ebf64f3bf9a2887.jpg,PAPER
valid,test,paper1574_jpeg.rf.e2f86857e19481160512f9544d12d697.jpg,PAPER
valid,test,paper1586_jpeg.rf.c573e82440e60fa3ac4824db563cb474.jpg,PAPER
valid,train,paper1590_jpg.rf.896531faff916bc90149e4cb24dca09d.jpg,PAPER
valid,test,paper1591_jpeg.rf.f21d13eab98743b2dca458979587e910.jpg,PAPER
valid,train,paper1596_jpeg.rf.4cba690f4186218211811a4aa2dc828d.jpg,PAPER
valid,test,paper1597_jpeg.rf.a344aff3f9917ca1c830c9e1ccb5cb58.jpg,PAPER
valid,train,paper1598_jpeg.rf.0eee70ad37c02eaf4ff9d0c1c48f2d5d.jpg,PAPER
valid,test,paper160_jpg.rf.c0e03f9ca15477b2220ff26aadae2c1f.jpg,PAPER
valid,train,paper1613_jpeg.rf.e7fb75e791c7a9b738056f9dd2673c73.jpg,PAPER
valid,test,paper1633_jpeg.rf.53ea8bef30bd0b31a7ee45e645237e26.jpg,PAPER
valid,train,paper163_jpg.rf.feb607f79fd00c380338cba81c798c2a.jpg,PAPER
valid,train,paper1643_jpeg.rf.8688bf1e76f0530d172248b59c36e1ce.jpg,PAPER
valid,test,paper1654_jpeg.rf.2bf5a71e22fb784a4139820343098787.jpg,PAPER
valid,train,paper1658_jpeg.rf.b0b5dc83471cfef5bbbfc92281ea728d.jpg,PAPER
valid,test,paper1662_jpeg.rf.0a76f7b48afc0297dab1f452f1c88520.jpg,PAPER
valid,train,paper1665_jpeg.rf.ba098436c95311842d561b5cb2ca0cbe.jpg,PAPER
valid,train,paper1670_jpeg.rf.367b489ad1992a75e617e2e38d2b8d0a.jpg,PAPER
valid,train,paper1675_jpeg.rf.e6f6694a6525d31cd01e255da051fd86.jpg,PAPER
valid,train,paper1678_jpg.rf.0e84e0c73b2010b4fe32ca3a7c44dff8.jpg,PAPER
valid,train,paper1680_jpeg.rf.6fd92df8e489a9857e1cb1df6eb3cda3.jpg,PAPER
valid,test,paper1684_jpeg.rf.fafdd33f3ca3c25625f6d943964dcd4a.jpg,PAPER
valid,test,paper1687_jpeg.rf.ff2d66aec90dbfe4f2aac661efb90849.jpg,PAPER
valid,test,paper1688_jpeg.rf.394fcb5cbc548d5c1d8c8387c502237b.jpg,PAPER
valid,test,paper1691_jpeg.rf.7c72ecba22b08fb900b12d5408a1de38.jpg,PAPER
valid,train,paper1700_jpeg.rf.dddb9e90457b45e4994c3c989de53090.jpg,PAPER
valid,train,paper1708_jpeg.rf.76fab1628d6f7f37064a657be305b0a0.jpg,PAPER
valid,test,paper1709_jpeg.rf.b484c9fded55f31a2cd506bfc805a5cf.jpg,PAPER
valid,train,paper1711_jpeg.rf.3973ac8b7f848dfb31033088f497ddd3.jpg,PAPER
valid,test,paper1732_jpeg.rf.230c52f8a1949fb512013e6103b2f888.jpg,PAPER
valid,train,paper1734_jpeg.rf.70021302266c9578be23d9364b497c56.jpg,PAPER
valid,test,paper1745_jpeg.rf.374b747f9ca4e675b821244eca69cac6.jpg,PAPER
valid,train,paper1749_jpeg.rf.29d793ecbbffb5e90a49823c4c7a267b.jpg,PAPER
valid,train,paper1753_jpeg.rf.4ee5885c249e1c17a685ec311530ce81.jpg,PAPER
valid,train,paper1774_jpeg.rf.6d57851fb4ac021b49396264d125ca77.jpg,PAPER
valid,train,paper1776_jpeg.rf.46aed3d04ddc36deade35473e521e43f.jpg,PAPER
valid,train,paper1783_jpeg.rf.5c3b909748c4a6b7f131249c55af424a.jpg,PAPER
valid,test,paper1791_jpeg.rf.6010babb90dccadbd887196b9014e3e4.jpg,PAPER
valid,train,paper1798_jpeg.rf.f17a4b93a5792d802979995c9c5c665e.jpg,PAPER
valid,train,paper1803_jpeg.rf.836b53be66bb6e24fccb910b61bc8ca2.jpg,PAPER
valid,train,paper1808_jpeg.rf.c23a8d8ea521fe23e7e0dfa0c044ebc5.jpg,PAPER
valid,train,paper180_jpg.rf.48d815bc744ff929735c1a4444e5becb.jpg,PAPER
valid,train,paper1810_jpg.rf.1023d35e64828126a99f786d7573c42c.jpg,PAPER
valid,test,paper1811_jpg.rf.ee5f13d5780b8111a3bd670cf74c6253.jpg,PAPER
valid,test,paper1832_jpg.rf.eab401b0c1287c9a0a5090abfeca379e.jpg,PAPER
valid,train,paper1840_jpg.rf.c07a12f5b544ae598a25e50c64d6109e.jpg,PAPER
valid,train,paper1859_jpg.rf.a8f88966c4c23d02b485d99f06287e21.jpg,PAPER
valid,train,paper1862_jpg.rf.971774c856bbe3ff561d22c678dc1bf7.jpg,PAPER
valid,train,paper1863_jpg.rf.0bc9690a031856105b552147dedc1ef4.jpg,PAPER
valid,train,paper1869_jpg.rf.e0f9a90086766710ffa4177669c1cddb.jpg,PAPER
valid,train,paper1878_jpg.rf.576b19b1a77a7f4829eeeeed8ed169ce.jpg,PAPER
valid,test,paper1881_jpg.rf.744ad7375580d2a4b52a696d277f8a2c.jpg,PAPER
valid,train,paper1883_jpg.rf.0b5244a066414956d5cfd3640ad66dff.jpg,PAPER
valid,train,paper1884_jpg.rf.f2c06dda309296e0c3bbeba071ee7299.jpg,PAPER
valid,train,paper188_jpg.rf.8a488bdb6ebf5d08c0b2a3c30f72f916.jpg,PAPER
valid,test,paper1890_jpg.rf.48a14b94d40f3d43c64a3fc7f485b4a9.jpg,PAPER
valid,test,paper1895_jpg.rf.12ba0035391404d9e7a432c6241365ce.jpg,PAPER
valid,train,paper1900_jpg.rf.3936ec481163433257fdf54bba51d5f0.jpg,PAPER
valid,train,paper1902_jpg.rf.f9e5b5d35d8f95a06059c2396880adf3.jpg,PAPER
valid,train,paper1915_jpg.rf.20e441a6606da6ec6d4985452442d846.jpg,PAPER
valid,test,paper1919_jpg.rf.6b602c8ce430d50a1a9acc6e0964206f.jpg,PAPER
valid,train,paper1921_jpg.rf.8c0f7a0bd7c92757e54ff40964e69d33.jpg,PAPER
valid,train,paper1922_jpg.rf.370e7b00e8071c0cb0e073b48bc99af7.jpg,PAPER
valid,train,paper1928_jpg.rf.2ebff7b729d6a3ba800cb7b67cec6470.jpg,PAPER
valid,train,paper1929_jpg.rf.6e992c5cf80774a460534a638c898608.jpg,PAPER
valid,train,paper1943_jpg.rf.eca688c46f7d32dfe93982c01e8aac48.jpg,PAPER
valid,train,paper1948_jpg.rf.49663448e32f66163e00dd2a1e2da595.jpg,PAPER
valid,train,paper1949_jpg.rf.4b9a588a0cc090cbea2b97a8d65ec01a.jpg,PAPER
valid,train,paper1951_jpg.rf.1b63a1e7ee67a404e2636c0014639149.jpg,PAPER
valid,train,paper1952_jpg.rf.b84d7bd2ffca9c911fbb510fbdea44cd.jpg,PAPER
valid,test,paper1953_jpg.rf.41520746c0e3159824d91146c7cd72e6.jpg,PAPER
valid,train,paper1962_jpg.rf.ac66261262977a0908d0deddf62d41b3.jpg,PAPER
valid,train,paper1975_jpg.rf.fa36af90f6e8cd0f5edb9afcbd9ea44e.jpg,PAPER
valid,train,paper1977_jpg.rf.623e86de877db7e06afbf97072c57b89.jpg,PAPER
valid,train,paper1984_jpg.rf.4edc150eb91d67b5d11df1ed88f17c1e.jpg,PAPER
valid,train,paper1986_jpg.rf.4d7e20977050e656fcbce43ab39b87f7.jpg,PAPER
valid,test,paper1991_jpg.rf.11f8cd9ed54f4f0ae3e145c13b7f88af.jpg,PAPER
valid,train,paper1995_jpg.rf.73f238b50159710e88234fcb230cf8f8.jpg,PAPER
valid,train,paper1998_jpg.rf.730f0e843e4c85a627a1cba4c3139938.jpg,PAPER
valid,train,paper1999_jpg.rf.7eccfc3651f6db7e45021ec66d1e99a2.jpg,PAPER
valid,train,paper1_jpeg.rf.dc94583309e17bd847e8168cb8f76a05.jpg,PAPER
valid,train,paper2000_jpg.rf.58064d2651f36fed0feb846f87143435.jpg,PAPER
valid,train,paper2004_jpg.rf.fc0f393e1eec88f564c9609237a0674b.jpg,PAPER
valid,train,paper2006_jpg.rf.9f08de8a3b08681ac42ccd8f70adef8b.jpg,PAPER
valid,test,paper2009_jpg.rf.19dff2f606aec7f0e53dace3d370afe3.jpg,PAPER
valid,train,paper2010_jpg.rf.90a4e17b27e8d8eb1b966130eced8f9a.jpg,PAPER
valid,test,paper2017_jpg.rf.f3aa1e13a777f7022955dd05f95476aa.jpg,PAPER
valid,train,paper2024_jpg.rf.ad4f78135d138625bdfbe02c1632f29e.jpg,PAPER
valid,train,paper2029_jpg.rf.5dcd09214b4904b9ef0e0750d33b9be5.jpg,PAPER
valid,train,paper2030_jpg.rf.a348099adfe96e2ef06ad5ce339c0ac9.jpg,PAPER
valid,test,paper2031_jpg.rf.b0b08293332acec67f5388bf639a2ca3.jpg,PAPER
valid,test,paper203_jpeg.rf.e5df9fcc4865128dab0c05e72458a3b7.jpg,PAPER
valid,test,paper2041_jpg.rf.cf28076c47a2c6d6fadc4fcdba2e6d76.jpg,PAPER
valid,train,paper2051_jpg.rf.f746cad37684e82dbb58845c19853700.jpg,PAPER
valid,train,paper2055_jpg.rf.03f802220de98e229fdb6146841fe144.jpg,PAPER
valid,train,paper2063_jpg.rf.1b2cc31da8aa184cf07393c82b0b2b9e.jpg,PAPER
valid,train,paper2070_jpg.rf.e385c8e05b828ad4d40ee0e94f801a7e.jpg,PAPER
valid,train,paper2083_jpg.rf.459e2a42a8b29c50171b77881e71e1f8.jpg,PAPER
valid,test,paper2085_jpg.rf.cf18220d15ded99ae280023c6db5609b.jpg,PAPER
valid,train,paper2091_jpg.rf.a590fb1097c76e67604e74045ea5de1f.jpg,PAPER
valid,train,paper2103_jpg.rf.54742ccfade871cc8e0dcda4ddc9dca1.jpg,PAPER
valid,train,paper2105_jpg.rf.1d95e1a43312ead94b9b62f3202f2cbc.jpg,PAPER
valid,train,paper2108_jpg.rf.787df7f09d6dfa6c14ab373d6cbf2e08.jpg,PAPER
valid,train,paper2110_jpg.rf.e517ba1e1893d67f01d4ac4849e66b79.jpg,PAPER
valid,test,paper2111_jpg.rf.ba38d825dc86e9d6cb9007ab61bc648b.jpg,PAPER
valid,train,paper2112_jpg.rf.526973118820fb1827b6a564cd38bbb1.jpg,PAPER
valid,train,paper2114_jpg.rf.c3da7805f8ed867b2e96103217488e21.jpg,PAPER
valid,train,paper2118_jpg.rf.ab98b8e399e82234ffca05c9a8efca27.jpg,PAPER
valid,train,paper2123_jpg.rf.2dd4be095a382d4d25112a209d8b6eca.jpg,PAPER
valid,train,paper2124_jpg.rf.32fba22a26a53c4f35716ad57cf3bef3.jpg,PAPER
valid,train,paper2125_jpg.rf.b40692f3f96b232007a4e02efc0fc92a.jpg,PAPER
valid,test,paper2133_jpg.rf.ecfcf2a34b2cd3f0bac03d38e0aa9d9d.jpg,PAPER
valid,train,paper2134_jpg.rf.c9873c22fedaa2ba5cc7c9df8aa69a61.jpg,PAPER
valid,train,paper2135_jpg.rf.41624370fd0a3194ee0831c8cf0859f3.jpg,PAPER
valid,test,paper2140_jpg.rf.eda33ba7da4b6052a8bef891ea2e82e2.jpg,PAPER
valid,test,paper2144_jpg.rf.0f0824d2fd920fd3f3c937de74e7915d.jpg,PAPER
valid,train,paper2150_jpg.rf.c80c8977e551d28b86a180fe7215ee05.jpg,PAPER
valid,train,paper2151_jpg.rf.de376049604985e55a9f983bce6caec7.jpg,PAPER
valid,train,paper2156_jpg.rf.3f48cf08021e003f639bd671ef1992c7.jpg,PAPER
valid,train,paper2157_jpg.rf.403c35285c0193e2ffcee0f8e9830b66.jpg,PAPER
valid,test,paper2158_jpg.rf.19807eab14552c6ee1da59cf49307bec.jpg,PAPER
valid,train,paper2165_jpg.rf.9c1cccfa5e1ae787cd2e441e11710949.jpg,PAPER
valid,train,paper2166_jpg.rf.2e5c435094cdd3b554c3211d5d49af6d.jpg,PAPER
valid,train,paper2182_jpg.rf.f1df0e0e266f97b7ac1c4fee0563eda8.jpg,PAPER
valid,train,paper218_jpg.rf.b9e210ffd7e0f9e09469dbe7ab73f462.jpg,PAPER
valid,train,paper2196_jpg.rf.a5b412bab64f7058d3ad4bf1f33ef646.jpg,PAPER
valid,train,paper2200_jpg.rf.183af86e3cb836095db35183676c0ec9.jpg,PAPER
valid,train,paper2202_jpg.rf.8a4a929117be1be632e88004f72563c2.jpg,PAPER
valid,test,paper2206_jpg.rf.783f2672444256a98a0464f1d26563b1.jpg,PAPER
valid,train,paper2209_jpg.rf.f1062bd7035f6c5a47ab30be0d8cb4d8.jpg,PAPER
valid,train,paper2211_jpg.rf.ba7f6868a5a7f93bacf64dc12e0c63bf.jpg,PAPER
valid,train,paper2212_jpg.rf.5ad985f358fc6b9d6596047210d385b8.jpg,PAPER
valid,train,paper2214_jpg.rf.5a1f5994d57caaf4207a90a82337c584.jpg,PAPER
valid,train,paper2215_jpg.rf.6106114d140c669c5dfd0ebc21cab47a.jpg,PAPER
valid,train,paper2223_jpg.rf.804263f60c97e91ce57d548e6a4a6517.jpg,PAPER
valid,train,paper2229_jpeg.rf.cb6d3d8aa84b3716a23bac2aeae88da3.jpg,PAPER
valid,train,paper2245_jpg.rf.2118bb95931fc25355ccac935ee1df5b.jpg,PAPER
valid,train,paper224_jpg.rf.b1cbc09f33f218f5ab87710d25da45d0.jpg,PAPER
valid,train,paper2254_jpg.rf.b5ad5d1e655d129dd8b6eea6d281bafb.jpg,PAPER
valid,train,paper2255_jpg.rf.5e6a14f53f14d0394bac2d95eba1e665.jpg,PAPER
valid,test,paper2257_jpg.rf.ae63e59c8e208f49df4e18a6a94db747.jpg,PAPER
valid,test,paper2268_jpg.rf.cc588dae172b952714d54f8a2b0d8ee1.jpg,PAPER
valid,train,paper2290_jpg.rf.906ab90258f2e9b4fd19c01a6db2407b.jpg,PAPER
valid,train,paper2292_jpg.rf.424b65243aaee6eef071cbac2d1270f0.jpg,PAPER
valid,test,paper2296_jpg.rf.6f3ed51db66b75fbb5b81d190c682991.jpg,PAPER
valid,test,paper229_jpg.rf.c2829d89d26fb453aac46b402096d7fa.jpg,PAPER
valid,test,paper2303_jpg.rf.21b3a057c7c808f1ccb5e61ad0b7ef65.jpg,PAPER
valid,test,paper2312_jpg.rf.7d3b2a703d88f15c33533c5566b16ce2.jpg,PAPER
valid,test,paper2316_jpg.rf.b7b89ad213cd4955462739ea44373500.jpg,PAPER
valid,train,paper2321_jpg.rf.dff0b9510f88cb888eb6fdb058cbd164.jpg,PAPER
valid,train,paper2324_jpg.rf.f80b4b1d101f4b08b492087245ec636d.jpg,PAPER
valid,train,paper2341_jpg.rf.b0cf187c21bbe7909af4eaa134e8f920.jpg,PAPER
valid,train,paper24_jpg.rf.c3b824590a93610577d5c827be1ea632.jpg,PAPER
valid,train,paper255_jpg.rf.b6dc9a6961f29917d01296d47af1f959.jpg,PAPER
valid,train,paper256_jpg.rf.2298ed197ebd07c5ea18bc3ed1dc2c7a.jpg,PAPER
valid,train,paper258_jpg.rf.17a344404301edf7545da9f4b797df88.jpg,PAPER
valid,train,paper269_jpg.rf.2075d9fbe6b5642f95a922b98380cd80.jpg,PAPER
valid,test,paper270_jpg.rf.64922dcc4639383983d54952146b8f64.jpg,PAPER
valid,test,paper289_jpg.rf.898654c22a49dc0bc110c8723069deac.jpg,PAPER
valid,train,paper29_jpg.rf.6bf491c6362bc474b08717d99481f3d2.jpg,PAPER
valid,train,paper32_jpg.rf.8e1baab0031dffbf344c990f3826b16f.jpg,PAPER
valid,train,paper355_jpg.rf.b9f883954e850fc070342ebcce002882.jpg,PAPER
valid,train,paper36_jpg.rf.fa04debbacb805f61c1345f68c9b1641.jpg,PAPER
valid,train,paper374_jpg.rf.663c4e539575bc5fbe1f7dc18a84564a.jpg,PAPER
valid,train,paper397_jpg.rf.02d119caf369013fdd045c58a4d59cf4.jpg,PAPER
valid,train,paper42_jpg.rf.89c3c2ab75f56990766a64b83e385950.jpg,PAPER
valid,train,paper434_jpg.rf.fff9e57c1a3029cc2e592135cb8ef956.jpg,PAPER
valid,train,paper442_jpg.rf.283d501b61933626018b048c20a22ad5.jpg,PAPER
valid,test,paper447_jpg.rf.add15c678d12562d64fe422fad7c9f55.jpg,PAPER
valid,train,paper455_jpg.rf.3e5120e1a701e3f153fcaa8746bb5c15.jpg,PAPER
valid,train,paper478_jpg.rf.8643332558dd8757abd657911d0cc12b.jpg,PAPER
valid,train,paper47_jpg.rf.24515ae0b552096f4a8424cac82b7eda.jpg,PAPER
valid,test,paper506_jpg.rf.b40c3f59c2a3e2181667ff3f3375697b.jpg,PAPER
valid,train,paper516_jpg.rf.7611ad28dacd1d05c8fdf4c9bbed7e78.jpg,PAPER
valid,test,paper51_jpg.rf.d56489a3d48bb802ae8cb67d89528937.jpg,PAPER
valid,train,paper534_jpg.rf.a26185ee1e9b506e5ae7f259f507bd88.jpg,PAPER
valid,train,paper544_jpg.rf.b38bd29f87703080315f93cb77227cab.jpg,PAPER
valid,test,paper576_jpg.rf.0747fa954bb95fa62ebe62d03b6dae34.jpg,PAPER
valid,train,paper57_jpg.rf.85c1298034344721935d12a662f920bc.jpg,PAPER
valid,train,paper597_jpg.rf.b37de31e0076218a4401b8e4d91cc675.jpg,PAPER
valid,train,paper663_jpg.rf.e887748fa0a0609cd70b394aa289fe96.jpg,PAPER
valid,train,paper664_jpg.rf.8eff796907f7876c5887ab7472ab2568.jpg,PAPER
valid,train,paper665_jpg.rf.1e8e81b9bce2439cde7d0bf1c9f8fe83.jpg,PAPER
valid,train,paper6_jpg.rf.c02c82fa3bcdf064311aa29b3c1de735.jpg,PAPER
valid,train,paper714_jpg.rf.416e38d0099d3d2252b84f90a589ba5d.jpg,PAPER
valid,train,paper717_jpg.rf.98dab9cd73529483d8e767cb94b5d36c.jpg,PAPER
valid,train,paper720_jpg.rf.0e0afebe9899e56084a8073849857dc9.jpg,PAPER
valid,train,paper753_jpg.rf.ce0f4bf5430d6d2a32b09157371d1743.jpg,PAPER
valid,test,paper755_jpg.rf.0e21c630d3e1c5e34f871e7dcb940a3c.jpg,PAPER
valid,test,paper762_jpg.rf.f221f81a8abf9af8907b3c691dd38f0c.jpg,PAPER
valid,train,paper770_jpg.rf.bcb8ccd89f8eee3fc262d5f9f2522071.jpg,PAPER
valid,train,paper772_jpg.rf.38ac0897e84b2147af218c00cd561604.jpg,PAPER
valid,train,paper775_jpg.rf.afaa51c117970857dab57b21fca2abc4.jpg,PAPER
valid,train,paper778_jpg.rf.c93fc0307502c8cb3865ff5558ec7ae2.jpg,PAPER
valid,train,paper782_jpg.rf.eb87c4af2d2cb2acdefaf027ba229896.jpg,PAPER
valid,test,paper808_jpg.rf.8540b4c703e63e04dfb6a3a2a316ee74.jpg,PAPER
valid,test,paper813_jpg.rf.dad45e3c090235f944f9cc890f2d5178.jpg,PAPER
valid,train,paper815_jpg.rf.41627e2418b0273c041d78e9d7881209.jpg,PAPER
valid,train,paper823_jpg.rf.e970e4e7aea7f2c87d60432f1e4be59a.jpg,PAPER
valid,train,paper834_jpg.rf.50f72df429d4098a4c6e7491ac3e2381.jpg,PAPER
valid,test,paper841_jpg.rf.0873ee17720f68657c7c95c40a1f3e6b.jpg,PAPER
valid,test,paper866_jpg.rf.25489bda91ec12e95194767fc02bbc9e.jpg,PAPER
valid,train,paper873_jpg.rf.4abb8232c353e5caf7645a211806021a.jpg,PAPER
valid,test,paper874_jpg.rf.87cc77b178e9eec7a40b61b6833f5b6d.jpg,PAPER
valid,train,paper880_jpg.rf.d6ddb2c247da2b8fc1110add177780a5.jpg,PAPER
valid,train,paper883_jpg.rf.3acdad9bcfdf822d5934201d923da28a.jpg,PAPER
valid,test,paper884_jpg.rf.ee44d6782377a6f7b39cfe7631c93828.jpg,PAPER
valid,test,paper909_jpg.rf.a382f3773871dd1c5dfd3c0bbfa30cff.jpg,PAPER
valid,train,paper926_jpg.rf.b9521c4d54010ce9c03e017195f35caf.jpg,PAPER
valid,train,paper934_jpg.rf.c7e73e835cd77a7c87058308eea0f997.jpg,PAPER
valid,train,paper938_jpg.rf.47fab63971e52f3c5a2f9e426763b0fe.jpg,PAPER
valid,train,paper943_jpg.rf.965f9ebc4bb6b0dc899c142741105590.jpg,PAPER
valid,test,paper959_jpg.rf.1d78681ac096ba518b5eaf838c1325df.jpg,PAPER
valid,test,paper962_jpg.rf.42e96d39842e84737caba1b2a47cd93e.jpg,PAPER
valid,train,paper963_jpg.rf.cfcfd4dc34b7f78f6499d20da453fc02.jpg,PAPER
valid,train,paper967_jpg.rf.5d985be965b3c9713c55e5e72fcdbcb6.jpg,PAPER
valid,train,paper974_jpg.rf.c6203f9f7f9c0a15896a73a85cfab50b.jpg,PAPER
valid,train,paper985_jpg.rf.021ded20ddb4a0661ca6072f634519be.jpg,PAPER
valid,test,paper986_jpg.rf.e15f004a90f51c7022fba01eb29c735b.jpg,PAPER
valid,test,paper989_jpg.rf.9f9d905888ae49d47318511740ad5a1f.jpg,PAPER
valid,train,paper990_jpg.rf.cb9bb67c2a6c42087416af85f75dd0f2.jpg,PAPER
valid,train,paper993_jpg.rf.e2e912d1f5f801528ae4f8ae945428c6.jpg,PAPER
valid,test,plastic1002_jpg.rf.050ef38d1953a38ae07d3ad0f5ecdeae.jpg,PLASTIC
valid,train,plastic1006_jpg.rf.ce12b54e1a1d54d5cc3b0c48c0543853.jpg,PLASTIC
valid,test,plastic1008_jpg.rf.a0800dd441d06efc27f04e74bcb17bbf.jpg,PLASTIC
valid,train,plastic1015_jpg.rf.b1624aa91fbe1e966bc59b9e6d6d9869.jpg,PLASTIC
valid,train,plastic1018_jpg.rf.1127bc64321e3586f399f1cb4aa44d33.jpg,PLASTIC
valid,train,plastic1021_jpg.rf.cc8873ffce8bdd8ccdf550312636bc3c.jpg,PLASTIC
valid,train,plastic1023_jpg.rf.e7413da8aea1ac0a3bf15613112608df.jpg,PLASTIC
valid,train,plastic1026_jpg.rf.216c13a7ade4721cd71427478eb94f1f.jpg,PLASTIC
valid,train,plastic1028_jpg.rf.909d98c61d6dbf997c84f48c6102f1e5.jpg,PLASTIC
valid,train,plastic102_jpg.rf.e3460219567d7f9de2b82aca4eb8b0ec.jpg,PLASTIC
valid,train,plastic1040_jpg.rf.72ef5d79ff8cdb8348410044f5c7216e.jpg,PLASTIC
valid,test,plastic1043_jpg.rf.fc76d8e9d47500d35a7c4bd4debd7d3a.jpg,PLASTIC
valid,test,plastic1044_jpg.rf.a98503825b68b636b22df5ed96073695.jpg,PLASTIC
valid,train,plastic1045_jpg.rf.71552e59214cabd92ff5e41213d96ab9.jpg,PLASTIC
valid,train,plastic1047_jpg.rf.543a4d65a111ac2ec0219f9e916cc4c0.jpg,PLASTIC
valid,test,plastic1056_jpg.rf.f63be477cad13b04cdb64c99beca7b4e.jpg,PLASTIC
valid,train,plastic105_jpg.rf.1ef330d30f780583ea56f12bde2bbc50.jpg,PLASTIC
valid,test,plastic1063_jpg.rf.6b3c8bf2c5e544548b2bee978b6ddc42.jpg,PLASTIC
valid,test,plastic1065_jpg.rf.02d4099b0ef672bb9937195616b1eac5.jpg,PLASTIC
valid,train,plastic1069_jpg.rf.02a223574e0eab4855527b65142c9070.jpg,PLASTIC
valid,train,plastic1076_jpg.rf.955caad43b4678668b38cd437c4f0f3f.jpg,PLASTIC
valid,test,plastic107_jpg.rf.34aedd16c6281cf16aa8be858d14af84.jpg,PLASTIC
valid,train,plastic1080_jpg.rf.eb05a538624b14159630f02da4d118d3.jpg,PLASTIC
valid,train,plastic1082_jpg.rf.5c62821ecf639bbc27318962dcd4c648.jpg,PLASTIC
valid,train,plastic1083_jpg.rf.f4edac7fba1e94908080b1af621e04b5.jpg,PLASTIC
valid,train,plastic1086_jpg.rf.4639f7f5720d58b515f090c79af00f33.jpg,PLASTIC
valid,test,plastic1087_jpg.rf.a5b8ea52dcb5813e43041793e8969281.jpg,PLASTIC
valid,train,plastic1091_jpg.rf.572cee5b663e83039a4f8f157439981a.jpg,PLASTIC
valid,train,plastic1092_jpg.rf.4d9bd4a41b878587f59faad428b60ba4.jpg,PLASTIC
valid,train,plastic1094_jpg.rf.68c00b36e263e9894c8ce3111f701d83.jpg,PLASTIC
valid,train,plastic1101_jpg.rf.a4668393fec4824c88b673f52c9913c9.jpg,PLASTIC
valid,train,plastic1102_jpg.rf.c8f3f03e4de29374a05e9055e7bbbcbc.jpg,PLASTIC
valid,train,plastic1105_jpg.rf.1f4a190b9b89d607286b341f1b200f96.jpg,PLASTIC
valid,train,plastic1111_jpg.rf.dfbeb48d1dae5add6018629e219ce042.jpg,PLASTIC
valid,train,plastic1112_jpg.rf.73df218ad94f1259b0dc4ddad47b59ca.jpg,PLASTIC
valid,train,plastic1114_jpg.rf.a2071cbc21fbc468b95be68da87c2536.jpg,PLASTIC
valid,test,plastic111_jpg.rf.a322427797b93216fbc616aa9bab22a3.jpg,PLASTIC
valid,test,plastic1122_jpg.rf.e7ca38914994e4702e6230bc48f4b84c.jpg,PLASTIC
valid,test,plastic1128_jpg.rf.d8e7c4b20912e49bb6cce5cdf82f1f5f.jpg,PLASTIC
valid,train,plastic1132_jpg.rf.fb2a19e88f1145f800161e519ed69655.jpg,PLASTIC
valid,test,plastic1136_jpg.rf.abdef2536761ccb0ed3040f8ded5bd3e.jpg,PLASTIC
valid,train,plastic1138_jpg.rf.28619e8eefac15c41510ff718b983cc1.jpg,PLASTIC
valid,train,plastic113_jpg.rf.d6972c1db8088ce78904c0f13c5cf9d7.jpg,PLASTIC
valid,train,plastic1141_jpg.rf.84b79344c25f06af298384d40c75cda0.jpg,PLASTIC
valid,train,plastic114_jpg.rf.9d0fd67537da1b795b9918d5426d2e2d.jpg,PLASTIC
valid,test,plastic1150_jpg.rf.0f3cd75d881833d6513079e6efa023c5.jpg,PLASTIC
valid,test,plastic1151_jpg.rf.8b1894837e64f381fc5d1b64577c8fb1.jpg,PLASTIC
valid,train,plastic1152_jpg.rf.0ce9d89bc0f29f86b701763e0ce088b5.jpg,PLASTIC
valid,test,plastic1154_jpg.rf.64b60c3948c7c4114afea9f67bd8eabc.jpg,PLASTIC
valid,test,plastic115_jpg.rf.44ac99495e3f88b19e5c908057fc81a4.jpg,PLASTIC
valid,test,plastic1162_jpg.rf.426e8004f939e38ac59fc37f0cd226c6.jpg,PLASTIC
valid,train,plastic119_jpg.rf.30fe499b01914cd0dc90042c70aaf1d9.jpg,PLASTIC
valid,train,plastic137_jpg.rf.17a0107bba76422c0addce14aa892ae9.jpg,PLASTIC
valid,test,plastic14_jpg.rf.f5c06706fd16387a89d049e1d8e0bd5d.jpg,PLASTIC
valid,test,plastic161_jpg.rf.5103ec4dba5af9171232c91259f28d3c.jpg,PLASTIC
valid,test,plastic162_jpg.rf.e9665971246e8d443058f4864c7c79e9.jpg,PLASTIC
valid,train,plastic169_jpg.rf.4182b1ed5e8181978225a6e6023912b1.jpg,PLASTIC
valid,train,plastic16_jpg.rf.b2a4d09841f07a75aa1eebc88ab546fd.jpg,PLASTIC
valid,train,plastic180_jpg.rf.6592ee30ecad5e6b30e33482b0bc9b35.jpg,PLASTIC
valid,train,plastic191_jpg.rf.a81d47d89044f785ecebf2afbd57af83.jpg,PLASTIC
valid,train,plastic194_jpg.rf.51844a2e4319730d44558aefbd1bfd95.jpg,PLASTIC
valid,train,plastic196_jpg.rf.31d5e1d8a312dc8e2a529c8ae141ad65.jpg,PLASTIC
valid,test,plastic212_jpg.rf.daa0f4a0582c73e3dacadc7b7dac2e88.jpg,PLASTIC
valid,test,plastic213_jpg.rf.bb92ed29b80074c6c3d28a116c45756f.jpg,PLASTIC
valid,train,plastic216_jpg.rf.b098aaeeae9b430fa9c154242690cbec.jpg,PLASTIC
valid,train,plastic219_jpg.rf.bf1c5d03c9173b8d14f2bf3362b90d68.jpg,PLASTIC
valid,train,plastic225_jpg.rf.4f1bf2ed234b154198411905c8a7fabc.jpg,PLASTIC
valid,train,plastic226_jpg.rf.74f22fcfa8c144d916d0cbc921c6f0fd.jpg,PLASTIC
valid,train,plastic228_jpg.rf.577f1bdc49ebefc254e45881d5de5686.jpg,PLASTIC
valid,train,plastic22_jpg.rf.9a69aeab841873dfae3c748570dd8ac4.jpg,PLASTIC
valid,train,plastic233_jpg.rf.4f1a3cd6f55340714f407ce6fce1b294.jpg,PLASTIC
valid,train,plastic237_jpg.rf.d39a9636d22d4a199201d59e95ebdf94.jpg,PLASTIC
valid,train,plastic242_jpg.rf.9cefad5f5a32564c31119baf08881f73.jpg,PLASTIC
valid,test,plastic254_jpg.rf.8df71a4fe5f4499657970080b2dec683.jpg,PLASTIC
valid,train,plastic269_jpg.rf.949b2c23d2f1b67196b3f98f0d084c0b.jpg,PLASTIC
valid,train,plastic270_jpg.rf.ec49d9dd396c38b24e2de695f7ac5c0a.jpg,PLASTIC
valid,train,plastic284_jpg.rf.ddf6c21e598a5bd68df83c7ef098cb6c.jpg,PLASTIC
valid,train,plastic285_jpg.rf.ba7d6696ae875cf19607dd59cf3e05c5.jpg,PLASTIC
valid,train,plastic288_jpg.rf.8b71f11b07fcaa378afe6516c3df75b6.jpg,PLASTIC
valid,train,plastic289_jpg.rf.bee59fbaf59ea1eabaae66faadaeb79f.jpg,PLASTIC
valid,test,plastic293_jpg.rf.65ff36ba85207ece1f0e225716a5d232.jpg,PLASTIC
valid,test,plastic2_jpg.rf.15aab72adc72a1f0ce990b4f84309f31.jpg,PLASTIC
valid,train,plastic309_jpg.rf.0c62fc91f74a3abde9e2b4a818bf0f06.jpg,PLASTIC
valid,test,plastic314_jpg.rf.aad089e9bc8491619610cd79d138bbce.jpg,PLASTIC
valid,test,plastic324_jpg.rf.b1957a776623e8c48877794924afb9ea.jpg,PLASTIC
valid,train,plastic325_jpg.rf.b7300322afaa572b55d83f2f6e9f29e9.jpg,PLASTIC
valid,train,plastic32_jpg.rf.4f39b3226618f2e3e349bed527d76227.jpg,PLASTIC
valid,test,plastic336_jpg.rf.0610b0032c3db2d9a7dbc64884c85d8c.jpg,PLASTIC
valid,train,plastic337_jpg.rf.6782734f659d6647a1f77e242236d017.jpg,PLASTIC
valid,train,plastic338_jpg.rf.c47ed018dbb2e6db2eb29d1ac27109f5.jpg,PLASTIC
valid,test,plastic341_jpg.rf.cad7a33fd6e55b9c5dacd2070828c43c.jpg,PLASTIC
valid,train,plastic342_jpg.rf.7309810c6bf4d35d754d2f70a8e11543.jpg,PLASTIC
valid,train,plastic344_jpg.rf.e76d5e68f29e2647d973367c0e56ed09.jpg,PLASTIC
valid,train,plastic357_jpg.rf.0e0d5852ce145e4a54881d069359e15e.jpg,PLASTIC
valid,test,plastic35_jpg.rf.6991eb70aae027776078f24632768230.jpg,PLASTIC
valid,test,plastic361_jpg.rf.06df40782f324829ba996707897b5358.jpg,PLASTIC
valid,test,plastic366_jpg.rf.38c642ef712868ba99977c55932986d6.jpg,PLASTIC
valid,test,plastic367_jpg.rf.7f843d95f2cdf0c0c15e19b39d4ba7d7.jpg,PLASTIC
valid,test,plastic370_jpg.rf.3b5d564fca5802e0a785363ad3aa5905.jpg,PLASTIC
valid,train,plastic374_jpg.rf.086d949b8feb18c593c9817082a1256c.jpg,PLASTIC
valid,test,plastic389_jpg.rf.09762b06d5c612b10368b26ddd9445c2.jpg,PLASTIC
valid,train,plastic390_jpg.rf.302cb629f099164f345fb0acbad4fa59.jpg,PLASTIC
valid,train,plastic391_jpg.rf.21467b486f2ee2f046679c0f364bd3cc.jpg,PLASTIC
valid,test,plastic399_jpg.rf.a7031665b248252a246579182214ed26.jpg,PLASTIC
valid,train,plastic39_jpg.rf.b44adc1233a562bd55d2650b2becb439.jpg,PLASTIC
valid,train,plastic3_jpg.rf.a41481691e4b5741e67c16486651f5f8.jpg,PLASTIC
valid,test,plastic400_jpg.rf.6062a12f95730672d5011a5bcb2f08c2.jpg,PLASTIC
valid,test,plastic403_jpg.rf.4070222850ae041a77585f4c4c2f1163.jpg,PLASTIC
valid,train,plastic410_jpg.rf.453c92299ebff567447b5cf52ca8c714.jpg,PLASTIC
valid,test,plastic411_jpg.rf.35c3abc03b352f93bd37be89c86711c9.jpg,PLASTIC
valid,train,plastic416_jpg.rf.255b5bd1944430394aecf5b86d19321d.jpg,PLASTIC
valid,train,plastic417_jpg.rf.ca72502884067b0dbc73ee04450e5ce0.jpg,PLASTIC
valid,train,plastic419_jpg.rf.ac9c5eb8e51ce814a390bc2575945578.jpg,PLASTIC
valid,train,plastic41_jpg.rf.6db36e1d35c3fb8b08c9851725f20780.jpg,PLASTIC
valid,train,plastic430_jpg.rf.2d58bd2a0db7e9e45a532518955e8124.jpg,PLASTIC
valid,test,plastic431_jpg.rf.f24286e90b0e16a98a05872c5531d899.jpg,PLASTIC
valid,train,plastic432_jpg.rf.40cde68e9a333808cb7c6e5e6ec39878.jpg,PLASTIC
valid,train,plastic433_jpg.rf.e1938704f5bea063cb9e81554e7373c7.jpg,PLASTIC
valid,train,plastic434_jpg.rf.e058f216856a0ba15dab94c08c98c241.jpg,PLASTIC
valid,train,plastic437_jpg.rf.b0811ebd3acea1935a4cc0c9660a11b1.jpg,PLASTIC
valid,train,plastic439_jpg.rf.22f7d954e6210103ace0fc0ebf7e673a.jpg,PLASTIC
valid,train,plastic43_jpg.rf.07c7538cf346ed68bb404de1f30b4404.jpg,PLASTIC
valid,train,plastic440_jpg.rf.44253def9b36efae3bb7ee89a4b403fe.jpg,PLASTIC
valid,train,plastic442_jpg.rf.52134074c0799a987f5b8d90274d9ad9.jpg,PLASTIC
valid,train,plastic444_jpg.rf.cb95b0eb82d7c9fc64936ed38f0e2a8f.jpg,PLASTIC
valid,train,plastic44_jpg.rf.9975e7783fe1097a50c11557caf50df6.jpg,PLASTIC
valid,train,plastic451_jpg.rf.1cb07097494161233aa1e9353dbb7ff0.jpg,PLASTIC
valid,test,plastic454_jpg.rf.606fecf85a9c0e5371e8859d544806d5.jpg,PLASTIC
valid,train,plastic457_jpg.rf.961bd14e34ef5ae3c4e733ee9cf17b24.jpg,PLASTIC
valid,test,plastic461_jpg.rf.3a62a33946059491fca1366c57cf3c9c.jpg,PLASTIC
valid,train,plastic462_jpg.rf.f2f8c94c3fb0df19ac5543af3e553338.jpg,PLASTIC
valid,train,plastic474_jpg.rf.855af722d59342447a1fe671476419d4.jpg,PLASTIC
valid,train,plastic480_jpg.rf.dc3fcda30b4c356f11d49260a2dfffc2.jpg,PLASTIC
valid,test,plastic482_jpg.rf.3fef3391d66b7027c5b4928eaf7d7240.jpg,PLASTIC
valid,test,plastic483_jpg.rf.38e2484bfe62eb15259b3465f1bfaf1d.jpg,PLASTIC
valid,test,plastic48_jpg.rf.c8f780e15d51cafeedf0e145d8f4cd27.jpg,PLASTIC
valid,train,plastic495_jpg.rf.87b0112730e2689365d2f4c8600e6a05.jpg,PLASTIC
valid,test,plastic498_jpg.rf.1ca4b21a468e4c82f6ebb66292562416.jpg,PLASTIC
valid,test,plastic522_jpg.rf.79a9eb91e6fb4a9ba6a0986ac416b6d8.jpg,PLASTIC
valid,train,plastic531_jpg.rf.1545098675fbdec97bd5ce304df5eb76.jpg,PLASTIC
valid,train,plastic534_jpg.rf.a687b867e75f898e7da8ae7e8f248e18.jpg,PLASTIC
valid,train,plastic535_jpg.rf.2067e15d40005403d68f7954bcc45bf8.jpg,PLASTIC
valid,train,plastic539_jpg.rf.1bf20368e781d58764a4ead820378c7e.jpg,PLASTIC
valid,test,plastic547_jpg.rf.a47f144577a7be2a4854332f6282ec2b.jpg,PLASTIC
valid,train,plastic553_jpg.rf.52f9c5e74efac47f25af597ae46a8a3c.jpg,PLASTIC
valid,train,plastic557_jpg.rf.05466a458c2e0156a222f64d2f60768e.jpg,PLASTIC
valid,test,plastic562_jpg.rf.7cd9840c83398ab8c164305514fce8a3.jpg,PLASTIC
valid,train,plastic564_jpg.rf.a932545948175d681207086de21091ac.jpg,PLASTIC
valid,test,plastic56_jpg.rf.6253c7fa380db02e3ed21422f12f60d5.jpg,PLASTIC
valid,train,plastic572_jpg.rf.c13bf92a08cf9ac7d31ac25b0ff0c299.jpg,PLASTIC
valid,train,plastic576_jpg.rf.455bb5f220ffd89ff44791e3af6a27c5.jpg,PLASTIC
valid,train,plastic577_jpg.rf.db2016ae595163b7a5f913746b79e29f.jpg,PLASTIC
valid,train,plastic580_jpg.rf.41e088065dd1226695db583934e32f3d.jpg,PLASTIC
valid,train,plastic582_jpg.rf.f17a2c9686f19ae87843f80b75179396.jpg,PLASTIC
valid,test,plastic589_jpg.rf.671d7eaa24a2aa9eb27abbf7b56deb94.jpg,PLASTIC
valid,train,plastic590_jpg.rf.96574237855dbf76da73ff1bf1ff0cb4.jpg,PLASTIC
valid,test,plastic599_jpg.rf.58d10b0075d0830f508bf515b8b02137.jpg,PLASTIC
valid,train,plastic611_jpg.rf.3cc82a184d972a64b694e8a2358e6012.jpg,PLASTIC
valid,train,plastic613_jpg.rf.08da71956e3fb8650a29b5c1f1045e69.jpg,PLASTIC
valid,test,plastic615_jpg.rf.806dc2d9d611f2355ad7dbd115890df3.jpg,PLASTIC
valid,train,plastic620_jpg.rf.e9746492332d9c9825d6b3a9c6f807de.jpg,PLASTIC
valid,train,plastic621_jpg.rf.1c93a8b915c75ed4661b94a11a9df580.jpg,PLASTIC
valid,train,plastic624_jpg.rf.5867ea61e9d1701550927c1bc0c667c8.jpg,PLASTIC
valid,train,plastic627_jpg.rf.1184122daf2550862b4d3d08a212bfa9.jpg,PLASTIC
valid,train,plastic632_jpg.rf.50baa98309928caf8e9e49f079d6ef34.jpg,PLASTIC
valid,train,plastic635_jpg.rf.3b7f1534dc0ddc91a35641a26c6dde2e.jpg,PLASTIC
valid,test,plastic638_jpg.rf.993617d8baa5e7f47e8619de088e2710.jpg,PLASTIC
valid,train,plastic640_jpg.rf.f2400848b7a576089f421e4feb4b9c15.jpg,PLASTIC
valid,train,plastic658_jpg.rf.aa720f2c94890110c0293f86058d2150.jpg,PLASTIC
valid,test,plastic677_jpg.rf.c72e8c96e1440d803ce13ccf4653e5a3.jpg,PLASTIC
valid,train,plastic679_jpg.rf.5587384951b079b220f4044b3a100cdd.jpg,PLASTIC
valid,train,plastic67_jpg.rf.a84292efd90593014fbc4f3b3888b1f5.jpg,PLASTIC
valid,test,plastic682_jpg.rf.3598a8aa7feabaf40a7333484c08ede3.jpg,PLASTIC
valid,train,plastic684_jpg.rf.be23156eca5c78e0e9422fa6a6e0ed01.jpg,PLASTIC
valid,train,plastic689_jpg.rf.3fb962a985d31d6172287e60fe5839bf.jpg,PLASTIC
valid,test,plastic68_jpg.rf.322d01d9b1cd2c714e6fcf1abd54e2e0.jpg,PLASTIC
valid,train,plastic691_jpg.rf.dcd7682cc9b95a6a246e38e6743652fc.jpg,PLASTIC
valid,train,plastic696_jpg.rf.5f2f622b6f55e25857f137b79d26948a.jpg,PLASTIC
valid,train,plastic698_jpg.rf.471c5ece8591db1b1a4cd0440231ffae.jpg,PLASTIC
valid,test,plastic701_jpg.rf.0c3adfbc8c016b3c2c2587303d1a318b.jpg,PLASTIC
valid,train,plastic702_jpg.rf.dd409336a82c629901f220b3f90d106c.jpg,PLASTIC
valid,test,plastic706_jpg.rf.bfe8e0770321236a89b43208f24132c0.jpg,PLASTIC
valid,train,plastic712_jpg.rf.eafab57bd9b8123a70fef97504e54ec4.jpg,PLASTIC
valid,train,plastic715_jpg.rf.ad869a92594ff57326c7932a6e7cd5fc.jpg,PLASTIC
valid,test,plastic717_jpg.rf.84b266ac2408250402a833255b9116b5.jpg,PLASTIC
valid,test,plastic719_jpg.rf.fb706924826cd0f57a7b620854d1b6b5.jpg,PLASTIC
valid,test,plastic722_jpg.rf.f014921c6ea105e41f828682472daf17.jpg,PLASTIC
valid,train,plastic725_jpg.rf.467dc930518da16869a5378df324d530.jpg,PLASTIC
valid,test,plastic749_jpg.rf.d0f6141222d48ddebbaba1f519e7ea17.jpg,PLASTIC
valid,test,plastic756_jpg.rf.59d4de7365c1e6b701d91f838714f4a3.jpg,PLASTIC
valid,train,plastic761_jpg.rf.8a2c1ecbb594d1cdc3611c8deccfabfc.jpg,PLASTIC
valid,train,plastic762_jpg.rf.bd5c96c74ecd646df7f10e87d16e526a.jpg,PLASTIC
valid,test,plastic76_jpg.rf.fe0538dd4e3ae66d8a31de0eb22d2a92.jpg,PLASTIC
valid,train,plastic772_jpg.rf.b8417b568a0038f5be2cfe69d4089a7a.jpg,PLASTIC
valid,train,plastic774_jpg.rf.51bcdba7e39671b9b78f6b8430919428.jpg,PLASTIC
valid,test,plastic775_jpg.rf.bc9d7037dc471579601c13bb2e75aae5.jpg,PLASTIC
valid,train,plastic779_jpg.rf.1135479a80c751b1d5dd8dd5b473505d.jpg,PLASTIC
valid,train,plastic794_jpg.rf.d4f07c5eb3eb8a666aca24bd1aeda2d5.jpg,PLASTIC
valid,test,plastic806_jpg.rf.5a0c9ba2b774d952c3b582db7a55180a.jpg,PLASTIC
valid,test,plastic807_jpg.rf.7514fc08845a419226284e54507c0f05.jpg,PLASTIC
valid,train,plastic808_jpg.rf.9ad91f7fb790001989a6a443e1537b3a.jpg,PLASTIC
valid,test,plastic812_jpg.rf.936f98897ce2f144b826605e60974a70.jpg,PLASTIC
valid,train,plastic815_jpg.rf.51b1ed207f83aa39337ed42eceeb7eac.jpg,PLASTIC
valid,train,plastic819_jpg.rf.731b547ab163171ea54a0a7bc4e9bc29.jpg,PLASTIC
valid,train,plastic826_jpg.rf.bbc1b200d9c97aa69a731ee359bc918a.jpg,PLASTIC
valid,train,plastic827_jpg.rf.7a589423e175a0be4c6b83d110068a06.jpg,PLASTIC
valid,train,plastic842_jpg.rf.7a701468fae8ea8c18d2399ea6c01b43.jpg,PLASTIC
valid,train,plastic845_jpg.rf.a58ff2295971bb4440c93a121d5fb66f.jpg,PLASTIC
valid,train,plastic853_jpg.rf.27b7547c79d35c380a0408875309024f.jpg,PLASTIC
valid,test,plastic855_jpg.rf.572a8d04a9f2f18de7ecbcda158a4b67.jpg,PLASTIC
valid,test,plastic86_jpg.rf.d116a0427c334f25d7ac75119441563b.jpg,PLASTIC
valid,train,plastic877_jpg.rf.156cbc7b8aa19aaba488caaa79f8d4fb.jpg,PLASTIC
valid,train,plastic894_jpg.rf.afbb17899a3a7cc84c6081473fe90963.jpg,PLASTIC
valid,train,plastic904_jpg.rf.a716e0c887df801798518e3ce776474f.jpg,PLASTIC
valid,train,plastic909_jpg.rf.4e5457834b7ec10a3025b30717b3dbb7.jpg,PLASTIC
valid,train,plastic910_jpg.rf.bfa3b09897cc624d7fa4c8d090438e17.jpg,PLASTIC
valid,train,plastic914_jpg.rf.867cb47032a9aa2e4cb34079dc1fc2de.jpg,PLASTIC
valid,test,plastic915_jpg.rf.701c5518a468cb7f91f9e0cf4a38dc74.jpg,PLASTIC
valid,test,plastic917_jpg.rf.cf592a05665aae899d01dd9d8844c1d7.jpg,PLASTIC
valid,train,plastic918_jpg.rf.76dacb139eb8711d2e2430d5968e441b.jpg,PLASTIC
valid,train,plastic91_jpg.rf.76fcc9a2aeb1e92a3a78a85bab73216b.jpg,PLASTIC
valid,train,plastic922_jpg.rf.5e57325733a848c7584b7228f527f031.jpg,PLASTIC
valid,test,plastic92_jpg.rf.80ff2ef902acd67cad017d715f225230.jpg,PLASTIC
valid,train,plastic937_jpg.rf.cc92307961d2665698a5aafac0d8cd2e.jpg,PLASTIC
valid,train,plastic942_jpg.rf.2a0f3628b7ddfe4d8cc993df09341a77.jpg,PLASTIC
valid,train,plastic94_jpg.rf.8611ae3158f18df5e6aa68a0b08ae2f4.jpg,PLASTIC
valid,train,plastic960_jpg.rf.0981981ec13b79c0148a603d15ef9bfa.jpg,PLASTIC
valid,test,plastic961_jpg.rf.6d38d88b2728b232c192745ba58d7d5a.jpg,PLASTIC
valid,test,plastic962_jpg.rf.e127d8b092ad93dfce64de9509ae9190.jpg,PLASTIC
valid,train,plastic964_jpg.rf.53ace5ba9439f1d2e2ad9571b7164e69.jpg,PLASTIC
valid,test,plastic969_jpg.rf.3b64ce479400892e2ecd0e8dc1b3ce67.jpg,PLASTIC
valid,train,plastic985_jpg.rf.9e7893dc8bc026513ef286385e0d35da.jpg,PLASTIC
valid,train,plastic993_jpg.rf.c1dd64749175b94118344248741389e0.jpg,PLASTIC
test,train,biodegradable1002_jpg.rf.b9ead478ce5c0cfe58bc8e0829251a5d.jpg,BIODEGRADABLE
test,train,biodegradable1003_jpg.rf.f77cec0a34271415dceadf61af516ca8.jpg,BIODEGRADABLE
test,valid,biodegradable1004_jpg.rf.645d319975e53c260b201677f2f39981.jpg,BIODEGRADABLE
test,train,biodegradable1012_jpg.rf.a2c64d83f9ff594bf38307295cac301e.jpg,BIODEGRADABLE
test,train,biodegradable1024_jpg.rf.69dc44775d6d6d161b7e0f17a2dcaf67.jpg,BIODEGRADABLE
test,train,biodegradable1043_jpg.rf.a64b517a96259a481758045e85fc4ea2.jpg,BIODEGRADABLE
test,train,biodegradable1044_jpg.rf.770e274ccf3fa0af504ded327e8d4d65.jpg,BIODEGRADABLE
test,train,biodegradable1072_jpg.rf.14ec3366892e524bcb2a9fba47adc9f7.jpg,BIODEGRADABLE
test,train,biodegradable1074_jpg.rf.1cefb9d1f9f5f240dea589b2e2ab7406.jpg,BIODEGRADABLE
test,train,biodegradable1082_jpg.rf.a224e2a8c207e37fa722408467b0eced.jpg,BIODEGRADABLE
test,train,biodegradable1086_jpg.rf.642bea31f0db0c879c6c3b4ed1e68020.jpg,BIODEGRADABLE
test,train,biodegradable1094_jpg.rf.37003adb293511ba418b10154daae197.jpg,BIODEGRADABLE
test,train,biodegradable1095_jpg.rf.a1a2ec5b7679769c52af16140a7ce2fb.jpg,BIODEGRADABLE
test,train,biodegradable1099_jpg.rf.be46fd56aecc516a519bffbac996070b.jpg,BIODEGRADABLE
test,train,biodegradable1105_jpg.rf.a270f33468f1e5c3765cf80735f127cb.jpg,BIODEGRADABLE
test,train,biodegradable1106_jpg.rf.edb4b8f459d1fcf9874d9dfe6be23545.jpg,BIODEGRADABLE
test,train,biodegradable1109_jpg.rf.55412b782535eb8e113a229cc3e6d4de.jpg,BIODEGRADABLE
test,train,biodegradable1112_jpeg.rf.cacb60ab2f347725ebb7d21983c57101.jpg,BIODEGRADABLE
test,train,biodegradable1118_jpg.rf.ae05c76396ca3ab1df18d041190f08dc.jpg,BIODEGRADABLE
test,train,biodegradable1129_jpg.rf.ad8c9d36884adcf67dffe63e59efebc6.jpg,BIODEGRADABLE
test,train,biodegradable112_jpg.rf.fa8b0901f3b6b6f2557d3d34ef781617.jpg,BIODEGRADABLE
test,train,biodegradable1134_jpg.rf.8f8660ba53e30aaf9e67b6785ba769a3.jpg,BIODEGRADABLE
test,train,biodegradable1136_jpg.rf.18498ebb1f3e9fc7daf402b871c2ec9b.jpg,BIODEGRADABLE
test,train,biodegradable1161_jpeg.rf.4e578fa8ab74794193579e508fb14430.jpg,BIODEGRADABLE
test,train,biodegradable1170_jpg.rf.9de3c082fc9db8dae1a0bc38e62f97fe.jpg,BIODEGRADABLE
test,valid,biodegradable1176_jpg.rf.e13a4f4e71b75529bb0cb585b5e34635.jpg,BIODEGRADABLE
test,valid,biodegradable1202_jpg.rf.763450d1f182a7ee301f54ce6c85fc79.jpg,BIODEGRADABLE
test,train,biodegradable1208_jpg.rf.0c66633cbe8e276688226b9394615489.jpg,BIODEGRADABLE
test,valid,biodegradable1214_jpg.rf.4eda27606038a69880d17b5b05f0e406.jpg,BIODEGRADABLE
test,valid,biodegradable1222_jpg.rf.beabb27a7a781781c28266b56d778692.jpg,BIODEGRADABLE
test,train,biodegradable1225_jpg.rf.d951a79f56d70a48187a3548de65466e.jpg,BIODEGRADABLE
test,train,biodegradable1231_jpg.rf.ad94763e2b4a54d8ba3c2dad1e2dc410.jpg,BIODEGRADABLE
test,train,biodegradable1238_jpg.rf.176d24e9721d6bd1912f083793ef6eee.jpg,BIODEGRADABLE
test,train,biodegradable1246_jpg.rf.d592a020456a290ebfeba4ad2f2dc2b2.jpg,BIODEGRADABLE
test,valid,biodegradable1250_jpg.rf.78317e8b758b9996fed814ef338a680a.jpg,BIODEGRADABLE
test,train,biodegradable1260_jpg.rf.4a00de48ae810cb3ba90142a01329fe3.jpg,BIODEGRADABLE
test,train,biodegradable1263_jpg.rf.62c1d9c99af6874c94459a766d892eac.jpg,BIODEGRADABLE
test,train,biodegradable1265_jpg.rf.b178945837b89b2a18caae9098f0cb1a.jpg,BIODEGRADABLE
test,train,biodegradable1277_jpg.rf.3453a96e721266afab3ab2966f2297f8.jpg,BIODEGRADABLE
test,train,biodegradable1296_jpg.rf.78d7b9899adee0ca349f6d2bf3cdea23.jpg,BIODEGRADABLE
test,train,biodegradable1314_jpg.rf.8d6829ba38596a24f9cd612df8a9d775.jpg,BIODEGRADABLE
test,train,biodegradable1343_jpg.rf.7acae5abdecdc695cdfceb397e7ed03b.jpg,BIODEGRADABLE
test,train,biodegradable1365_jpg.rf.4c0f52000a7cd8af0e5534fd935e1ee4.jpg,BIODEGRADABLE
test,valid,biodegradable1369_jpg.rf.db7dbefac8d37951b2572a56cefc9d52.jpg,BIODEGRADABLE
test,train,biodegradable136_jpg.rf.55f48ddaa3635fc9113c80010309785a.jpg,BIODEGRADABLE
test,valid,biodegradable1377_jpg.rf.9bdfb29da94769b60c6a66b08277266a.jpg,BIODEGRADABLE
test,train,biodegradable137_jpg.rf.d7bbcced59954f84e37a16c50b437bc4.jpg,BIODEGRADABLE
test,train,biodegradable138_jpg.rf.2ecdac3c92e45eb86a538ef9315b7e91.jpg,BIODEGRADABLE
test,valid,biodegradable1390_jpg.rf.621004a3649209156bcea138aa111e53.jpg,BIODEGRADABLE
test,train,biodegradable1397_jpg.rf.d83a0f42f37112a9511aec376edf3bb6.jpg,BIODEGRADABLE
test,train,biodegradable1406_jpg.rf.cf6eb5bff6c12a87d09aa2fb357c8f9e.jpg,BIODEGRADABLE
test,train,biodegradable1412_jpg.rf.f572f4b8389af5488ac82528a5e4ff9f.jpg,BIODEGRADABLE
test,valid,biodegradable1438_jpg.rf.5a72652624c8a05e87429ecebf9311a7.jpg,BIODEGRADABLE
test,valid,biodegradable1448_jpg.rf.1f17c46da2119f64a3555093417fada2.jpg,BIODEGRADABLE
test,valid,biodegradable144_jpg.rf.b9ff07ce047a0cba394b105147ffe7de.jpg,BIODEGRADABLE
test,train,biodegradable1456_jpg.rf.0c30f3bef41851cc69d210c3cfb945bc.jpg,BIODEGRADABLE
test,train,biodegradable1475_jpg.rf.9aff896d230388858904e6e064064683.jpg,BIODEGRADABLE
test,train,biodegradable147_jpg.rf.148a56c2b0c22c88412fef34371832f2.jpg,BIODEGRADABLE
test,train,biodegradable1483_jpg.rf.4a5050f7f52a50418f84d7b84ee5a79d.jpg,BIODEGRADABLE
test,train,biodegradable1485_jpg.rf.2850d47b19ed3fc652f6dbb3a9b12bf9.jpg,BIODEGRADABLE
test,train,biodegradable1494_jpg.rf.452da57af92761fc93d7982d09c1a1c3.jpg,BIODEGRADABLE
test,train,biodegradable1503_jpg.rf.5331441613146e297eb3afefab451633.jpg,BIODEGRADABLE
test,train,biodegradable1515_jpg.rf.eae8fd8a637022681e85dbcf19dc06aa.jpg,BIODEGRADABLE
test,train,biodegradable1525_jpg.rf.a37237dfada0ae2477d721dc30dc08a5.jpg,BIODEGRADABLE
test,valid,biodegradable1527_jpg.rf.7e1b42b4773a85e69538424a3d7d2e89.jpg,BIODEGRADABLE
test,valid,biodegradable1530_jpg.rf.6fedc3b790032724a36a30260a9a78a6.jpg,BIODEGRADABLE
test,train,biodegradable154_jpg.rf.15d933ba4166e4153ae88a0f0da9cc08.jpg,BIODEGRADABLE
test,valid,biodegradable1555_jpg.rf.969187969f95e6e2ba5ffd879d4366b9.jpg,BIODEGRADABLE
test,train,biodegradable1560_jpg.rf.217bcd9d2c034978df5903c687d3febc.jpg,BIODEGRADABLE
test,valid,biodegradable1571_jpg.rf.bfb4ec6b6413bd375a76559485e6e6ca.jpg,BIODEGRADABLE
test,train,biodegradable1605_jpg.rf.8e2d1ce6f1c98a140e63886f4f50cb9f.jpg,BIODEGRADABLE
test,train,biodegradable1613_jpg.rf.65baa51116fc042a10b2b5e5d5f2924e.jpg,BIODEGRADABLE
test,train,biodegradable1628_jpg.rf.19fc72f8853ac77debb4796155e77016.jpg,BIODEGRADABLE
test,train,biodegradable1646_jpg.rf.9fc059d52403dc599db1814acb56f5fb.jpg,BIODEGRADABLE
test,valid,biodegradable1648_jpg.rf.d804df41fee5bf73fd3bfe8923c32f19.jpg,BIODEGRADABLE
test,train,biodegradable1650_jpg.rf.06a4636f61dcee5208d37241c412c50c.jpg,BIODEGRADABLE
test,valid,biodegradable1662_jpg.rf.38dcae91064eec8916a4882ec865b611.jpg,BIODEGRADABLE
test,train,biodegradable1739_jpg.rf.f081401a404055da1f2c4d39a54005b0.jpg,BIODEGRADABLE
test,train,biodegradable1740_jpg.rf.5f00e1157464c17341765a596a148298.jpg,BIODEGRADABLE
test,train,biodegradable1745_jpg.rf.39f450db7b977527b64819fed111386d.jpg,BIODEGRADABLE
test,valid,biodegradable1757_jpg.rf.6d4790bfe0f576ebed46b9e9c9e4766d.jpg,BIODEGRADABLE
test,valid,biodegradable1761_jpg.rf.9aa27ae9fb965cee0525a1d0221c9172.jpg,BIODEGRADABLE
test,train,biodegradable1763_jpeg.rf.25e1938003428fcdfbc65fb35a2d94a1.jpg,BIODEGRADABLE
test,train,biodegradable1764_jpeg.rf.013c8be00eb2dee0618473da4814b9c6.jpg,BIODEGRADABLE
test,valid,biodegradable1789_jpeg.rf.7ca51da0b980ded62c8734e5c42bd354.jpg,BIODEGRADABLE
test,train,biodegradable1795_jpeg.rf.950eebea5ed4b6d97a578048c4ff32c9.jpg,BIODEGRADABLE
test,train,biodegradable179_jpg.rf.cc3ccdcfbc9c5df9a1c2359c20b7964d.jpg,BIODEGRADABLE
test,train,biodegradable17_jpg.rf.15185ae80ca99f5c4ef196a419b785fb.jpg,BIODEGRADABLE
test,train,biodegradable1800_jpeg.rf.fe5709c3bffc311ca4619cdb74d7497e.jpg,BIODEGRADABLE
test,train,biodegradable1811_jpeg.rf.0ff9d05d32bdddf13175d6d9999cc7d8.jpg,BIODEGRADABLE
test,train,biodegradable1813_jpeg.rf.e4795e8f5912a32b8e7950c57d0bac79.jpg,BIODEGRADABLE
test,train,biodegradable1816_jpeg.rf.b9c89adf957cc3f9b0a608241bd81ad7.jpg,BIODEGRADABLE
test,train,biodegradable181_jpg.rf.d4e95f22e7a7aeefb108e503d2ad301f.jpg,BIODEGRADABLE
test,train,biodegradable1821_jpeg.rf.c1a8c8b57477a480d0febf52bacbfe6e.jpg,BIODEGRADABLE
test,valid,biodegradable1824_jpeg.rf.4249222aab738fd593005f973d00aa5d.jpg,BIODEGRADABLE
test,train,biodegradable1849_jpeg.rf.efbdac08218e22c1287c5df11334a958.jpg,BIODEGRADABLE
test,valid,biodegradable184_jpg.rf.49f22ce98d0ae41c5683a0285b793cac.jpg,BIODEGRADABLE
test,train,biodegradable1853_jpeg.rf.c74e19e0f093f5d7aef402b78b42ce29.jpg,BIODEGRADABLE
test,valid,biodegradable1859_jpeg.rf.f3fd25cc5a89be964fd66bce5ddf7cf4.jpg,BIODEGRADABLE
test,train,biodegradable1891_jpeg.rf.b18f39893eaa80766b13a80b0d698242.jpg,BIODEGRADABLE
test,train,biodegradable18_jpg.rf.77af21fce17c4ba9d78ea559aa05df1e.jpg,BIODEGRADABLE
test,train,biodegradable1905_jpeg.rf.2e7c4ff6233aaa852667dd36e7d688f0.jpg,BIODEGRADABLE
test,train,biodegradable1909_jpeg.rf.bde7f37d538f780c37788b29bb4b2d6d.jpg,BIODEGRADABLE
test,train,biodegradable1912_jpeg.rf.9c92f2efd9146775f05d8e42dd6ec57b.jpg,BIODEGRADABLE
test,valid,biodegradable1915_jpeg.rf.52d7bc2395abee841c933ca0a3ff35aa.jpg,BIODEGRADABLE
test,train,biodegradable1947_jpeg.rf.890d009f613d19a52e1a2dc82dc2f7b3.jpg,BIODEGRADABLE
test,train,biodegradable1949_jpeg.rf.c1a77c1057a0bc43a6132f3bf589478a.jpg,BIODEGRADABLE
test,train,biodegradable1993_jpeg.rf.479a4f41a1df7ff30865ebe2a5e58d2e.jpg,BIODEGRADABLE
test,valid,biodegradable2008_jpeg.rf.02ff70e1155e6ae0ba3afd93821eadfc.jpg,BIODEGRADABLE
test,train,biodegradable2010_jpeg.rf.1dd45e8e808e846062ce3bc59bbf3d52.jpg,BIODEGRADABLE
test,train,biodegradable2030_jpeg.rf.830e17cc0a8f0d03c9a4792dfaae2485.jpg,BIODEGRADABLE
test,train,biodegradable2047_jpeg.rf.32b6f354821592f3a193a4838d8bd707.jpg,BIODEGRADABLE
test,train,biodegradable205_jpg.rf.9a1b9e652bb9d7d6365f6d8dde47a100.jpg,BIODEGRADABLE
test,train,biodegradable2072_jpeg.rf.aba2177214f3ee522a7d9b3370c53241.jpg,BIODEGRADABLE
test,train,biodegradable207_jpg.rf.9b625ea738fe6d6a29d6717aa0f1af70.jpg,BIODEGRADABLE
test,train,biodegradable2083_jpeg.rf.d9ce879c217441ee2dc31596a61ce6d4.jpg,BIODEGRADABLE
test,train,biodegradable2092_jpeg.rf.38cd0f0085df12a7ef04aa5b27f03c1d.jpg,BIODEGRADABLE
test,train,biodegradable209_jpg.rf.aa6d83cc8dd865521e3ce979cf064d8b.jpg,BIODEGRADABLE
test,train,biodegradable2128_jpeg.rf.67cf43bd92ce3e71c8ca4672a833991e.jpg,BIODEGRADABLE
test,train,biodegradable2130_jpeg.rf.eb9871f97ced88e61cd5b14afd550bd5.jpg,BIODEGRADABLE
test,train,biodegradable2131_jpeg.rf.b76ce40349b479da2cc7f4819305e344.jpg,BIODEGRADABLE
test,train,biodegradable2158_jpeg.rf.d0b4f8ed5241d46a2a246520fd85c8f2.jpg,BIODEGRADABLE
test,train,biodegradable2166_jpeg.rf.7b649a31ebc54f2d1df322d4ebe6975d.jpg,BIODEGRADABLE
test,valid,biodegradable2177_jpeg.rf.0f18b50efbdead9a6d213d30ce02fa8a.jpg,BIODEGRADABLE
test,train,biodegradable2178_jpeg.rf.cb7875bbee32289c151c2b0ae3c947ab.jpg,BIODEGRADABLE
test,train,biodegradable2196_jpeg.rf.16a1e7372038de86c5e669abbd0924bd.jpg,BIODEGRADABLE
test,train,biodegradable219_jpg.rf.6674a97fc93a7d306ace7d9d333469ff.jpg,BIODEGRADABLE
test,train,biodegradable2207_jpeg.rf.5c3d24a578b105e093c20eeb2e0fbc38.jpg,BIODEGRADABLE
test,train,biodegradable223_jpg.rf.9b9014c78e0bd2e47364edfb86604d0c.jpg,BIODEGRADABLE
test,train,biodegradable2240_jpeg.rf.b1db9c3d01e0c02a95770812ed7a8220.jpg,BIODEGRADABLE
test,train,biodegradable2241_jpeg.rf.2673c611d6eed65549ec3950ee037073.jpg,BIODEGRADABLE
test,train,biodegradable2245_jpeg.rf.82f6646bcab561eeca4dc42018da719c.jpg,BIODEGRADABLE
test,train,biodegradable2270_jpeg.rf.63de736305755f36925888d5300c671f.jpg,BIODEGRADABLE
test,train,biodegradable2276_jpeg.rf.eea63e7d3c8ddf8a6faab796341c6df1.jpg,BIODEGRADABLE
test,valid,biodegradable227_jpg.rf.f0afddb863f6f5d388d0e87301a3b02e.jpg,BIODEGRADABLE
test,train,biodegradable228_jpg.rf.966c7191c62a974c11ffbb5d4eada830.jpg,BIODEGRADABLE
test,train,biodegradable22_jpg.rf.34ea14a84287a1132b5d85ecf2ca2ced.jpg,BIODEGRADABLE
test,valid,biodegradable244_jpg.rf.4dc53b9e3b6c780bbde0f8069e77aeca.jpg,BIODEGRADABLE
test,valid,biodegradable273_jpg.rf.8bc4666bcd72d775a5288104dfb1e19b.jpg,BIODEGRADABLE
test,train,biodegradable274_jpg.rf.9e7221e75fde44de47601b3bfa8e3106.jpg,BIODEGRADABLE
test,train,biodegradable275_jpg.rf.2a82324550e59ea0cadfba001ab306ec.jpg,BIODEGRADABLE
test,train,biodegradable283_jpg.rf.40a7a3f7273c4f4c044d21331179fe67.jpg,BIODEGRADABLE
test,train,biodegradable2_jpg.rf.9792046d70677dbb235a5b40eed57063.jpg,BIODEGRADABLE
test,train,biodegradable30_jpg.rf.bdf220467c7d38cc2b491954da19eec2.jpg,BIODEGRADABLE
test,valid,biodegradable313_jpg.rf.98bff2efbded4eade54875e6fd6fc473.jpg,BIODEGRADABLE
test,train,biodegradable324_jpg.rf.3bb6448761d8b0c1e060d2c30d1a1de7.jpg,BIODEGRADABLE
test,train,biodegradable334_jpg.rf.9e3e8f15d13ecaf8dd5c192f5bbe33d6.jpg,BIODEGRADABLE
test,train,biodegradable335_jpg.rf.ba82a04f9d19ee6f0ee42c454434944b.jpg,BIODEGRADABLE
test,train,biodegradable336_jpg.rf.800bdb52ca5cc6614788d2e55c5fea39.jpg,BIODEGRADABLE
test,train,biodegradable346_jpg.rf.65ddbeb25334d78203dd45f4d014e6c6.jpg,BIODEGRADABLE
test,train,biodegradable349_jpg.rf.7cbac6fb6746f946c2106d8288dc5a1e.jpg,BIODEGRADABLE
test,valid,biodegradable359_jpg.rf.51e4b767d1c32f7e18536f912020eafd.jpg,BIODEGRADABLE
test,train,biodegradable35_jpg.rf.5c210f3b12de14a9afba56711b1150b8.jpg,BIODEGRADABLE
test,valid,biodegradable362_jpg.rf.6c3700a1c52a7ec9138f0b1a8c4948f7.jpg,BIODEGRADABLE
test,train,biodegradable368_jpg.rf.8e631a5cabf94b5f16373c1e6210f239.jpg,BIODEGRADABLE
test,train,biodegradable370_jpg.rf.b5b6f054f752174b3dc2e1b8edfa3fb2.jpg,BIODEGRADABLE
test,train,biodegradable375_jpg.rf.d7b3363bc56f611d4a077a263a10cb45.jpg,BIODEGRADABLE
test,train,biodegradable383_jpg.rf.cd5d7745cbd554dd6d712183e21419e7.jpg,BIODEGRADABLE
test,train,biodegradable387_jpg.rf.c8a9d4fab516ceb6aa21e53b46493b48.jpg,BIODEGRADABLE
test,train,biodegradable399_jpg.rf.6d5c853f83f9e239b069f15b2295f245.jpg,BIODEGRADABLE
test,valid,biodegradable412_jpg.rf.ca30690938fe178e67aef987ea8cb872.jpg,BIODEGRADABLE
test,train,biodegradable418_jpg.rf.bddf4b4239a146e97a383954dd4f2352.jpg,BIODEGRADABLE
test,train,biodegradable429_jpg.rf.8d26ea2c1ef2c289905424da0355672a.jpg,BIODEGRADABLE
test,train,biodegradable43_jpg.rf.7f82d934232b7f73e0afc00a3271dad2.jpg,BIODEGRADABLE
test,train,biodegradable454_jpg.rf.f854e1dfa9ebc61a6254f61cf40dfd00.jpg,BIODEGRADABLE
test,train,biodegradable457_jpg.rf.8df7c941a205672ce300fe75e1ac1070.jpg,BIODEGRADABLE
test,train,biodegradable466_jpg.rf.30c460507c751098bf3b62a62b25f822.jpg,BIODEGRADABLE
test,train,biodegradable47_jpg.rf.ad2374f39db66caebc84f48e2491215e.jpg,BIODEGRADABLE
test,train,biodegradable512_jpg.rf.7d1ffa957f0d1b09ff72859920eb2097.jpg,BIODEGRADABLE
test,train,biodegradable528_jpg.rf.92f78bf2803bfb118ec787a80aee8c9b.jpg,BIODEGRADABLE
test,train,biodegradable52_jpg.rf.361401cc68b22ef8bf468aacba9b1997.jpg,BIODEGRADABLE
test,train,biodegradable532_jpg.rf.4e9aada164ff8ac8a7d330b0f2a21bf9.jpg,BIODEGRADABLE
test,train,biodegradable539_jpg.rf.0d05f5267d22b1f9b3091966b56816ad.jpg,BIODEGRADABLE
test,train,biodegradable543_jpg.rf.f99309fe608a03645b104d73b6812fb7.jpg,BIODEGRADABLE
test,valid,biodegradable548_jpg.rf.f5c84c5f527be834ff8d72a9ec5af54f.jpg,BIODEGRADABLE
test,valid,biodegradable560_jpg.rf.ed1879c03ad567e3e95d14f089f44ab6.jpg,BIODEGRADABLE
test,valid,biodegradable563_jpg.rf.f8947f28ae0d8195b6ee6aa8b86f6654.jpg,BIODEGRADABLE
test,valid,biodegradable56_jpg.rf.bb38c4079670d41b6e4d9a63da1224d3.jpg,BIODEGRADABLE
test,train,biodegradable570_jpg.rf.25dbecc16c3f84d609015d1c4f9fd98e.jpg,BIODEGRADABLE
test,train,biodegradable578_jpg.rf.1f8582040899df75bf69cf747091d3cc.jpg,BIODEGRADABLE
test,valid,biodegradable580_jpg.rf.8be10eb9b5dbe272557e1f53ac25472a.jpg,BIODEGRADABLE
test,train,biodegradable586_jpg.rf.4e4874e12f30973ee51b57cd496041e5.jpg,BIODEGRADABLE
test,train,biodegradable595_jpg.rf.c6b966d061319b8dd24e3c99eda4da53.jpg,BIODEGRADABLE
test,train,biodegradable603_jpg.rf.d4e8bcd8c74314197b681ec7df6ec018.jpg,BIODEGRADABLE
test,train,biodegradable610_jpg.rf.c7090e18ac74b5d53a4a21e43d2aac93.jpg,BIODEGRADABLE
test,train,biodegradable612_jpg.rf.20975cf51b2596f9f18b1d6ac2d1cc6e.jpg,BIODEGRADABLE
test,train,biodegradable622_jpg.rf.6460561d5d15f29b61cbd2123b5454e8.jpg,BIODEGRADABLE
test,train,biodegradable630_jpg.rf.a1a613ff81dd1d3a92776bd604f245fe.jpg,BIODEGRADABLE
test,train,biodegradable684_jpg.rf.b6fd4e1709ce6a1392ce73b721b3a559.jpg,BIODEGRADABLE
test,valid,biodegradable688_jpg.rf.313f4f42b91ffdf0c834acfe07f35830.jpg,BIODEGRADABLE
test,valid,biodegradable703_jpg.rf.5da0c46a3f0ffd418abcf49722934808.jpg,BIODEGRADABLE
test,train,biodegradable707_jpg.rf.918aea00d08fc9790d2bdea49b14f36a.jpg,BIODEGRADABLE
test,valid,biodegradable735_jpg.rf.d0b2d5f15fed89d5f4d845590b2a5b6e.jpg,BIODEGRADABLE
test,valid,biodegradable73_jpg.rf.d14e2261105996dc1df3240eb4b05e68.jpg,BIODEGRADABLE
test,valid,biodegradable757_jpg.rf.6e75c12591caaec2611cedb618aa17ef.jpg,BIODEGRADABLE
test,train,biodegradable763_jpg.rf.cd067baa3e1cefd8e3acb91aab4b1988.jpg,BIODEGRADABLE
test,train,biodegradable772_jpg.rf.0cbb28035d501b896d283ceba3356b34.jpg,BIODEGRADABLE
test,valid,biodegradable777_jpg.rf.cb14f9062d829280bf4d162e38a7dac5.jpg,BIODEGRADABLE
test,train,biodegradable77_jpg.rf.c8ac509231eecfb2d067e1d65a82db8d.jpg,BIODEGRADABLE
test,train,biodegradable780_jpg.rf.f33701a4ff3660cc8d9e5ae9c11c190b.jpg,BIODEGRADABLE
test,train,biodegradable790_jpg.rf.1e570353c95c0ae9bbc3b86712d176ed.jpg,BIODEGRADABLE
test,train,biodegradable80_jpg.rf.e65b773043fd3901d5ae98f193e71023.jpg,BIODEGRADABLE
test,valid,biodegradable819_jpg.rf.70af115a24bad2ead73165215467a919.jpg,BIODEGRADABLE
test,train,biodegradable824_jpg.rf.e8382c98a8ca3b121a83749b10022540.jpg,BIODEGRADABLE
test,valid,biodegradable826_jpg.rf.97372035dc6ceeb312d70721d975c6a5.jpg,BIODEGRADABLE
test,valid,biodegradable830_jpg.rf.e61030c53649d73747b13c1e706a2a88.jpg,BIODEGRADABLE
test,train,biodegradable838_jpg.rf.8df344f7129cc6cdfbecd218b7b7a5d3.jpg,BIODEGRADABLE
test,valid,biodegradable848_jpg.rf.8cf5325e02f50f98d3f94bd7c04a7678.jpg,BIODEGRADABLE
test,valid,biodegradable860_jpg.rf.fa9cfdd242e27191cce49b15b0a779b1.jpg,BIODEGRADABLE
test,valid,biodegradable878_jpg.rf.25b214458e204a21461c71bb2bafe9f5.jpg,BIODEGRADABLE
test,train,biodegradable904_jpg.rf.ff7397313c8a3bdeed87428614b3677a.jpg,BIODEGRADABLE
test,train,biodegradable907_jpg.rf.8cceca699c323f74d0b3de9e19620430.jpg,BIODEGRADABLE
test,train,biodegradable910_jpg.rf.18086d9365b246c1b7d31dab35d57987.jpg,BIODEGRADABLE
test,train,biodegradable923_jpg.rf.7cc218958442010313f0993a28cdb85a.jpg,BIODEGRADABLE
test,train,biodegradable924_jpg.rf.5236eb5c53d842835572afe37d562463.jpg,BIODEGRADABLE
test,train,biodegradable934_jpg.rf.900a83d32f0c64e5f1813630501a5e61.jpg,BIODEGRADABLE
test,train,biodegradable945_jpg.rf.e3a48a6bba46738d413a929af1983573.jpg,BIODEGRADABLE
test,train,biodegradable950_jpg.rf.e2ff097c714378d1e4ca507cf87f49cb.jpg,BIODEGRADABLE
test,train,biodegradable95_jpg.rf.0afbe6ed173ed7e2f2becd69af721d4f.jpg,BIODEGRADABLE
test,valid,biodegradable96_jpg.rf.0c641c0d397dfb9cbfc30764b1fd12d0.jpg,BIODEGRADABLE
test,valid,biodegradable976_jpg.rf.336aeabca0577eff937de97c01d6f03c.jpg,BIODEGRADABLE
test,valid,biodegradable996_jpg.rf.b0608fca455f9d85f96b17cc443da755.jpg,BIODEGRADABLE
test,train,cardboard1027_jpg.rf.6d4d98404958ee07a253c272b4e3b4b4.jpg,CARDBOARD
test,train,cardboard1030_jpg.rf.8419bc08cfb41d80bb82f2c2af2479f4.jpg,CARDBOARD
test,valid,cardboard1032_jpg.rf.ddb8c74acc96eac557e9d78f71655c5e.jpg,CARDBOARD
test,train,cardboard1044_jpg.rf.aa88ef0cb248f0407b2070a2cd880852.jpg,CARDBOARD
test,train,cardboard1072_jpg.rf.a1d6514be861e2561825dee7167aa292.jpg,CARDBOARD
test,valid,cardboard107_jpg.rf.ca616d11be676049291c407550ee5709.jpg,CARDBOARD
test,train,cardboard1082_jpg.rf.ad587fd0fd44da68c33bd36055937f78.jpg,CARDBOARD
test,train,cardboard1089_jpg.rf.2e344ad5d1d3ae7f3b30b7a70040837f.jpg,CARDBOARD
test,train,cardboard1094_jpg.rf.d8c7fce122e5d29151f1da6fdbf170c8.jpg,CARDBOARD
test,train,cardboard1098_jpg.rf.1c9e4686913c95c8935dea615ecb0f19.jpg,CARDBOARD
test,train,cardboard1099_jpeg.rf.0b5e1b1d1570363e62d6a944f3e0069e.jpg,CARDBOARD
test,train,cardboard1100_jpg.rf.ff33417afca9ab68ee157c047e142402.jpg,CARDBOARD
test,train,cardboard1119_jpg.rf.fe34ebc24a2c3e97f9eec887643a5ed9.jpg,CARDBOARD
test,train,cardboard1149_jpg.rf.30527cfadd3b9a472df743a1e7e82e5e.jpg,CARDBOARD
test,train,cardboard1156_jpg.rf.08a33e08259bc2f5580fe6f999ad0ff5.jpg,CARDBOARD
test,train,cardboard1168_jpg.rf.4beb82ee182f13cc0d6b4c29a1ba2c9c.jpg,CARDBOARD
test,valid,cardboard1173_jpg.rf.ea19b331ff592faee62dc043d91fe832.jpg,CARDBOARD
test,train,cardboard1176_jpg.rf.d18691892eba93c8b4b9bf9d4852c499.jpg,CARDBOARD
test,train,cardboard1208_jpg.rf.14d4ec2012691a426d78e559955ed00b.jpg,CARDBOARD
test,train,cardboard1209_jpg.rf.c3dde5d1cd4a0200b92fc2be80685b11.jpg,CARDBOARD
test,valid,cardboard1213_jpg.rf.f13baf2bfa5b38b815703a1c87f0e241.jpg,CARDBOARD
test,train,cardboard1214_jpg.rf.86a6f9d070e09f3bd136b36f01e92c76.jpg,CARDBOARD
test,train,cardboard1219_jpg.rf.a3b46b36f42757be1b1172ee06cef3af.jpg,CARDBOARD
test,train,cardboard1226_jpg.rf.2fb299432cb2bddc1f38fb697c188ee2.jpg,CARDBOARD
test,train,cardboard122_jpg.rf.ac3e9ea23c7a1abdd5ce5a2a5317107b.jpg,CARDBOARD
test,train,cardboard1230_jpg.rf.d04672a2401c31c5584fe9ab984cdb72.jpg,CARDBOARD
test,train,cardboard1238_jpg.rf.7d7688761cfe7186ecc5c67ccb46523b.jpg,CARDBOARD
test,train,cardboard1261_jpg.rf.c64775f07a897b5a2f9e05e24bda8339.jpg,CARDBOARD
test,train,cardboard1299_jpg.rf.8dc041efa9d5eb17dcdccb7722efe481.jpg,CARDBOARD
test,valid,cardboard130_jpg.rf.b36e8aa9dc32291fed28c1771e194d27.jpg,CARDBOARD
test,train,cardboard1313_jpg.rf.bea236cdb45dd52e09eb1abf08d5800a.jpg,CARDBOARD
test,train,cardboard1321_jpg.rf.cd44fd2ba029318b213cb72b5dfd2eac.jpg,CARDBOARD
test,train,cardboard1344_jpg.rf.cfbf2d9d21d716b5d6595dce5ef8f557.jpg,CARDBOARD
test,train,cardboard1361_jpg.rf.4f9e5144509ad62af48cf8afdb6a420b.jpg,CARDBOARD
test,train,cardboard1376_jpg.rf.8ef559a299db73fc48d3c75a5dab49b8.jpg,CARDBOARD
test,valid,cardboard1378_jpg.rf.7e9601de7d1e8d9de344e39661df7d30.jpg,CARDBOARD
test,train,cardboard1380_jpg.rf.e830270716e8dd396460716c3977bad8.jpg,CARDBOARD
test,valid,cardboard1392_jpg.rf.d1c8d422582a27989fcd076aa85b49cb.jpg,CARDBOARD
test,valid,cardboard1411_jpg.rf.b1d9a8b630fef3af5a4ae33a8f5d6c58.jpg,CARDBOARD
test,train,cardboard1418_jpg.rf.1aee487263fda7342e4cf23f34362b9e.jpg,CARDBOARD
test,train,cardboard1427_jpg.rf.cf0719369a4f4537dc193b3c224435d9.jpg,CARDBOARD
test,train,cardboard1477_jpg.rf.12d3be3d29f48533c87193926bb7bdf0.jpg,CARDBOARD
test,valid,cardboard1482_jpg.rf.c09712f0648cbb5bebb1a99deadb3e0c.jpg,CARDBOARD
test,valid,cardboard1487_jpg.rf.ae8f3d45cfbecc839354e7f868aa8654.jpg,CARDBOARD
test,train,cardboard1494_jpg.rf.ed803859ba129549704da2ed84405715.jpg,CARDBOARD
test,train,cardboard1508_jpg.rf.f3b8fdc453c6a1a89fc82383da106ad4.jpg,CARDBOARD
test,valid,cardboard1522_jpg.rf.4d9045696ec890eb74fc1b90af8a1be3.jpg,CARDBOARD
test,train,cardboard152_jpg.rf.95f8eff55da62d2f60648e961fa8666e.jpg,CARDBOARD
test,train,cardboard1530_jpg.rf.a8409d6bcba65dfab857fa3864f12bbe.jpg,CARDBOARD
test,train,cardboard1545_jpg.rf.f22db50d526f10fdb3f00594f27d5bc1.jpg,CARDBOARD
test,train,cardboard1562_jpg.rf.f079dd2e190cf4d33c4b1abba29b8190.jpg,CARDBOARD
test,train,cardboard1576_jpg.rf.5513cbe5af814051bb305c69de6fd352.jpg,CARDBOARD
test,train,cardboard1582_jpg.rf.09594bfdd27f0feea6df4a77ac61e049.jpg,CARDBOARD
test,train,cardboard1584_jpg.rf.35d385a23138d47184b5191a8856cccc.jpg,CARDBOARD
test,train,cardboard1624_jpg.rf.17b3399d4e2c757a978c1e7b451199b6.jpg,CARDBOARD
test,train,cardboard1630_jpg.rf.37b6f638114bc3b65df8bd45216bb38c.jpg,CARDBOARD
test,train,cardboard1636_jpg.rf.20b3284b1a31b8e0487e1dbfe646116d.jpg,CARDBOARD
test,valid,cardboard1666_jpg.rf.ed324e55a0edb25ce7be35fc7f929f7f.jpg,CARDBOARD
test,train,cardboard1670_jpg.rf.af731ed13531cda4c9b9484d4736ae06.jpg,CARDBOARD
test,valid,cardboard1685_jpg.rf.21fd358e16cbd999db9a379af60eee29.jpg,CARDBOARD
test,train,cardboard1691_jpg.rf.1ff620557eef64031326f53d9b848207.jpg,CARDBOARD
test,train,cardboard170_jpg.rf.a2c9491cea1793b732ceb7ebcbae66b1.jpg,CARDBOARD
test,train,cardboard1720_jpg.rf.22f81740c6bac710fc4db7d6916ea000.jpg,CARDBOARD
test,train,cardboard1724_jpg.rf.a976cae4310d2a34e43fb830974425cd.jpg,CARDBOARD
test,valid,cardboard1727_jpg.rf.a393165913fe93d014202971edbedb2c.jpg,CARDBOARD
test,train,cardboard1734_jpg.rf.9ea1c9f6a127a316722d4d97ab733679.jpg,CARDBOARD
test,train,cardboard1750_jpg.rf.edd29640e1f20bd8310967d9b278b70e.jpg,CARDBOARD
test,valid,cardboard1766_jpg.rf.f9f5e007c709eab8019baf4900423e76.jpg,CARDBOARD
test,train,cardboard1778_jpg.rf.bf1741d80fe164ea6d5a3bec3321d888.jpg,CARDBOARD
test,train,cardboard1791_jpg.rf.2195731e8e57da1ec17169e6e8e48409.jpg,CARDBOARD
test,train,cardboard1859_jpg.rf.3e34e90e9ca0c472b16b502ca4257800.jpg,CARDBOARD
test,train,cardboard198_jpg.rf.a174a9b1cbd36a0bf897a239bf0010c9.jpg,CARDBOARD
test,train,cardboard1_jpg.rf.593038a523b21669568991665737a810.jpg,CARDBOARD
test,train,cardboard210_jpg.rf.6e75dd7d5a550d8a2143c23eee36feb4.jpg,CARDBOARD
test,valid,cardboard217_jpg.rf.6693ecdf34a81b7074cb9032a94079bb.jpg,CARDBOARD
test,valid,cardboard236_jpg.rf.4b5ce0be2b7563c0e74558b8b32ddc74.jpg,CARDBOARD
test,train,cardboard270_jpg.rf.b4634fdeaef1cbd60ace5da03838bc64.jpg,CARDBOARD
test,train,cardboard2_jpg.rf.9123f65fa5279097a1dd1a374f38d110.jpg,CARDBOARD
test,train,cardboard312_jpg.rf.600361c12d71c0d6d137e292620071e2.jpg,CARDBOARD
test,train,cardboard326_jpg.rf.7205d3a4a94c5b60ce832db8c2469f6e.jpg,CARDBOARD
test,train,cardboard329_jpg.rf.a72d5088f49eba88a71ac015f717b206.jpg,CARDBOARD
test,train,cardboard32_jpg.rf.469a423e95398078765e08da9a225a43.jpg,CARDBOARD
test,valid,cardboard334_jpg.rf.4565b67c612d612cfd91886b8383553e.jpg,CARDBOARD
test,train,cardboard338_jpg.rf.1a4dec54f7a5e6ddd973e2d58f6f0052.jpg,CARDBOARD
test,valid,cardboard356_jpg.rf.c8c2f8fe86aa839b2e15a801b80d29a2.jpg,CARDBOARD
test,train,cardboard357_jpg.rf.dad76a1473da8c9a74df88fa72435600.jpg,CARDBOARD
test,train,cardboard363_jpg.rf.52434f0c793fe2bc2b7af66ab7adc305.jpg,CARDBOARD
test,valid,cardboard371_jpg.rf.e7972c71fe7c8e7bb17f01e595ebfe69.jpg,CARDBOARD
test,valid,cardboard378_jpg.rf.deb3ff7c87e95fcfffc63d9b993d6f68.jpg,CARDBOARD
test,valid,cardboard380_jpg.rf.d808a2e625d6778642a7b68a0c1aaa27.jpg,CARDBOARD
test,train,cardboard382_jpg.rf.d764479cd333b0fa4c1eee9e702d7a3a.jpg,CARDBOARD
test,valid,cardboard393_jpg.rf.9110ca229b443845a36cbc002dbf5ae6.jpg,CARDBOARD
test,train,cardboard404_jpg.rf.f9f6a45c7e863bf94c3de0da420a808b.jpg,CARDBOARD
test,train,cardboard413_jpg.rf.175f0f5d0e2220a0b5368a50e655877b.jpg,CARDBOARD
test,train,cardboard415_jpg.rf.eec08a4598e4a6b1468c724304b60b0e.jpg,CARDBOARD
test,train,cardboard417_jpg.rf.c7f58a7d4f99a4e0d223d57351219253.jpg,CARDBOARD
test,train,cardboard418_jpg.rf.f1b6eb68b23661ce56b49f8f68e4c96f.jpg,CARDBOARD
test,train,cardboard423_jpg.rf.d067900c74a1a2987ccfbaca36260e7c.jpg,CARDBOARD
test,train,cardboard424_jpg.rf.ca26709450f720536347fe3d31a322f4.jpg,CARDBOARD
test,train,cardboard437_jpg.rf.276b63d2e33d85848919f9ed24365a6f.jpg,CARDBOARD
test,train,cardboard43_jpg.rf.a2a2423ce6458ba3ecd5f6e407291bdf.jpg,CARDBOARD
test,train,cardboard453_jpg.rf.cf475d1109f612f83f31ba3719504000.jpg,CARDBOARD
test,train,cardboard466_jpg.rf.2eeca96736330cddd2c6688787064960.jpg,CARDBOARD
test,train,cardboard469_jpg.rf.0b1432e79f2989e083b338af424ac653.jpg,CARDBOARD
test,train,cardboard49_jpg.rf.a99efaa4ce0f99096275161180897ae7.jpg,CARDBOARD
test,train,cardboard519_jpg.rf.001db289ea241010b94bf8d0513ce663.jpg,CARDBOARD
test,train,cardboard526_jpg.rf.83e440a1dad820e8c9340a60b886ee91.jpg,CARDBOARD
test,train,cardboard528_jpg.rf.1160674e844460736e99a0fa850f44fe.jpg,CARDBOARD
test,train,cardboard550_jpg.rf.f60c8120e205ad89466046e789885d3e.jpg,CARDBOARD
test,train,cardboard571_jpg.rf.5440ae9541093d892ecaec5e7c197a35.jpg,CARDBOARD
test,train,cardboard602_jpg.rf.c665498a8ce55e714464bc81f2c1dcfc.jpg,CARDBOARD
test,train,cardboard607_jpg.rf.aeb27edb43755285cbab1a5a1fbdc618.jpg,CARDBOARD
test,train,cardboard617_jpg.rf.15525be8263f33694b8f0ad99b366b53.jpg,CARDBOARD
test,valid,cardboard635_jpg.rf.00a1122291968ac7330c53db3255b92b.jpg,CARDBOARD
test,train,cardboard638_jpg.rf.f19573b5c2dc151fbbe31d92b3224233.jpg,CARDBOARD
test,train,cardboard651_jpg.rf.1786111f70dedfd7d0789fcabc44772d.jpg,CARDBOARD
test,train,cardboard661_jpg.rf.f77771722a36e93d7b059dd106de779f.jpg,CARDBOARD
test,valid,cardboard689_jpg.rf.875bc5de6b17746bc0e47478d9ebcd4b.jpg,CARDBOARD
test,valid,cardboard705_jpg.rf.f1e8d0d80b9d1fc46304223548136c51.jpg,CARDBOARD
test,train,cardboard714_jpg.rf.298d4ea370b7a59b5190d4d2ef787261.jpg,CARDBOARD
test,train,cardboard72_jpg.rf.cdf0ba4516c18fbf34c1246fe1dcecb9.jpg,CARDBOARD
test,train,cardboard730_jpg.rf.92606fad1cc72c230c6329d8405f9440.jpg,CARDBOARD
test,train,cardboard736_jpg.rf.d0ca1b421d8cd27404a6880c7b8f80b6.jpg,CARDBOARD
test,train,cardboard760_jpg.rf.89e5c97ebdcc58a81cb1f2db1e187194.jpg,CARDBOARD
test,train,cardboard764_jpg.rf.eb909e4e838c2c8d376b8a52bdaf3fa1.jpg,CARDBOARD
test,valid,cardboard776_jpg.rf.8c59e44bb1193bd48f510cfa7200d331.jpg,CARDBOARD
test,valid,cardboard789_jpg.rf.b38afc18572ee5ecfabf51169ad4e7e6.jpg,CARDBOARD
test,valid,cardboard793_jpg.rf.20bbf0e8d3b546b9273a4ab17b8d1593.jpg,CARDBOARD
test,train,cardboard796_jpg.rf.15351752abac686ce529d6190b7e00b0.jpg,CARDBOARD
test,train,cardboard7_jpg.rf.b3485aeef3bcf35f14509dc8e4158c9f.jpg,CARDBOARD
test,train,cardboard803_jpg.rf.78341f757ca0464170281e0526c0783b.jpg,CARDBOARD
test,train,cardboard823_jpg.rf.225407684bd4d2f4ac7c3d7c215c77ab.jpg,CARDBOARD
test,train,cardboard825_jpg.rf.f3414d2ded9ef2628de15b6be3073cb1.jpg,CARDBOARD
test,train,cardboard828_jpg.rf.16c40bf297fe9cf0ea9b7a61f8ac941e.jpg,CARDBOARD
test,valid,cardboard838_jpg.rf.80bc228e093a19d94c5c6e1cbc184e61.jpg,CARDBOARD
test,train,cardboard853_jpg.rf.6bc6bd9eafeb08ab35de42ae4f01ea3b.jpg,CARDBOARD
test,train,cardboard864_jpg.rf.783c35a7b1aeba0e5c22872eec4f0579.jpg,CARDBOARD
test,train,cardboard865_jpg.rf.758df4b53234eabbcf701c86bcebd9f2.jpg,CARDBOARD
test,train,cardboard875_jpg.rf.3fc965deade489eebaf4b75f785eff53.jpg,CARDBOARD
test,valid,cardboard877_jpg.rf.8c650d3086b0b237093b598c7620b711.jpg,CARDBOARD
test,train,cardboard878_jpg.rf.0337146ed998e11c09abf7a94cc5b00b.jpg,CARDBOARD
test,train,cardboard879_jpg.rf.21b9bd51c38295c39211c5b13ca055f8.jpg,CARDBOARD
test,valid,cardboard883_jpg.rf.c2213f9feb3cdc847214ecaa82a49c11.jpg,CARDBOARD
test,valid,cardboard994_jpg.rf.fcabe5c7c9b268d4b3036389776db1c7.jpg,CARDBOARD
test,train,glass1014_jpg.rf.52bc02651b45520b54a55388fb10f7a0.jpg,GLASS
test,valid,glass1017_jpg.rf.87a488eb1ad7214af5b802367fe65016.jpg,GLASS
test,train,glass1024_jpg.rf.2cf1761c505c3ccc4da92736f5a22e91.jpg,GLASS
test,valid,glass102_jpg.rf.1957c4b3d15e8527a571ca794ee60028.jpg,GLASS
test,train,glass1036_jpg.rf.2c075caf255271b416043ab19b8271dc.jpg,GLASS
test,train,glass1038_jpg.rf.260b909b1d5705b01e80781b214f0927.jpg,GLASS
test,train,glass1042_jpg.rf.3ac112416f80ca7cf69f0ee4a7507c92.jpg,GLASS
test,train,glass1045_jpg.rf.fe31d1193229b01c22da7df524c0c2d0.jpg,GLASS
test,train,glass1046_jpg.rf.a26a103e21836ac183bda5c1eb485045.jpg,GLASS
test,train,glass1051_jpg.rf.29dc9bdef8835478c73304aa5151b72f.jpg,GLASS
test,train,glass1062_jpg.rf.f8b7d7de4a84e682403e33c2ae56b553.jpg,GLASS
test,train,glass106_jpg.rf.58221ac339ffa3024e6048c303e96016.jpg,GLASS
test,train,glass1081_jpg.rf.ba2cadbefcbef18e7b21a34b135f3970.jpg,GLASS
test,valid,glass1107_jpg.rf.1df7a8b49d9bdcae2c49678291012ec1.jpg,GLASS
test,train,glass1109_jpg.rf.4377a95f8507371138a6238b2bb9320c.jpg,GLASS
test,train,glass1116_jpg.rf.3fbcd0b395d995249806a147f6884019.jpg,GLASS
test,train,glass1120_jpg.rf.a69948dcbd604f4047af3a935be02303.jpg,GLASS
test,train,glass1122_jpg.rf.c5f803d0be663e04cf1e56d5e08bb034.jpg,GLASS
test,valid,glass1149_jpg.rf.6c4f94a12a058a19ef8fec5e260fa48e.jpg,GLASS
test,train,glass1163_jpg.rf.17e6d5f5190ccdbd8ca5e9368af10dde.jpg,GLASS
test,train,glass1166_jpg.rf.0005718e855aa9bfafc7aa413149df1c.jpg,GLASS
test,train,glass1183_jpg.rf.ad0afaf4a48ee18ba30a5a2fa9978c6d.jpg,GLASS
test,train,glass1185_jpg.rf.ce494b8322e9face4e8cf175bcbce24f.jpg,GLASS
test,train,glass1187_jpg.rf.504670c364e6b39c383e1d3638b1b699.jpg,GLASS
test,train,glass1190_jpg.rf.a95c96f0fe9df0f4c0ce60e6f4719a87.jpg,GLASS
test,train,glass1204_jpg.rf.5b1a25c39d182a8a5ad91f005ddc0202.jpg,GLASS
test,train,glass1217_jpg.rf.1c928c31bb43c31c6360785fc6287865.jpg,GLASS
test,valid,glass1226_jpg.rf.c1db8b7fe490e538579553637ccd2d56.jpg,GLASS
test,train,glass1229_jpg.rf.67c21e95dd1fad367aabdc40d9e8ee40.jpg,GLASS
test,train,glass122_jpg.rf.1ae761b8fb2324b53b937f915d1256f9.jpg,GLASS
test,train,glass124_jpg.rf.c14de8d88f90b1a08450cb5f3c42920b.jpg,GLASS
test,train,glass1277_jpg.rf.22ffb222f7fb77949fcb283c05c2441e.jpg,GLASS
test,valid,glass1278_jpg.rf.66284e00b53cb89b349566ffa4504075.jpg,GLASS
test,train,glass1293_jpg.rf.20784dc10b32676fda6987850b1b92b7.jpg,GLASS
test,train,glass1301_jpg.rf.49254047260ced7658df23ba99100e01.jpg,GLASS
test,train,glass1302_jpg.rf.32277da3581c9af5e38da99f1834bbba.jpg,GLASS
test,valid,glass1305_jpg.rf.bc03dae38e6ed2cba213b4ee2ecd3132.jpg,GLASS
test,train,glass1311_jpg.rf.c3cc5cbeafeeb82388f21040d7450dd7.jpg,GLASS
test,train,glass1314_jpg.rf.45b927c7ab05abb723420c779b8f6caa.jpg,GLASS
test,valid,glass1320_jpg.rf.130d6006b8aa325738672895bfbe7ccf.jpg,GLASS
test,train,glass1322_jpg.rf.ff0e6614a3a4189251eba51b1346bb5b.jpg,GLASS
test,train,glass1323_jpg.rf.320283173aaa589b4411461395d770f2.jpg,GLASS
test,train,glass1335_jpg.rf.657863e07b9c3ad7ef43c4d34423d5ca.jpg,GLASS
test,train,glass1339_jpg.rf.7060cba86cc78abcbc13f6f57d65ba12.jpg,GLASS
test,train,glass1351_jpg.rf.d83ccd13e13d3c35efc17e75184389d4.jpg,GLASS
test,train,glass1360_jpg.rf.257e36e77b6ef8b41ac3c0e9d18442d0.jpg,GLASS
test,valid,glass1361_jpg.rf.bb37f1e1b38d2c104138d8c6875e1a05.jpg,GLASS
test,train,glass1373_jpg.rf.01585e68ca68cfef0d88b7b857b8c2d1.jpg,GLASS
test,train,glass1405_jpg.rf.702ab41d37d11eec50c3582c589bcdb6.jpg,GLASS
test,train,glass1411_jpg.rf.c714cdcfe8fefcdf9a60fbf3ed458c03.jpg,GLASS
test,train,glass1412_jpg.rf.041c542c0cc721729a7abe7e4cad9383.jpg,GLASS
test,train,glass1444_jpg.rf.69ef21104427ab176a3c28740f35bd41.jpg,GLASS
test,train,glass144_jpg.rf.0b3bec78df3c24ccc4e3db75b8f94892.jpg,GLASS
test,valid,glass1471_jpg.rf.3b9b28ead9600ae58ec63f9b65b3db81.jpg,GLASS
test,train,glass1480_jpg.rf.81d5765035863b0a02d2ce151b39c7d6.jpg,GLASS
test,train,glass1490_jpg.rf.e9184d950591b638b997a32c6efb917b.jpg,GLASS
test,train,glass149_jpg.rf.39997d1ae42481185e5bfe86d69587da.jpg,GLASS
test,train,glass1509_jpg.rf.81ff1ab90a9a8bd74db9ac50957a4ab4.jpg,GLASS
test,valid,glass1513_jpg.rf.e9561e7ca773513a69f49311d9b8bc72.jpg,GLASS
test,valid,glass1519_jpg.rf.c119a2dd82accb955bbcef529518c4f6.jpg,GLASS
test,valid,glass1520_jpg.rf.0196649dd0700ad240d225f50e38f3ff.jpg,GLASS
test,train,glass1522_jpg.rf.dd303256ffdb1986005637f628bcd090.jpg,GLASS
test,train,glass1529_jpg.rf.bdecc215d8ab2bfd09ce26129e978d90.jpg,GLASS
test,train,glass1555_jpg.rf.692baa4b31c71fafdca3118f371a7d8d.jpg,GLASS
test,train,glass1558_jpg.rf.1c772108619ea17c4ab0c232b2492743.jpg,GLASS
test,train,glass1571_jpg.rf.8bddc1a65f8ff6e94a6c265431ceb385.jpg,GLASS
test,train,glass1578_jpg.rf.ae588b3c3f14fc501d49c220bce319b3.jpg,GLASS
test,train,glass1584_jpg.rf.5de7d2435d1ee4c4872de7b67ec5a45f.jpg,GLASS
test,valid,glass1585_jpg.rf.40ddac42f6347b3821d1457dad9c294d.jpg,GLASS
test,valid,glass1586_jpg.rf.e490b3fc82793fe7a04c0b8eef3ef362.jpg,GLASS
test,train,glass1597_jpg.rf.a810f06f0e30a5c81fd5cd1490c1decc.jpg,GLASS
test,train,glass1599_jpg.rf.a08a661875533dc5c32e888329addfa4.jpg,GLASS
test,train,glass1610_jpg.rf.4ea5f3dfa7396e162de9f5b6308bae4e.jpg,GLASS
test,train,glass1623_jpg.rf.c1367a7a9d407a89117c4f308fa5124a.jpg,GLASS
test,train,glass1635_jpg.rf.cb4ef6cdcf7d95b1c7fe5d2225d5fb55.jpg,GLASS
test,valid,glass1642_jpg.rf.584a674332ba7b66a014e75c06718505.jpg,GLASS
test,valid,glass1646_jpg.rf.447ce3ac0e6c052447839540e1caf6a7.jpg,GLASS
test,train,glass1649_jpg.rf.7cbb21094f930a3268e319fccb86d47a.jpg,GLASS
test,train,glass165_jpg.rf.5049a2164e85787d2bf90718c79a73b0.jpg,GLASS
test,valid,glass1660_jpg.rf.8a5e3f88219b38564f380e0796bd6713.jpg,GLASS
test,train,glass1669_jpg.rf.687743358f2420259ee9716c746c9d60.jpg,GLASS
test,valid,glass1670_jpg.rf.f5e06d2a519a0490c9b59eef2c1f699e.jpg,GLASS
test,train,glass1689_jpg.rf.88ceb3b214c1303832be2fad0c081ff4.jpg,GLASS
test,train,glass1696_jpg.rf.0e193179e2f10745bc5039b8167f50d0.jpg,GLASS
test,valid,glass1697_jpg.rf.10aae4f6167f8c47c7c1ae99820e4757.jpg,GLASS
test,valid,glass1712_jpg.rf.3176b3e6188e68b4f2667d9aefb244c7.jpg,GLASS
test,train,glass1737_jpg.rf.073713c4324c251acaeb83009a4f379c.jpg,GLASS
test,train,glass1738_jpg.rf.ee2db0627a7bd729ee5d05b22f989083.jpg,GLASS
test,train,glass1741_jpg.rf.469105d245b9287a285cd53a1b2f3ab2.jpg,GLASS
test,train,glass1747_jpg.rf.4639440a75ac380dd919a0a5b3944254.jpg,GLASS
test,train,glass174_jpg.rf.22fcb0a86e89df58da9a95a3e05127d2.jpg,GLASS
test,train,glass1757_jpg.rf.c65d29cedb7ecca8f603f79a95224159.jpg,GLASS
test,train,glass1763_jpg.rf.24882e62acbdb61f7cf093d96739bac8.jpg,GLASS
test,valid,glass1772_jpg.rf.1b135b220ce04c4fd06738e097d48090.jpg,GLASS
test,train,glass1777_jpg.rf.f657ddb8fde060fa4fa54ffd957ff8f1.jpg,GLASS
test,train,glass1781_jpg.rf.349fd3713c77e700f8c872feb5e60559.jpg,GLASS
test,train,glass1790_jpg.rf.7c31e1540df848b6211d1b0db04a2dd7.jpg,GLASS
test,train,glass1802_jpg.rf.5e7ad91db6f359b5de672629f3d4e772.jpg,GLASS
test,train,glass1817_jpg.rf.580859031d89b5089c18a597cdeb7be0.jpg,GLASS
test,train,glass1818_jpg.rf.3e535d1ddc0194b65af8b2c23d1f5dec.jpg,GLASS
test,train,glass1819_jpg.rf.36885ad7c86f337e8b5dc5b4e2d1f8a3.jpg,GLASS
test,valid,glass1824_jpg.rf.c2c8f664e3227297a9f002228bc1470a.jpg,GLASS
test,valid,glass1827_jpg.rf.b7c89da658f581dfd22108c836df0b15.jpg,GLASS
test,train,glass1833_jpg.rf.d184a1abf3f69a68b4f18b21a1008c51.jpg,GLASS
test,valid,glass1851_jpg.rf.addd1e650e3bf5004bcdb241e0ff9fa8.jpg,GLASS
test,train,glass186_jpg.rf.a6a50c5bd72fce0cb737293f64475195.jpg,GLASS
test,train,glass187_jpg.rf.d47adf007c7f5457eb847e9f3872111f.jpg,GLASS
test,valid,glass1888_jpg.rf.93494d4410ee196fed8c0f7ceaa25a58.jpg,GLASS
test,train,glass1890_jpg.rf.46237bfba7d7bcaa43b16ae0e9593cd1.jpg,GLASS
test,train,glass189_jpg.rf.6fce14e8890a47eb025221a02c8035d7.jpg,GLASS
test,train,glass1905_jpg.rf.4a657d7cc87a8ebf009dff8b0f279b8d.jpg,GLASS
test,valid,glass1917_jpg.rf.03ae0597fbdd72fd2d161eb0ab16d052.jpg,GLASS
test,valid,glass1947_jpg.rf.2b9a718d318392dcaafbdf922b19797c.jpg,GLASS
test,valid,glass1975_jpg.rf.3941c80cddd8ed6b7f67e12ada09d492.jpg,GLASS
test,valid,glass1976_jpg.rf.f00236205a310fb760df0437e15a7c91.jpg,GLASS
test,train,glass1984_jpg.rf.eb453b68e523c3ecf2f6d338b848c34a.jpg,GLASS
test,train,glass2006_jpg.rf.11ae89c09b27e74ae1c18e8705181594.jpg,GLASS
test,train,glass2024_jpg.rf.b83cea82e9a66a6a6a89b2046e6f527e.jpg,GLASS
test,valid,glass2031_jpg.rf.3bc7ae810a68e35cf441c151acf4e894.jpg,GLASS
test,train,glass2045_jpg.rf.135dc2bb1dae50cdb188ff834ab69670.jpg,GLASS
test,train,glass207_jpg.rf.7f1a2ad48cceeb31d27163b6bc03bf16.jpg,GLASS
test,train,glass2112_jpg.rf.e8cfc7e4db8621217bbe6cb1a50ef9d6.jpg,GLASS
test,valid,glass2120_jpg.rf.69d5db96b7a46de353915d9f0bcef30d.jpg,GLASS
test,train,glass2140_jpg.rf.886a220925461a25a4ea2598adf5d458.jpg,GLASS
test,valid,glass2145_jpg.rf.9a51cf4b3dcaef61c84455f36cc2ded9.jpg,GLASS
test,train,glass214_jpg.rf.1269e888fc8964a9fec1b7381bbecb8a.jpg,GLASS
test,train,glass2168_jpg.rf.a90d0c94c88573997ce1b8e9ea4120aa.jpg,GLASS
test,train,glass2208_jpg.rf.9ba9e7bab6881a881c7beb0673f6fa45.jpg,GLASS
test,train,glass2225_jpg.rf.a0f35076e6120cbef3a7b6c1cd3e8cbd.jpg,GLASS
test,train,glass2243_jpg.rf.32fa3f38791daac9d6564f9f1711a3d0.jpg,GLASS
test,train,glass2248_jpg.rf.82ddce81595740e558592bfeaab5b3cb.jpg,GLASS
test,valid,glass2254_jpg.rf.482e478146f03fa6e9dec6d8d6a7708c.jpg,GLASS
test,valid,glass2266_jpg.rf.ee61f9fd2fb3cc3e4204aa32214aa874.jpg,GLASS
test,train,glass2286_jpg.rf.c2868c48345f859fe993caff3ed5fc1b.jpg,GLASS
test,valid,glass22_jpg.rf.6eafba68c63aaff366e0372405fa40fb.jpg,GLASS
test,train,glass2313_jpg.rf.92c746e35b515ae46180a4793893d0de.jpg,GLASS
test,train,glass2336_jpg.rf.36d8d0d9e36e05599e74ffc6ee2e9eb3.jpg,GLASS
test,train,glass2360_jpg.rf.88dee9e1be77b45610e3b0fc24913e01.jpg,GLASS
test,train,glass2382_jpg.rf.a429af0222fe29c98b0a672f049ddf38.jpg,GLASS
test,valid,glass2389_jpg.rf.882e32221319a9772fd0f0ce4e57c989.jpg,GLASS
test,train,glass238_jpg.rf.31e065256a047acdd07a26ef73cb8b70.jpg,GLASS
test,train,glass2390_jpg.rf.70afb06ec8bae66315a2921fd42c9ba4.jpg,GLASS
test,train,glass2405_jpg.rf.4e9182de71c16ed7cd20aad1ef0235f1.jpg,GLASS
test,train,glass2406_jpg.rf.fe9b87a84ba8fe780e79a01d71318473.jpg,GLASS
test,train,glass2413_jpg.rf.071027d728e127eb2e0bd9f866082515.jpg,GLASS
test,train,glass2427_jpg.rf.4308f7eebff7f9b781d38ac186cccd78.jpg,GLASS
test,valid,glass2451_jpg.rf.c281317cfb7db7cdc56cb915a906f95e.jpg,GLASS
test,train,glass2453_jpg.rf.8401d4535782a1641c8eb9375927eb73.jpg,GLASS
test,train,glass2454_jpg.rf.39d1aff1b6afd9de1726f9e9eb9b8515.jpg,GLASS
test,train,glass2468_jpg.rf.bbc610bc8171d761e4b873b9ed7a438c.jpg,GLASS
test,train,glass2477_jpg.rf.262d68a59da2cd7a6f860b929c47963e.jpg,GLASS
test,train,glass2482_jpg.rf.275a7aa85b2090f0a7ff4eb8cb003eb6.jpg,GLASS
test,train,glass2488_jpg.rf.37e361569da02c9d5b0fe3b0b20adeb8.jpg,GLASS
test,train,glass2501_jpg.rf.5e977da015694bef031c999179d427c3.jpg,GLASS
test,valid,glass2504_jpg.rf.e212c88ad02d9e25266b1750ac0a42a9.jpg,GLASS
test,train,glass2506_jpg.rf.848690a1b1a348d079acbc4942a7e566.jpg,GLASS
test,train,glass252_jpg.rf.de50c806c678af007c8733ca11ec2bde.jpg,GLASS
test,train,glass2535_jpg.rf.7cf8ec6a9ad96c35c7e51be61b221556.jpg,GLASS
test,train,glass253_jpg.rf.711b0de8f006621737b683d263decbb4.jpg,GLASS
test,train,glass2576_jpg.rf.d4e272a6b2bb4acc505f7e65cf214bf3.jpg,GLASS
test,valid,glass2610_jpg.rf.1a0bef33fd37f8f79df9d304f182a98b.jpg,GLASS
test,valid,glass265_jpg.rf.0bbce781cbad043befab501ce56c077f.jpg,GLASS
test,valid,glass266_jpg.rf.1c0c4fc19d9d650db1f11f744858a3e1.jpg,GLASS
test,valid,glass2718_jpg.rf.1f7480da18a18e672262eb5ce3cd30ca.jpg,GLASS
test,train,glass2733_jpg.rf.bd3b8fb50202a0af1dfb5f3801dbb239.jpg,GLASS
test,train,glass2746_jpg.rf.50f7d2a3f36299d2c5a102c4fbca500e.jpg,GLASS
test,train,glass2747_jpg.rf.a17e172c3fb29cf5473e0d216b99ecb0.jpg,GLASS
test,train,glass2749_jpg.rf.f0344dec84f207a2a4c74f978a5c912b.jpg,GLASS
test,train,glass2763_jpg.rf.5bdb336a0df046a43fcd8210566ccfeb.jpg,GLASS
test,train,glass2788_jpg.rf.f4fc72c64cffe7def50743bf09f9966c.jpg,GLASS
test,train,glass2794_jpg.rf.e084f650000ee3e9d9adc5b5c736ac37.jpg,GLASS
test,train,glass2796_jpg.rf.920ab778ac61a51b6e98dc89e50912b5.jpg,GLASS
test,train,glass27_jpg.rf.9c83d4748efd4055b92af83e935f897c.jpg,GLASS
test,valid,glass2829_jpg.rf.1107ec2af582a8fd644c8140c3666bd0.jpg,GLASS
test,train,glass2870_jpg.rf.b8634c829eb1b1f6b50fedc7a9c56957.jpg,GLASS
test,train,glass2884_jpg.rf.f2b206d21419a773fe6cc8f0ca403c50.jpg,GLASS
test,train,glass2885_jpg.rf.bf50dd93ff8eb38c2126f3e3a25e5460.jpg,GLASS
test,train,glass2889_jpg.rf.3e17826a2ecce4897355ea5704621c27.jpg,GLASS
test,train,glass2895_jpg.rf.c50f231f0c2516b63610b60f8adfb43f.jpg,GLASS
test,train,glass2900_jpg.rf.e6611005b516b8afd1050a824d01b85e.jpg,GLASS
test,valid,glass2904_jpg.rf.20b30f0f66a8e661a34b1fa31890010b.jpg,GLASS
test,train,glass2918_jpg.rf.14901c54b3cc294e213aacb52d535bfc.jpg,GLASS
test,train,glass2923_jpg.rf.64b47b374d6380daa4a275352cc4ba99.jpg,GLASS
test,train,glass2963_jpg.rf.4e75d9b69600b884664da4427cf4026a.jpg,GLASS
test,train,glass2971_jpg.rf.dd473bde76244b27bf8384d69ab95a26.jpg,GLASS
test,train,glass2975_jpg.rf.e8996956801275bf8df2e8c887303a6c.jpg,GLASS
test,train,glass2984_jpg.rf.9ac28cb6a7ac7ff835f8af500df86b62.jpg,GLASS
test,train,glass2990_jpg.rf.b35131f69985308a9b30580f1179c24c.jpg,GLASS
test,valid,glass2992_jpg.rf.af776c9ef54c8ebe4a775d3892aa4806.jpg,GLASS
test,train,glass2993_jpg.rf.04d2da9557cab2dc7679bb1ed4653487.jpg,GLASS
test,train,glass3003_jpg.rf.43b0bc403b389663cdc72c044a14180b.jpg,GLASS
test,train,glass3006_jpg.rf.1531071fecce4643adcd8ad385ef1c74.jpg,GLASS
test,train,glass3029_jpg.rf.f235d146c3f574231c1e06d3390f342f.jpg,GLASS
test,valid,glass3032_jpg.rf.c1c0b3b2b0ff4d623dd756b8a3c87294.jpg,GLASS
test,valid,glass3033_jpg.rf.fc4e72919d8bf5c78c331010bc197fe6.jpg,GLASS
test,train,glass3039_jpg.rf.6ca96426629f72db33db945208766141.jpg,GLASS
test,valid,glass3041_jpg.rf.51ada4ed538e5e1d7d635f880bd55c48.jpg,GLASS
test,train,glass3047_jpg.rf.fd96ebd487462293db02c640c90fa624.jpg,GLASS
test,train,glass3048_jpg.rf.60a6eec741b4f2a6ab37b425afd5056a.jpg,GLASS
test,train,glass3053_jpg.rf.b2856116777fc33861d312ef58ffa9fb.jpg,GLASS
test,train,glass3063_jpg.rf.c50969c043d64748df903b670562e247.jpg,GLASS
test,train,glass3067_jpg.rf.6ec6cbee547f34422aeeb49b9a5debcf.jpg,GLASS
test,train,glass3070_jpg.rf.ccbd7fe81cc3cfd0a5787c0fc79519c3.jpg,GLASS
test,valid,glass3073_jpg.rf.44f6aad8febc86dee9568684a66ff24a.jpg,GLASS
test,train,glass3098_jpg.rf.9a47d29f6a201b952aff80b221dfd246.jpg,GLASS
test,train,glass3108_jpg.rf.423552f2adf3cf0b4216e056a2ea2042.jpg,GLASS
test,train,glass3126_jpg.rf.b6ffce420a9a1a2a52451a7d1f258a82.jpg,GLASS
test,train,glass3128_jpg.rf.56aed6487f89580d1fc3c983dab09e2a.jpg,GLASS
test,train,glass328_jpg.rf.100cd1c36ad26f1c8f2b7f83c87b16bf.jpg,GLASS
test,train,glass335_jpg.rf.d8e64334af21ab7f2273b31dc3390610.jpg,GLASS
test,train,glass354_jpg.rf.e24694449bcd4b23bad66d31b59cf097.jpg,GLASS
test,train,glass363_jpg.rf.4be4c59c2e40631ecec13963a6bf413f.jpg,GLASS
test,train,glass385_jpg.rf.b16c90496d7c961be7597a6258e0daa8.jpg,GLASS
test,train,glass391_jpg.rf.c646215311a411dda34230356bb5f5cb.jpg,GLASS
test,train,glass415_jpg.rf.958259116371d03d85eb80e228f2a9f0.jpg,GLASS
test,valid,glass430_jpg.rf.8898fabe39519c3efd39a4384a112b32.jpg,GLASS
test,valid,glass454_jpg.rf.f3360cd0257c48c6b5ab871c0bdc0ac5.jpg,GLASS
test,train,glass464_jpg.rf.11b1e60de2086cd22835d33a7e8e4fb1.jpg,GLASS
test,valid,glass46_jpg.rf.6305abb0bb24805ba685ce4280872a9a.jpg,GLASS
test,train,glass474_jpg.rf.9af8cb602ba0b695ff873086ae920cd5.jpg,GLASS
test,valid,glass484_jpg.rf.7fc08bb9b05b8fac82e57a565e5cd9cc.jpg,GLASS
test,valid,glass497_jpg.rf.3ed4ef9963cfb6161a41c5f79e54aaa8.jpg,GLASS
test,valid,glass509_jpg.rf.8a3f2dcddc54b344d30faa85ad13a672.jpg,GLASS
test,train,glass531_jpg.rf.5dd8abfe2f462eae0597630981a0839b.jpg,GLASS
test,train,glass542_jpg.rf.09e31982ccdab810c1db641dacab3536.jpg,GLASS
test,train,glass574_jpg.rf.260d25e86e8f426ef25c1b7b23725809.jpg,GLASS
test,train,glass597_jpg.rf.9b028566fd6db892a359fd9a751aee4b.jpg,GLASS
test,train,glass602_jpg.rf.02c0d9f310ee5943e050866d62397fbd.jpg,GLASS
test,train,glass607_jpg.rf.23429dc7ad1747d5f03676a1374251d3.jpg,GLASS
test,train,glass625_jpg.rf.a283df6d6d80af76eff68510351b08ba.jpg,GLASS
test,train,glass636_jpg.rf.8072943131876879d940c1b7bc465a04.jpg,GLASS
test,train,glass661_jpg.rf.ea82e18f65054e899add406f98b3141a.jpg,GLASS
test,train,glass674_jpg.rf.9e4780d9ee8158f63e606c744332a9f4.jpg,GLASS
test,train,glass712_jpg.rf.d868d1c518e9886e733565bf585e3a64.jpg,GLASS
test,train,glass718_jpg.rf.44d309a1153b2205eaa160abf603f20c.jpg,GLASS
test,train,glass732_jpg.rf.389aae221e7a0bdb7ef934b33ba4c719.jpg,GLASS
test,train,glass738_jpg.rf.c7e7ee1bc9d9cfbec7a68eb202fde83e.jpg,GLASS
test,train,glass746_jpg.rf.e01d92ad36a59698968932d99184eae0.jpg,GLASS
test,train,glass765_jpg.rf.864d26567f5e63f56e9c8450427580ce.jpg,GLASS
test,valid,glass766_jpg.rf.135a85604e38d7d3f3030203d656b6ea.jpg,GLASS
test,train,glass769_jpg.rf.e300ab4ecce379113058f1bc5c054a0b.jpg,GLASS
test,train,glass774_jpg.rf.c8d4347734c2e4b980e6e885cf522d7c.jpg,GLASS
test,train,glass780_jpg.rf.f5d8fa6eb0d6a6bce1a3d4ee06c0ba4e.jpg,GLASS
test,train,glass782_jpg.rf.bc80d3f2acb34d22262cff9510320bd8.jpg,GLASS
test,train,glass789_jpg.rf.12e510ad693af938c989e375f722579a.jpg,GLASS
test,train,glass793_jpg.rf.85349191ea1132f236ef5c44ee79443d.jpg,GLASS
test,train,glass815_jpg.rf.962c2fc90d863cdf182f54581dd4e05d.jpg,GLASS
test,train,glass825_jpg.rf.3a26bdc2f1e9bf01659a505fd48543e2.jpg,GLASS
test,train,glass844_jpg.rf.5b1df8101ff912e18579eb3028f433d7.jpg,GLASS
test,valid,glass860_jpg.rf.9b1d3e7ac354cbf034ecba5bde9534a0.jpg,GLASS
test,train,glass863_jpg.rf.a4e35435521642530106c8289bd6671b.jpg,GLASS
test,train,glass865_jpg.rf.e2881c5a9d0136224d68eaf7976d4be6.jpg,GLASS
test,train,glass866_jpg.rf.5dc8ae27eafd2e1fe321c14d1296d3e2.jpg,GLASS
test,train,glass879_jpg.rf.9ad029c11b29d56b806c5d22e668b2e9.jpg,GLASS
test,train,glass883_jpg.rf.05a726d5d60b1873fd2105994e05068f.jpg,GLASS
test,train,glass909_jpg.rf.6c4461c1fa7446c6d90bde3d84464b07.jpg,GLASS
test,train,glass910_jpg.rf.f347e54be870493ff1eebfce0e6c0cbc.jpg,GLASS
test,train,glass923_jpg.rf.2c65d6b0331334b64843706dde5fedfa.jpg,GLASS
test,valid,glass930_jpg.rf.f42a72804e49796a603dc808b6eaea64.jpg,GLASS
test,valid,glass944_jpg.rf.fd1174ef0ad90dd2e708a83883fc4380.jpg,GLASS
test,train,glass948_jpg.rf.3668612d144987e5115bd3a321b7de2d.jpg,GLASS
test,train,glass962_jpg.rf.4632ce00477390eab2c900a660c2afac.jpg,GLASS
test,train,glass969_jpg.rf.d40b9ee13dd1f04a4679f9f6279903b0.jpg,GLASS
test,train,glass96_jpg.rf.99d1266b09139ad40fdde7e3f575ed19.jpg,GLASS
test,train,glass985_jpg.rf.4ee711a0519e412a8899dd48d34f68a7.jpg,GLASS
test,train,metal1012_jpg.rf.06ae8fcb77751573345f5345d6c3e59a.jpg,METAL
test,train,metal1020_jpg.rf.b39a27c5c17e4f7285dad8fe4871094e.jpg,METAL
test,test,metal1028_jpg.rf.bcd1921de5b9a4df22bbcce4e32344b6.jpg,METAL
test,train,metal1062_jpg.rf.9dff198e8e840adcf0a1f0ae512d659a.jpg,METAL
test,train,metal1064_jpg.rf.2a383c45de34ffc86f3299be03249ef6.jpg,METAL
test,train,metal1070_jpeg.rf.6acc8b519215355dccc4d7ac5acdc319.jpg,METAL
test,train,metal1081_jpeg.rf.32037c63441bc6e4bc730bc25e2653a4.jpg,METAL
test,test,metal1083_jpg.rf.b3f36f295afad90d2e507a2f3e1af39e.jpg,METAL
test,train,metal1092_jpeg.rf.44a73367c66bc7758aa496450dbdd0dd.jpg,METAL
test,train,metal1094_jpg.rf.1a6fd584a31b696d35b22eec6219d214.jpg,METAL
test,test,metal109_jpg.rf.f8784bd5ecf753527793e03cb946d58f.jpg,METAL
test,train,metal110_jpg.rf.93bcc568d9daf5e817e38001f4648b60.jpg,METAL
test,train,metal1111_jpg.rf.1c16c63cb2e72456ddb42d5d5fb4f559.jpg,METAL
test,test,metal1112_jpg.rf.dca1ef6f02aa96b86cb93ad7c397ba89.jpg,METAL
test,train,metal1121_jpg.rf.a2f0ddfd3a5dfe8c9598a0aef4dcd2ef.jpg,METAL
test,train,metal1125_jpeg.rf.bb7c9293e022f5e659fbe3c1a0adde1b.jpg,METAL
test,test,metal1127_jpg.rf.e64701711ecc551b2493bb10dc5348ff.jpg,METAL
test,train,metal1128_jpg.rf.bf6e352211dfb86bccbf551974a11543.jpg,METAL
test,train,metal1130_jpg.rf.82d702cb70a309bf14f5bb68dc1752b0.jpg,METAL
test,train,metal1131_jpg.rf.e34af53977f817d8c9ff30f8fc0405ea.jpg,METAL
test,train,metal1134_jpg.rf.dd7c0fdeee2ba48d96bb2d2509e40cc3.jpg,METAL
test,train,metal1143_jpg.rf.4891e98998be7e341b91d8fb6322a25d.jpg,METAL
test,train,metal1145_jpg.rf.2ed16b3c725958e17626cbb8979a5521.jpg,METAL
test,train,metal1146_jpg.rf.157f4053bf65cfd468ebc33d69687e11.jpg,METAL
test,test,metal1153_jpg.rf.34e74d9d7c3273b419c871ae1fd338aa.jpg,METAL
test,train,metal1170_jpeg.rf.73731f2ab325d1f28b416599efd0f276.jpg,METAL
test,test,metal1184_jpg.rf.47caadf533bac29c860ae5295f36cec1.jpg,METAL
test,test,metal1188_jpg.rf.2f360831dd6f11a7170c000002f5d818.jpg,METAL
test,train,metal1193_jpg.rf.6c1e5c202e6656bb7ea43e9cfd125826.jpg,METAL
test,train,metal1208_jpg.rf.cd72ce4c16e9ede0eb3f086187f6f328.jpg,METAL
test,train,metal1218_jpg.rf.c68be92cf2f1f1c563eda3261c38eb94.jpg,METAL
test,train,metal1222_jpg.rf.7ff5e7476aaabdb85f0260ff5ae96bac.jpg,METAL
test,train,metal1241_jpg.rf.f7c8cd9f51a813be3861ed6aae4405bf.jpg,METAL
test,test,metal1250_jpg.rf.b4d7a56410e637dedc32eccfcd6cad91.jpg,METAL
test,test,metal129_jpg.rf.4981c824d2da10ecb274e009233c7729.jpg,METAL
test,test,metal138_jpg.rf.fb69100b4571a0938bf2e12caeb84956.jpg,METAL
test,train,metal140_jpg.rf.9ff4a35bbbfd335c16ffe53fc39036d0.jpg,METAL
test,train,metal141_jpg.rf.f763959d8f92bc8a07a2868ce4160d9a.jpg,METAL
test,train,metal156_jpg.rf.65dd2a939c409f930f78d4ead77e29da.jpg,METAL
test,train,metal172_jpg.rf.2910cc0d4975a90fdbb6ddd061b251e1.jpg,METAL
test,train,metal188_jpg.rf.be828c7b32ab595f1f86c9df71cdb93d.jpg,METAL
test,train,metal189_jpg.rf.c087f210c0b5f77f838bec3084a4dd84.jpg,METAL
test,train,metal196_jpg.rf.1a30f6f6251bb5a82cd34efcc1eaa81e.jpg,METAL
test,train,metal199_jpg.rf.5c27d11840fe44ffd2ab5ec40f2478e8.jpg,METAL
test,train,metal219_jpg.rf.e9aeb5458bbd288ab0be3791a35125f9.jpg,METAL
test,test,metal220_jpg.rf.5cfa05f50f97eed3ff82dcf5386b0f7b.jpg,METAL
test,train,metal225_jpg.rf.110a4a3c865d327ca6185b42101877fe.jpg,METAL
test,train,metal22_jpg.rf.84d3b71125fb6b678d366d81db7e8112.jpg,METAL
test,test,metal233_jpg.rf.b5babfbb6ac6b389b8f79b56f8da74d0.jpg,METAL
test,train,metal244_jpg.rf.ce41f6f70b71cea49a391335397150a4.jpg,METAL
test,train,metal24_jpg.rf.6e5f431c4d7db4266c5f6a8de27ceb1a.jpg,METAL
test,test,metal261_jpg.rf.58de6a113e2d8df7e0591e42c35d2e09.jpg,METAL
test,test,metal263_jpg.rf.850497c82ef26600ba795c93e4cded4d.jpg,METAL
test,test,metal264_jpg.rf.14b0685ec6041f48aa15a17622304859.jpg,METAL
test,test,metal267_jpg.rf.73539f4fdc6a507f106d2a32a5b7a257.jpg,METAL
test,train,metal277_jpg.rf.10cc3c7ea065b60e0411dd4ce815fb1c.jpg,METAL
test,train,metal311_jpg.rf.bbf7d457e90a68ec788ec3115848a5d2.jpg,METAL
test,train,metal316_jpg.rf.30c4daf79aef1de5ee0da52b34f58710.jpg,METAL
test,test,metal338_jpg.rf.6c24a403a81736a17c2e55c5d59d46df.jpg,METAL
test,train,metal341_jpg.rf.5abb8151d675b167a58b8d032e114d79.jpg,METAL
test,train,metal35_jpg.rf.030f2e27e34b7ffb9ee3c59e2f8e96e2.jpg,METAL
test,train,metal36_jpg.rf.0926e30fe4a0e5eb121ca3aea0c53a6f.jpg,METAL
test,train,metal379_jpg.rf.267abba03a4c7195a30654859ee96a96.jpg,METAL
test,train,metal383_jpg.rf.dd429689d34de9bdc9af4672094492cc.jpg,METAL
test,train,metal387_jpg.rf.418ae0f7dfa813a16b23098ffe3ee72a.jpg,METAL
test,train,metal434_jpg.rf.a0aec403a956effe461cef126ed8b6a3.jpg,METAL
test,train,metal457_jpg.rf.3884b5bd08f8ab8ca624023136307217.jpg,METAL
test,train,metal460_jpg.rf.8a923557615cf264bdf65e43af65e7b8.jpg,METAL
test,valid,metal473_jpg.rf.4407b2204080da7d29d8ca4ed5cdb11a.jpg,METAL
test,train,metal481_jpeg.rf.af3f31d9220abf0b0fdd79497b8183bb.jpg,METAL
test,train,metal492_jpg.rf.59bc9407bc1379730ff5cc5876a0e6b7.jpg,METAL
test,valid,metal501_jpg.rf.27586f29a5e4e1acff1caa39133a1496.jpg,METAL
test,train,metal502_jpg.rf.4e17c8746bd83859196e4225545bed8f.jpg,METAL
test,train,metal510_jpg.rf.e18319b62f7de96a60df125f946a09f3.jpg,METAL
test,train,metal52_jpg.rf.824d559f800c348514a6b7120f5af015.jpg,METAL
test,valid,metal543_jpg.rf.9982a2a145a4a67936644d7982e249e1.jpg,METAL
test,train,metal545_jpg.rf.462ee60baf7ac788e3a7debce871d882.jpg,METAL
test,valid,metal546_jpg.rf.ecf9d43471662e8e23936db469d653a3.jpg,METAL
test,train,metal556_jpg.rf.679e0b61a7387c37bc8b0c544c7c0892.jpg,METAL
test,valid,metal559_jpeg.rf.6cbdfac70bff33836c86cdb8932a08b0.jpg,METAL
test,valid,metal575_jpg.rf.83e4bb32a6afd20d4d6a8378bd7f2419.jpg,METAL
test,train,metal580_jpg.rf.292a93479cc2d471cdb34ade2c6610af.jpg,METAL
test,train,metal604_jpeg.rf.4df5b1529ed9c7f15df0a03b8c3944b0.jpg,METAL
test,valid,metal605_jpg.rf.852ac7e8d0843db9596e17f29034e799.jpg,METAL
test,train,metal62_jpg.rf.07b90a22d44b3f6d83d62613bedc09a5.jpg,METAL
test,train,metal635_jpg.rf.f253f8b82ef6e3b4812631e9be48bbed.jpg,METAL
test,train,metal636_jpg.rf.6d722c24306ee4067ea14181a89b0def.jpg,METAL
test,train,metal643_jpg.rf.b269112362f640da58400309775551e9.jpg,METAL
test,valid,metal662_jpg.rf.d3f506f696775a8706ee0e5965a1f0fc.jpg,METAL
test,train,metal665_jpg.rf.e5d744e4fe469108290688fa4efe7a69.jpg,METAL
test,valid,metal666_jpg.rf.40622cda3366c79e76c105f751eb0ea1.jpg,METAL
test,valid,metal667_jpg.rf.137a3ec6bde137d1b61d5575410d1400.jpg,METAL
test,train,metal685_jpg.rf.3f9fa53b9b1f3f2cf01b9b771b1f6e90.jpg,METAL
test,train,metal687_jpg.rf.fd1b783d9433226643979d7a6311afc0.jpg,METAL
test,valid,metal695_jpg.rf.425d54cec7824e2a69a6292201644ca1.jpg,METAL
test,valid,metal697_jpg.rf.4ecc13ee6d8b101937fd68ec92a25bbf.jpg,METAL
test,train,metal69_jpg.rf.798ed1955a40172a7de41afbdc9d798f.jpg,METAL
test,train,metal710_jpg.rf.335b84caa16acca8a5c5bd089b7bedd5.jpg,METAL
test,train,metal71_jpg.rf.bfd5e1f0cd33c317454463ebe11962ad.jpg,METAL
test,valid,metal724_jpg.rf.9f59deafb4d4829a92220bf209bfbb28.jpg,METAL
test,valid,metal728_jpg.rf.d199ed26dd6803b401a1fa3b550cea64.jpg,METAL
test,train,metal73_jpg.rf.706087b23b0016d79903eaa8ec628f23.jpg,METAL
test,train,metal742_jpg.rf.a0e6cf439ed7f9bae4b7c099dcb2f3dc.jpg,METAL
test,train,metal778_jpg.rf.a33206ff97833b229fc282592a8f8149.jpg,METAL
test,train,metal79_jpg.rf.be74b664e5cc7b3df0f9979a5ec30d6b.jpg,METAL
test,valid,metal812_jpg.rf.016942cfc11df1f5d5c8ee741a47f871.jpg,METAL
test,train,metal822_jpg.rf.5e8ce44e0a19ce14aa7c8820a7396963.jpg,METAL
test,train,metal831_jpg.rf.c8f869ea86bb5c5d273a9749a4e124ab.jpg,METAL
test,train,metal837_jpeg.rf.5b992dd7cb12eb83a2bb949679d05524.jpg,METAL
test,valid,metal843_jpg.rf.d4dae56411958a42c17e0a8a56d8656b.jpg,METAL
test,train,metal844_jpg.rf.d3cc82f665054e06818c3ce90587748d.jpg,METAL
test,train,metal848_jpeg.rf.924de0ba9f5a40aaff3f5bead84a708f.jpg,METAL
test,valid,metal849_jpg.rf.8632ccca839c18ad03038ee2e6c9c39a.jpg,METAL
test,train,metal873_jpg.rf.d8f7e7652a804c392d46ff522394798d.jpg,METAL
test,train,metal885_jpg.rf.1143fc066382b5537a3bae01ca1bd4ac.jpg,METAL
test,valid,metal88_jpg.rf.0f9f121ea6dd4e95692887e5b1410495.jpg,METAL
test,train,metal892_jpeg.rf.17ce8a49d51bf86aa2882f67e332c11e.jpg,METAL
test,train,metal901_jpg.rf.a1723c2230df19335228e8c93e4c1db2.jpg,METAL
test,train,metal903_jpeg.rf.fec53af2e9fb99e2ab7d77587a26c34e.jpg,METAL
test,train,metal957_jpg.rf.87277642bd1bc0d313edc187afda432b.jpg,METAL
test,train,metal959_jpeg.rf.4bd99b18c02e72c263238f4074a223f7.jpg,METAL
test,valid,metal960_jpg.rf.e0528d33e037ec38675c5b25fb83b48b.jpg,METAL
test,valid,metal986_jpg.rf.7ee1f36b7dfbd77c96a921b2b01c553d.jpg,METAL
test,train,metal98_jpg.rf.aec76b89dbf1a70ab7dcb945ee57ed8a.jpg,METAL
test,train,metal996_jpg.rf.d653a0fe4eeadbd9e53b4d04d2a169ab.jpg,METAL
test,train,paper1001_jpg.rf.a7ad68a593f9545318eaf960612d71b9.jpg,PAPER
test,train,paper1006_jpg.rf.526dffd14d10ac405b92543141ea56b6.jpg,PAPER
test,train,paper100_jpg.rf.265427d2d7cd359a1e8ca2e75c3912b3.jpg,PAPER
test,train,paper1012_jpg.rf.bca5a34d6ebec171c4db6aab0b2e27b5.jpg,PAPER
test,train,paper102_jpeg.rf.6153db3f11b53ce482261798e89ce60b.jpg,PAPER
test,test,paper1030_jpg.rf.61ba649130886c2eb2f520380feca7c4.jpg,PAPER
test,train,paper1054_jpg.rf.9b87973d890526dfda95f25466a44367.jpg,PAPER
test,test,paper1060_jpg.rf.3a08cbbf186526ba42ad55143fa5d3f3.jpg,PAPER
test,test,paper1062_jpg.rf.dbf3ae3ee92a868924409766974fc53c.jpg,PAPER
test,train,paper1067_jpg.rf.19816b399bb12990d73e81ea3e21d47d.jpg,PAPER
test,train,paper1073_jpg.rf.f9dfb1d3e845610311815ac23bf3f44a.jpg,PAPER
test,train,paper1075_jpg.rf.bba8f15bd70ac0aa545cb095535a8aa9.jpg,PAPER
test,train,paper107_jpg.rf.05ead6e0efbf86c55dd2ed086dbe78ee.jpg,PAPER
test,train,paper1099_jpg.rf.fea52df0bc17b2357f9f193a232ee506.jpg,PAPER
test,train,paper1103_jpg.rf.79071b745407cbb4ebf57c8a245d5305.jpg,PAPER
test,train,paper1110_jpg.rf.a78b99a5e21c5f81d6fe68096f15980f.jpg,PAPER
test,train,paper1130_jpg.rf.5b68bee50f54e2f45213ea0ec9dd55a9.jpg,PAPER
test,test,paper1136_jpg.rf.5ab51bb4d42f7b8f10693c8f16e7865f.jpg,PAPER
test,train,paper1137_jpg.rf.d05862c58dff3acd61987ed55e0d1f16.jpg,PAPER
test,train,paper114_jpg.rf.c5721e9e2652e8e5546e979ed456aec3.jpg,PAPER
test,test,paper1155_jpg.rf.c1f668ce68cb302541e2477abb881843.jpg,PAPER
test,test,paper1158_jpg.rf.66f6c64ca56184d756b417dd2efd9604.jpg,PAPER
test,test,paper1166_jpg.rf.14de3c7044af320cbdb7e3deef41c4f8.jpg,PAPER
test,train,paper1181_jpg.rf.b71218f096c96fcc8a44819d16a69da7.jpg,PAPER
test,test,paper1182_jpg.rf.acc66bbcce976468a94c30bbd882fbdd.jpg,PAPER
test,test,paper1199_jpg.rf.779c0ad3ec70189c606d205ca435df6f.jpg,PAPER
test,train,paper1205_jpg.rf.2b59ddfed03f13a6bf94b63681ffb670.jpg,PAPER
test,train,paper1211_jpg.rf.072541ee74d176c1f7d58cc4f1913eea.jpg,PAPER
test,train,paper1216_jpg.rf.023f7c3e9918baf5073869b35891bfbb.jpg,PAPER
test,train,paper1236_jpg.rf.fba8f6233b0113a5fcfaa13dfdd8e707.jpg,PAPER
test,test,paper1237_jpg.rf.8ce961ac8370e446b86afbb0bbaf8b3a.jpg,PAPER
test,train,paper1243_jpg.rf.fc3f821ff83524645198ae2797d80c08.jpg,PAPER
test,test,paper1249_jpg.rf.68933b3d07a368275efc5d985b4da9db.jpg,PAPER
test,test,paper1256_jpg.rf.a8154f48c939f118acc1c172749611a6.jpg,PAPER
test,train,paper126_jpg.rf.228826518743f06a9d426bc03f75a3c5.jpg,PAPER
test,train,paper1277_jpg.rf.b3de26f5c114b6c5605bf0e1e374f6eb.jpg,PAPER
test,train,paper1292_jpg.rf.17158140fed3f940ba4d3f3fda5daa00.jpg,PAPER
test,train,paper1312_jpg.rf.9048661f7fc9234f04ea87539b3eb50f.jpg,PAPER
test,train,paper1316_jpg.rf.4f2dd9407b2f77757076aacbae36ce76.jpg,PAPER
test,train,paper1317_jpg.rf.348515cb234514bf890b1cb8a0e002e1.jpg,PAPER
test,test,paper1324_jpg.rf.1ebc625612c01de5ab56db813d4febe6.jpg,PAPER
test,train,paper1325_jpg.rf.3835520dfc7f1b3cf87aec20df42e8aa.jpg,PAPER
test,train,paper1330_jpg.rf.c46c2297fa90a7a5e743382ad412d616.jpg,PAPER
test,test,paper1342_jpg.rf.ad3ae49f61dce44c77f97329f63644a6.jpg,PAPER
test,train,paper134_jpg.rf.2c515a4a3fff106c659f460d6dd4cc9b.jpg,PAPER
test,train,paper1355_jpg.rf.4ce9dcf147e521dd64f06069bd2cafd2.jpg,PAPER
test,test,paper1360_jpg.rf.3dd58251adce9ffc3c7eab257d13aa53.jpg,PAPER
test,test,paper1371_jpg.rf.269d5a984f34f799c9547db95d4d6a1b.jpg,PAPER
test,test,paper1377_jpg.rf.e144190bf9fc944912f92755c52b064a.jpg,PAPER
test,test,paper1390_jpg.rf.0100e2cfdb93f4f69ad9ab6a698e3d0c.jpg,PAPER
test,train,paper1394_jpg.rf.673ff74efa2d6b016b54343b155888a5.jpg,PAPER
test,train,paper1406_jpg.rf.fe1dd275993783dcaf9cd4441601d2a2.jpg,PAPER
test,test,paper1408_jpg.rf.9b0a2287af91fba29b8631bc5b303f40.jpg,PAPER
test,train,paper1409_jpg.rf.aa7e47dd3afc774d5d8a1b01949d12b2.jpg,PAPER
test,test,paper1427_jpg.rf.24446e52299ef12c951a0b198eeca121.jpg,PAPER
test,train,paper1438_jpg.rf.fe631c52f99d7f28940d24e67ddbb80b.jpg,PAPER
test,train,paper1451_jpeg.rf.b5150574e9404b771bda8cd01ceae186.jpg,PAPER
test,train,paper1452_jpeg.rf.eeaa5079d52b95c692871e19ec2ccd5e.jpg,PAPER
test,train,paper145_jpg.rf.4b3e370963930be83dec3793c702e517.jpg,PAPER
test,test,paper1480_jpeg.rf.e805e95aee2ef201503995ca69800e79.jpg,PAPER
test,train,paper1482_jpeg.rf.54b9eeaed89305a116d6809148e5c179.jpg,PAPER
test,test,paper1501_jpeg.rf.fda412c48eee5b77182836daf37066c7.jpg,PAPER
test,train,paper150_jpg.rf.a1ac1953a5eb0b880cfa518d904a258b.jpg,PAPER
test,train,paper151_jpg.rf.b2d5eb02481972534fd27af8dcd5f790.jpg,PAPER
test,train,paper1537_jpeg.rf.1f4db5f06bb9d7192fb96c776afd4599.jpg,PAPER
test,train,paper1565_jpeg.rf.c01a02bf3a965fa0fb310eec464a21e1.jpg,PAPER
test,train,paper1569_jpeg.rf.09320ab28d28db478fd5501335137129.jpg,PAPER
test,train,paper1603_jpeg.rf.b8b911f8b2984dcba063e55bb5551186.jpg,PAPER
test,test,paper1608_jpg.rf.94afe671c0e7089d1732d8f859686de2.jpg,PAPER
test,test,paper1628_jpeg.rf.330df3eee1c30052999921ba6c3b81e5.jpg,PAPER
test,test,paper1629_jpeg.rf.55eb3e1fd5d55eff702769ca8cf8b90f.jpg,PAPER
test,train,paper1630_jpeg.rf.32fbfca4a5b4f6777b7251b6fe9f2dfc.jpg,PAPER
test,test,paper1634_jpeg.rf.ac54fe6fe371d836acab17fd46e90a49.jpg,PAPER
test,train,paper1664_jpeg.rf.141adb52a7568177f28de95652a4b5f9.jpg,PAPER
test,test,paper1674_jpeg.rf.9d1bb92262df3b2cae5b00482faa41a0.jpg,PAPER
test,train,paper1693_jpeg.rf.564ec129a24b44bf7a4aecac02e21d12.jpg,PAPER
test,test,paper169_jpg.rf.bf6b5886130900f078d6074713dcee33.jpg,PAPER
test,test,paper1714_jpg.rf.e5c537725ffd7a42d29bbb7f9a95f564.jpg,PAPER
test,test,paper1735_jpeg.rf.31c48be8fb1280df503320ed0f1a3fb2.jpg,PAPER
test,test,paper173_jpg.rf.483f8afc044501925a246dda42420f0b.jpg,PAPER
test,train,paper1747_jpeg.rf.35fcac32a37c7c7b674cc42bb3f65e5c.jpg,PAPER
test,train,paper1750_jpeg.rf.72ac80430fe98ed3d35b4722e40f5d54.jpg,PAPER
test,train,paper1751_jpeg.rf.a0e0c701f70e8dc732cec9bbd8328d80.jpg,PAPER
test,train,paper1756_jpeg.rf.fcd9a1016c28c98cb55f3430ca6ee514.jpg,PAPER
test,train,paper1759_jpeg.rf.d058f79a82f13417421ff8c42b9e288b.jpg,PAPER
test,test,paper177_jpg.rf.ebba5d3e34e4c2a48b10b686d7aa784c.jpg,PAPER
test,train,paper178_jpg.rf.d44b619dfbd3dba153c32163722783c8.jpg,PAPER
test,test,paper1820_jpg.rf.c357fe4fcfe185f4f979e0209d542aaa.jpg,PAPER
test,train,paper1822_jpg.rf.4c0206cca898846becf38bac32427544.jpg,PAPER
test,test,paper1847_jpg.rf.a8028504e1f27c35ee68256784df24a2.jpg,PAPER
test,train,paper1875_jpg.rf.3277cd6166f23c6d57fab82df737b618.jpg,PAPER
test,train,paper1894_jpg.rf.c40924cd6dd189c49cb510cd91f440ac.jpg,PAPER
test,train,paper1897_jpg.rf.14380fc99ab005c8097feb4b9051473a.jpg,PAPER
test,test,paper1904_jpg.rf.6ab9a47d26b6c3f02b78345ef6504da3.jpg,PAPER
test,train,paper1907_jpg.rf.d018097e8da8d2d9177d1354137b7955.jpg,PAPER
test,test,paper1908_jpg.rf.04bbd4e052d3e1656a0550fc1e5f645e.jpg,PAPER
test,train,paper1913_jpg.rf.ff5c6363479ea0611ebbf166004b0863.jpg,PAPER
test,test,paper1938_jpg.rf.4dafc6f09d1fb64c90457f8b28d1acb0.jpg,PAPER
test,train,paper1946_jpg.rf.00ecd581694fb0bf25c9964a04de84a1.jpg,PAPER
test,train,paper195_jpg.rf.fb17425100dc04b1e9714fcb16635b9a.jpg,PAPER
test,train,paper1973_jpg.rf.68594f52249bc441352e490ad01f445f.jpg,PAPER
test,train,paper1981_jpg.rf.bed9978467d87f290ce64910d04e3abb.jpg,PAPER
test,train,paper1987_jpg.rf.d34c8d7170ea8ea503fc824c5c2d39b9.jpg,PAPER
test,test,paper2001_jpg.rf.c11bd30955691798b9bbc1c86e1d000c.jpg,PAPER
test,train,paper2044_jpg.rf.eb56fe494cf6fd0eeea8cb558e297c60.jpg,PAPER
test,test,paper2047_jpg.rf.e14156685f098d49eee45a61960b6469.jpg,PAPER
test,train,paper2054_jpg.rf.2e17240620947154b49555bf801c8495.jpg,PAPER
test,train,paper2061_jpg.rf.24e477b44c1cb8b09720cf4c33f8f524.jpg,PAPER
test,train,paper2065_jpg.rf.a228994d9176aad4878c7c07735595cc.jpg,PAPER
test,test,paper2073_jpg.rf.d677339d378467ebf274869d2f7b7b12.jpg,PAPER
test,train,paper2075_jpg.rf.f086c045c836cd282894c0f61cac0575.jpg,PAPER
test,train,paper2082_jpg.rf.a5e2e515496d300b13afe87f4b11bffd.jpg,PAPER
test,train,paper2106_jpg.rf.7821ba21d5e6969dc1d2984ffc9caed9.jpg,PAPER
test,train,paper211_jpg.rf.12fef11692d8070c81da764ebfcc5ba6.jpg,PAPER
test,train,paper2132_jpg.rf.2f175b9f7ee02e9b871ece5cff92129a.jpg,PAPER
test,test,paper2139_jpeg.rf.9e7c1068e4f61b1ba02068cbc4243221.jpg,PAPER
test,train,paper2146_jpg.rf.f9f91aab33584cea503535c42178df92.jpg,PAPER
test,test,paper2148_jpg.rf.b476b69b9881f01076f3e05447c0f757.jpg,PAPER
test,train,paper2155_jpg.rf.d244da6e2b9556fe452de9f7f45121ab.jpg,PAPER
test,train,paper2178_jpg.rf.da728dc78bc3de3144bcf33b97a56487.jpg,PAPER
test,train,paper2181_jpg.rf.6cb01f0e0e158351b1ea07958ad9c167.jpg,PAPER
test,test,paper2184_jpg.rf.7be3c48ddf7efb6c08f2627bfbe9cb69.jpg,PAPER
test,train,paper2217_jpg.rf.752cef9d1b6c825fa6ad8989a1c02f55.jpg,PAPER
test,train,paper2249_jpg.rf.98f977f3be4861a05a5436ea6ece7d1c.jpg,PAPER
test,train,paper2261_jpg.rf.8840bb781ae1595ad8f830d6fae721fa.jpg,PAPER
test,test,paper2285_jpg.rf.d6325da2de7060170ff9eb9bb8c98537.jpg,PAPER
test,test,paper2288_jpg.rf.230c0a86c336eb9778a95fbd51cba03c.jpg,PAPER
test,train,paper2302_jpg.rf.f8ba047be4606db8d7270dc747618f56.jpg,PAPER
test,train,paper2325_jpg.rf.5b57173b05da0d77c7708eda5497d60f.jpg,PAPER
test,train,paper238_jpg.rf.45dcbb9e3be8ef3f734bca27c3ede6ac.jpg,PAPER
test,test,paper27_jpg.rf.bf5fd4382e53354b383a15f68f8541ff.jpg,PAPER
test,train,paper283_jpg.rf.1535e8007443b9b8816cee96e422dbbb.jpg,PAPER
test,train,paper291_jpg.rf.791b61de5d92a1f7abbdb698b6389adc.jpg,PAPER
test,train,paper300_jpeg.rf.4d4426fdc864cf8bad41e64cdda6fff2.jpg,PAPER
test,test,paper305_jpg.rf.fe50060e4ff619ccfca8ece48dd09355.jpg,PAPER
test,train,paper361_jpg.rf.bc1b68d1d8c93a3c1458161048032ef3.jpg,PAPER
test,train,paper409_jpg.rf.52baf46cefd2b9b998a4dfe2c0b399f1.jpg,PAPER
test,test,paper44_jpg.rf.bc1032ba63310bc623768a370780cd8c.jpg,PAPER
test,train,paper491_jpg.rf.3f955d205dba67bb91800620c99a4a8c.jpg,PAPER
test,test,paper496_jpg.rf.0310eb16c833a323f9d6eda2f752411b.jpg,PAPER
test,train,paper49_jpg.rf.4463d82ec66a5782f3d127e92fb40433.jpg,PAPER
test,test,paper547_jpg.rf.a2180320a97ac6e1ec4208a125e09b07.jpg,PAPER
test,test,paper56_jpg.rf.5cdada1ec08dbda453108ab4da50e6f7.jpg,PAPER
test,test,paper603_jpg.rf.c6651fe176b21f946fba381b5415b304.jpg,PAPER
test,train,paper68_jpg.rf.e685c3847509bc35d9519c330b0c0b22.jpg,PAPER
test,train,paper721_jpg.rf.e013d4c4447a4749038ec4a88429e811.jpg,PAPER
test,train,paper727_jpg.rf.6c78cd6eecadfecad4851e06622cce29.jpg,PAPER
test,test,paper758_jpg.rf.915185f6d58b4bc4671bb640657bff46.jpg,PAPER
test,train,paper761_jpg.rf.a7005e0e5b716c8e99986405c3002bb8.jpg,PAPER
test,train,paper786_jpg.rf.4180d252e7d5d8041cde2e262c9db00d.jpg,PAPER
test,test,paper804_jpg.rf.c1cb03e3aa5beaa5e6a0b66cbe7c04c8.jpg,PAPER
test,train,paper819_jpg.rf.6824c2ade51f1ff0fe7ca5b4890bd10d.jpg,PAPER
test,train,paper824_jpg.rf.3eee64187e9dac5ae9ab8b147c1e4e61.jpg,PAPER
test,train,paper826_jpg.rf.3f37d74c61321627efde47beca1e29fc.jpg,PAPER
test,train,paper828_jpg.rf.894312901e15582b66cdc425e869e688.jpg,PAPER
test,test,paper832_jpg.rf.d18185db1663fb4576513d46b991dc90.jpg,PAPER
test,test,paper839_jpg.rf.3e1ec0ff8ce9e6a30ec626fa7fbaa8ac.jpg,PAPER
test,train,paper843_jpg.rf.a3497e12a441affae4b52933872360e9.jpg,PAPER
test,train,paper845_jpg.rf.57d5fa128267a64bf148b26349e8ed56.jpg,PAPER
test,test,paper849_jpg.rf.5b1a4acdd2e9a562fe0b61cd644e9211.jpg,PAPER
test,train,paper855_jpg.rf.7fe32c2c534f01d0943c3d4e1bb8fef4.jpg,PAPER
test,train,paper856_jpg.rf.7fb17330336724cd130f43f94db5b527.jpg,PAPER
test,train,paper878_jpg.rf.7a9d93c85cd3a6e998383af2e8582b7a.jpg,PAPER
test,train,paper882_jpg.rf.059896a5aead28a64b3be46ebf950dc0.jpg,PAPER
test,train,paper924_jpg.rf.e0f4ebafdf6e44000dbe68d5dbc60a2f.jpg,PAPER
test,test,paper936_jpg.rf.bd3ffc68edc9f34d3d9cff6273f074e0.jpg,PAPER
test,train,paper945_jpg.rf.4c17132d65abc4ba57f26eb27636a7fb.jpg,PAPER
test,train,paper952_jpg.rf.435c88d01c6ab970d1d926f27e464a5e.jpg,PAPER
test,test,paper961_jpg.rf.bdd773c997da38c4cb8ae52e848e4859.jpg,PAPER
test,test,paper978_jpg.rf.bfe244c6c9691774d58ca6be0a18fc69.jpg,PAPER
test,test,paper982_jpg.rf.f4edaded08f1061a8db21279d918d668.jpg,PAPER
test,test,paper991_jpg.rf.3cbe06397af5ddb2f429340fedc676e3.jpg,PAPER
test,train,paper998_jpg.rf.605dc3626971590948869e177d57ddc9.jpg,PAPER
test,train,paper999_jpg.rf.240d6383d4f6cc0bb56b171f4277aa64.jpg,PAPER
test,train,plastic100_jpg.rf.d5ead0962c9c16ecf30a43f6ebb7cb60.jpg,PLASTIC
test,test,plastic1017_jpg.rf.b6ce50719f98188dbcc68963ea02cce6.jpg,PLASTIC
test,train,plastic1033_jpg.rf.b9dbeeddcac8552d8ca27af57159d3ef.jpg,PLASTIC
test,test,plastic1035_jpg.rf.a522719a29d43d9b773d6e64e9e58d60.jpg,PLASTIC
test,test,plastic1037_jpg.rf.b9c9d92098e9a2e4cf849e130070bedc.jpg,PLASTIC
test,train,plastic1039_jpg.rf.97e60efe7a95bf7a043a67569aa78013.jpg,PLASTIC
test,train,plastic1054_jpg.rf.cd435ddbb305f102d7c61bf6e5e5e69a.jpg,PLASTIC
test,train,plastic1079_jpg.rf.1f08ed444f8ed186a091ff713867a02a.jpg,PLASTIC
test,train,plastic1084_jpg.rf.e694cd5da96e96503db05423be8960a7.jpg,PLASTIC
test,train,plastic1089_jpg.rf.7a00c8627fdfbededf49a9df8f853cc4.jpg,PLASTIC
test,train,plastic1095_jpg.rf.7ec2a832715b889c5ee358a4397b5158.jpg,PLASTIC
test,train,plastic1097_jpg.rf.8fb75515cdc6a4571ba09f8fa297af9f.jpg,PLASTIC
test,train,plastic1098_jpg.rf.9f243636b56defa3eeba5a44a6b0f816.jpg,PLASTIC
test,train,plastic1099_jpg.rf.bdf3624cc93bd0548e49f43fda410102.jpg,PLASTIC
test,train,plastic1109_jpg.rf.962287a7e6d67c9f6c893f266409e709.jpg,PLASTIC
test,train,plastic1113_jpg.rf.8f684f3293cb747e1d32aebb4ef1a2c0.jpg,PLASTIC
test,train,plastic1118_jpg.rf.8655d777b840cbb5b59f22d5e2e4b2d9.jpg,PLASTIC
test,train,plastic1140_jpg.rf.e47d8bb565be119359b08942e3598af4.jpg,PLASTIC
test,train,plastic1142_jpg.rf.2f77a79452623f27ea108084d117d865.jpg,PLASTIC
test,test,plastic1147_jpg.rf.b31faca8f206919d817078f70c6abf2d.jpg,PLASTIC
test,train,plastic1160_jpg.rf.cfe0d6712224eac0111f96642c812784.jpg,PLASTIC
test,test,plastic124_jpg.rf.ac4e6a3d7d6815c92272f60000ece9bf.jpg,PLASTIC
test,test,plastic140_jpg.rf.a065e1ad09255014369d2d41571c5798.jpg,PLASTIC
test,train,plastic144_jpg.rf.914bcd62c61192c2f376b4860faf3a55.jpg,PLASTIC
test,train,plastic147_jpg.rf.70a53d0d14a5e02fd1a6c554588476bc.jpg,PLASTIC
test,test,plastic167_jpg.rf.8cc4daa3c49622fccea39b166fbb69e7.jpg,PLASTIC
test,train,plastic179_jpg.rf.12e8a7401ef3b1d1169da3dcedf8ca14.jpg,PLASTIC
test,train,plastic183_jpg.rf.5a53d7c18fcaed7235b533a17d8f054e.jpg,PLASTIC
test,train,plastic188_jpg.rf.e57623882383a85a87e8034fc615d80f.jpg,PLASTIC
test,train,plastic190_jpg.rf.e0a779443260c50ceb86f71fd444d12c.jpg,PLASTIC
test,test,plastic193_jpg.rf.c974b31a3ad13a963eb8ceead825fa95.jpg,PLASTIC
test,train,plastic198_jpg.rf.43e780fe08bf4815e919573bfbfaac03.jpg,PLASTIC
test,test,plastic199_jpg.rf.c98379d1796bcb8053586b46b93f3e00.jpg,PLASTIC
test,train,plastic221_jpg.rf.4ea02b916725f1f5548050ab692aae6f.jpg,PLASTIC
test,train,plastic224_jpg.rf.301639e140c7c945fd99d8e7f4a24171.jpg,PLASTIC
test,train,plastic232_jpg.rf.644a9e78e04eb7b4979d549089eacce8.jpg,PLASTIC
test,test,plastic241_jpg.rf.b4d1c2176ce711eabe1ee76559d4ff7a.jpg,PLASTIC
test,test,plastic260_jpg.rf.d5a6b59066e68472e196599469e8ca79.jpg,PLASTIC
test,train,plastic263_jpg.rf.7c4e968560131f5bd44a374449e2866c.jpg,PLASTIC
test,train,plastic27_jpg.rf.80b99d75ef77b8ad495060775463bad7.jpg,PLASTIC
test,train,plastic286_jpg.rf.1f46bb62a1001a9922405f2ad2727f76.jpg,PLASTIC
test,train,plastic294_jpg.rf.b80c2a6efa2aa64a17d05c2eed138d83.jpg,PLASTIC
test,test,plastic29_jpg.rf.adc5f9f51e64a89a4e92f57799a0c250.jpg,PLASTIC
test,test,plastic303_jpg.rf.03ce27310be2a5789f5b7c4b9e98e0de.jpg,PLASTIC
test,train,plastic306_jpg.rf.52061573e69cae1bbe128c7c80f0e734.jpg,PLASTIC
test,test,plastic311_jpg.rf.15c294fc4dcc73c441d91fa8f300ee94.jpg,PLASTIC
test,train,plastic322_jpg.rf.8c934d730638aba060d9226cddaab1dd.jpg,PLASTIC
test,train,plastic323_jpg.rf.6c924b3adb951103cf2ac0f8057522a0.jpg,PLASTIC
test,train,plastic348_jpg.rf.d52247b584094adc4b0976285802db8f.jpg,PLASTIC
test,train,plastic352_jpg.rf.089b2b2fbd354e8b320d16dbe80993fb.jpg,PLASTIC
test,train,plastic356_jpg.rf.34f04a9e4bf7f63516651d3f108d974f.jpg,PLASTIC
test,test,plastic360_jpg.rf.43c6d0ba8924418ef8d260f895dde69e.jpg,PLASTIC
test,test,plastic375_jpg.rf.e1eb628730b5b654baa7f5ee66dc170b.jpg,PLASTIC
test,train,plastic38_jpg.rf.5176e3ac77e7d73c62de562fb61d0d5e.jpg,PLASTIC
test,train,plastic407_jpg.rf.747c6396442471209f28b27e99544212.jpg,PLASTIC
test,test,plastic418_jpg.rf.aba669eaca9dd39a95c99fb95cb3d62a.jpg,PLASTIC
test,test,plastic427_jpg.rf.074770bda98107553cd18c79cc953469.jpg,PLASTIC
test,test,plastic470_jpg.rf.b64a3a2ab42789bae2e4ff7b58c2e69e.jpg,PLASTIC
test,train,plastic493_jpg.rf.83df5396e9fedf6c085ad81d15b17552.jpg,PLASTIC
test,train,plastic507_jpg.rf.ac38cd0a44fccd071b59266830bd413d.jpg,PLASTIC
test,train,plastic515_jpg.rf.dd410d5f2f77dc0dfbe4550a904cf97d.jpg,PLASTIC
test,train,plastic521_jpg.rf.1af3d20c3af1af7a28d6677abba20f50.jpg,PLASTIC
test,train,plastic525_jpg.rf.ec8f69217db445125f72b1b551d64153.jpg,PLASTIC
test,test,plastic533_jpg.rf.d895c9e044467d0ca6496a02a2528ec5.jpg,PLASTIC
test,train,plastic544_jpg.rf.381faec91680e5583724295fb2785320.jpg,PLASTIC
test,test,plastic555_jpg.rf.9b4d994dd2446c6d050b8c009210df93.jpg,PLASTIC
test,train,plastic581_jpg.rf.d50c4d0865e9c91c5506d49d2c6b9970.jpg,PLASTIC
test,test,plastic584_jpg.rf.19bf267d841e0a9c4d33716e1e546806.jpg,PLASTIC
test,test,plastic585_jpg.rf.2df1a0eaab404f18bf68993a561637fb.jpg,PLASTIC
test,train,plastic586_jpg.rf.5e94d38b4a2027bb258d349516d229ad.jpg,PLASTIC
test,train,plastic593_jpg.rf.17d3667f9375d59d5a461a14bb88f887.jpg,PLASTIC
test,train,plastic596_jpg.rf.cc57f380fb4af9ecb9badc53fbeda292.jpg,PLASTIC
test,train,plastic610_jpg.rf.5964e01226649465e639fccd8c3db87e.jpg,PLASTIC
test,train,plastic631_jpg.rf.820d2f97b6b5d729e0628426ecfd0920.jpg,PLASTIC
test,train,plastic651_jpg.rf.e043b5a89d697f0b6a3e760176d759af.jpg,PLASTIC
test,train,plastic656_jpg.rf.55f88d3ccf5775fb4f59f2ac22af642d.jpg,PLASTIC
test,train,plastic659_jpg.rf.8ac669efa7b43a75efeb4a90a846acd4.jpg,PLASTIC
test,test,plastic666_jpg.rf.541119ae38c912492bedcdac172c56af.jpg,PLASTIC
test,train,plastic680_jpg.rf.fce9d06c4c094eba8777a17a1635b837.jpg,PLASTIC
test,train,plastic688_jpg.rf.35e97236ed1c7233adb161467126a2ff.jpg,PLASTIC
test,train,plastic690_jpg.rf.f00048b894061d042210522752f9dd3b.jpg,PLASTIC
test,test,plastic69_jpg.rf.dd76e727a3a0050b9d0da7a856c1db64.jpg,PLASTIC
test,train,plastic723_jpg.rf.a3e61758b5835c915c301214da4274cd.jpg,PLASTIC
test,train,plastic724_jpg.rf.5b465d8c23eb2bbea24667f9e2093621.jpg,PLASTIC
test,train,plastic731_jpg.rf.0944892364ec72286d65188b0fb880de.jpg,PLASTIC
test,train,plastic743_jpg.rf.b48163ceacc97329f4fcb48f0c2823a2.jpg,PLASTIC
test,train,plastic748_jpg.rf.da8d5c07ce2d667c60561de7f720aca5.jpg,PLASTIC
test,train,plastic74_jpg.rf.920d3a53bcbcfcf720578ef683ebd8d3.jpg,PLASTIC
test,train,plastic760_jpg.rf.ec8e35a9e39cd3789d5f348d77582dce.jpg,PLASTIC
test,train,plastic765_jpg.rf.cfae7de1bad1e7250c6f6233768ff72d.jpg,PLASTIC
test,train,plastic778_jpg.rf.ee671cbd127d7f12757ebc308087df75.jpg,PLASTIC
test,test,plastic796_jpg.rf.512dbecb35bb68729c696f8198ca8230.jpg,PLASTIC
test,train,plastic79_jpg.rf.c84f73a76d1a0b778bfe0032bd26b54e.jpg,PLASTIC
test,train,plastic80_jpg.rf.94a8e830c928c032f9aeaa56c11ab0d2.jpg,PLASTIC
test,test,plastic821_jpg.rf.1798c9726689fac6ddf5e6b3f92123fb.jpg,PLASTIC
test,train,plastic82_jpg.rf.cb685d7ff3a84660e579c1f202fcacbf.jpg,PLASTIC
test,train,plastic830_jpg.rf.195c3c0265e662fe474bc419179542f1.jpg,PLASTIC
test,train,plastic837_jpg.rf.f6d5946b3764a6ea15b1a683f5e96ded.jpg,PLASTIC
test,train,plastic844_jpg.rf.1bb351bea1004a4613f8241bb25c5723.jpg,PLASTIC
test,test,plastic852_jpg.rf.777f662a63f74e2a415c74178dc31edd.jpg,PLASTIC
test,test,plastic854_jpg.rf.60d760ecdc750d80c434c68a601d492a.jpg,PLASTIC
test,train,plastic856_jpg.rf.10bd2dd4e3d3307e0b41e51a63ea1c65.jpg,PLASTIC
test,train,plastic857_jpg.rf.17d0b3ae56bee3682c28503a16dbf6ba.jpg,PLASTIC
test,test,plastic871_jpg.rf.d4e3bfc6a4873499fa0269431dfc2b5a.jpg,PLASTIC
test,test,plastic882_jpg.rf.87c168b3c2867944bd6e6542a180463f.jpg,PLASTIC
test,train,plastic886_jpg.rf.c403e8f79580bd882eb58208d93bedb9.jpg,PLASTIC
test,train,plastic899_jpg.rf.9d7feec9191a1fb2c978e15d528840d9.jpg,PLASTIC
test,test,plastic912_jpg.rf.1bc98d1567eefbd9c2079171835c541c.jpg,PLASTIC
test,test,plastic921_jpg.rf.2e47031e435fbba624731db8f47e2592.jpg,PLASTIC
test,train,plastic939_jpg.rf.4746379ad51ac2a7c5ceeeb56eef9074.jpg,PLASTIC
test,train,plastic948_jpg.rf.6a183cb7e4af7fb66e561f0d2d8dd20b.jpg,PLASTIC
test,train,plastic954_jpg.rf.7384573b243dd32072d7d55f1ca8cb5a.jpg,PLASTIC
test,train,plastic955_jpg.rf.0229dacb552835445ad6bfb97d26ab0c.jpg,PLASTIC
test,train,plastic958_jpg.rf.7aca55cf70bcc42ac351f1a82d4ed89d.jpg,PLASTIC
test,train,plastic967_jpg.rf.3cbf25a2a5422a3fff1ceffbbafcae24.jpg,PLASTIC
test,train,plastic978_jpg.rf.f9f8d5a81106241fb9add63b105d68f7.jpg,PLASTIC
